path,category,lines,bytes,sha256,review_level
apps/api/src/agent.ts,api,221,8630,e392c8dd93155321a4a42aa3a716f666f2e76a040702b999d99efb8abc1c9678,inventory only; see report for traced paths
apps/api/src/db.ts,api,53,1613,bbd3563288e26cb6325fd794572f20929b9ed9f9a7cf1a1d4ce19d4186024f5f,inventory only; see report for traced paths
apps/api/src/generated/faultlinelab-source-catalog.ts,api,9,522096,e402795755267b7032fede6a3528ccf9f080dfe0ce5cb42b32ce91d60171c348,inventory only; see report for traced paths
apps/api/src/generated/ninja-launch-kit-source-catalog.ts,api,1004,48041,0663ead898f238ddf2a1540745af8fbfdc37de46301b7a6bde9a562751f5b5a7,inventory only; see report for traced paths
apps/api/src/index.ts,api,1688,69690,7afb740013da69e600b411b03c4fe30e932e0100cbbfd208aee9f74d29086f08,inventory only; see report for traced paths
apps/api/src/lib/ai-provider.ts,api,515,23023,5225229ae2944cbc480617990e7e08ec24af95dfdedfa4ad86d49dd2119c6b45,inventory only; see report for traced paths
apps/api/src/lib/ai-service.ts,api,379,12896,c957e8f87e6b0db8bb0f42ec609ede1f74b5b7fc54bdb1f675cc7ed8c8783812,inventory only; see report for traced paths
apps/api/src/lib/application-stack-billing-db-init.ts,api,255,13011,fa321c92095758eedcc9ceb8746d485708bce58e2eb79b71705c740e4a54a699,inventory only; see report for traced paths
apps/api/src/lib/audit.ts,api,147,5581,bde1dcdd862a0ce0db3960f48f64365a469268abe805ac899d051f42f1f760d0,inventory only; see report for traced paths
apps/api/src/lib/auth-mfa-db-init.ts,api,50,2190,43ce943de37dd9f556ae8817e38f59400c4575db071f4969b9572638ab606fb0,inventory only; see report for traced paths
apps/api/src/lib/auth-mfa.ts,api,292,12338,88966bd192f3c5ec915e5b29ceae3609fde14208a0bbc1e0e66561706db7b620,inventory only; see report for traced paths
apps/api/src/lib/auth.ts,api,387,14872,b6a47b583484e5a4ac910b57031d1f3de113acbd772a1c61e8f2d679bd44c84b,inventory only; see report for traced paths
apps/api/src/lib/billing-service.ts,api,3367,145507,d18d31b4d55e7550b8367910137ef44b52f9a1c8653d70b3ba6535eefa317a59,inventory only; see report for traced paths
apps/api/src/lib/brandforgeos-db-init.ts,api,239,12998,c93157ad9ab22415d009ba04380d5a8ccd614568ad1acdb849f5d3a469517c2e,inventory only; see report for traced paths
apps/api/src/lib/brandforgeos-import.ts,api,115,6144,2e5f81e7ed215cdef8649c38b1b09117b902a41ccc22ca68480a7a6851150eb4,inventory only; see report for traced paths
apps/api/src/lib/brandforgeos-phase31-db-init.ts,api,349,20286,9188c191775aa2085a3dcab4e5603468c0a5cfca30134533fb4d1d82e241cea5,inventory only; see report for traced paths
apps/api/src/lib/brandforgeos-phase31.ts,api,162,9353,771628856d235064f5c11115a93686ffd18796c3c8deb0e11fa688ee6d41a358,inventory only; see report for traced paths
apps/api/src/lib/brandforgeos.ts,api,322,16428,7c570008418242ad75731f7921c2a5b6922f47866989127432cd6c7173c29556,inventory only; see report for traced paths
apps/api/src/lib/business-directory.ts,api,542,40065,014cb21e243c29c64770c13de2ba01360b4eeddd04508f950bce1045db854b64,inventory only; see report for traced paths
apps/api/src/lib/callcommand-automation-policy.ts,api,84,3519,16bc496243d85ca11607717cdd418a0a1af8bae2d3e2da7da3751beb5466799d,inventory only; see report for traced paths
apps/api/src/lib/callcommand-capacity.ts,api,551,28762,82cf94b2974f30acb2929744b8dbc75e9eaedef6f2a329492c8167cae1f129cd,inventory only; see report for traced paths
apps/api/src/lib/callcommand-commercial-db-init.ts,api,531,35454,84df6f0b0547d6938e34498b6f070b9f478cda0fce100e582b0d745931f05a96,inventory only; see report for traced paths
apps/api/src/lib/callcommand-db-init.ts,api,215,11764,eb28350752f8ad4faf04f19900d11c55efbb029d64d270d61127636195b9b675,inventory only; see report for traced paths
apps/api/src/lib/callcommand-import.ts,api,58,3034,f09224d252f1421e97380c9434614d7706f6cd799e3e664dc83408ce0accefa4,inventory only; see report for traced paths
apps/api/src/lib/callcommand-lane-billing.ts,api,610,25128,1ecc96b747bbb329561ef2c317a931c681e2661f7d9ab89de6f2ad947ec03b27,inventory only; see report for traced paths
apps/api/src/lib/callcommand-managed-number-db-init.ts,api,315,18088,c40035f80a7299245974a4a6a95c99a83f6dbf5b0eaf11dc2698c0ac7c089bd5,inventory only; see report for traced paths
apps/api/src/lib/callcommand-managed-number.ts,api,193,7669,cd0c5ef2dab4bc9724fcb2058db107b98f2fd2e46ba410e022507148538b08b3,inventory only; see report for traced paths
apps/api/src/lib/callcommand-msp-db-init.ts,api,661,44859,c7dc2048c9b410ab79c76014a2b76f6ccc216f809aef51595261e40d13d3b3ef,inventory only; see report for traced paths
apps/api/src/lib/callcommand-msp-service.ts,api,262,13518,2822f4c1d15b6af316453a8789716051c29eb09478a2e52e44c45697f10599b1,inventory only; see report for traced paths
apps/api/src/lib/callcommand-msp.ts,api,428,21594,25e929190833fe52dfb725727959299f7e88c17f3402bd02d123acb171ccb66e,inventory only; see report for traced paths
apps/api/src/lib/callcommand-number-billing.ts,api,577,33202,df728af55fae2c0f7fa0454162f6cf8c625efe141e64e1abd172b5fabb4c8ab3,inventory only; see report for traced paths
apps/api/src/lib/callcommand-number-provider.ts,api,992,48480,e38ab875d6c36ebc3ab7c41941b6701cbfb72ae9da019f7ae2d15eb7365b9724,inventory only; see report for traced paths
apps/api/src/lib/callcommand-phase35-db-init.ts,api,289,20148,3ed27ca438190854cc8875ea6ce95770e64235ab1a5e4051b16f1509b6e533fb,inventory only; see report for traced paths
apps/api/src/lib/callcommand-phase35.ts,api,427,27120,ba7ca6f2b36215adceafab2a6bafca29631d3ad575ad2547fd32b6b96238d231,inventory only; see report for traced paths
apps/api/src/lib/callcommand-realtime-session-registry.ts,api,36,1260,9be3ec7924f9ae7080d8d5197ff189a736d2fb5c08d1288e0bc86d6512a559ad,inventory only; see report for traced paths
apps/api/src/lib/callcommand-realtime.ts,api,914,38697,ec3512065e6cb6621ac4bbf2ab484c5eb68e4141e167bea4acc4453768cefb88,inventory only; see report for traced paths
apps/api/src/lib/callcommand-setup-db-init.ts,api,35,2205,dc391d3c0636384b95790297034b765ccc9d43aee0cdf71d1751eead1810d660,inventory only; see report for traced paths
apps/api/src/lib/callcommand-tenant-telephony.ts,api,98,3827,25b85926af1ea2fb51756caa86082a8e83888b8ab8e4a38d2d21d95516816808,inventory only; see report for traced paths
apps/api/src/lib/callcommand.ts,api,191,7319,afe2dedc77df66a3291d8202d8c673a80c1fff3aa91d7dc689abb85062e977fe,inventory only; see report for traced paths
apps/api/src/lib/core-suite-trial-db-init.ts,api,88,4201,fcb661e3b9b7a61a79be11e0e92a387d2cbd912cd7b0781cf1b85e18671f4503,inventory only; see report for traced paths
apps/api/src/lib/core-suite-trial.ts,api,296,11318,edd812dbfc5f8daf24a4f409045f49709c3d0a1242b014361ea1dc10d50f6f5a,inventory only; see report for traced paths
apps/api/src/lib/cross-module-data-fabric-db-init.ts,api,334,21608,7b95e48fd030568286e2d5523e7a2c9bb4dcd01317dea9f1aea9861a4166efa7,inventory only; see report for traced paths
apps/api/src/lib/cross-module-data-fabric.ts,api,1429,79080,3fdaec822cf715f3e460b3473d3b0ebc2693abd23f23f9aac053046e45af9d4a,inventory only; see report for traced paths
apps/api/src/lib/cross-module-workflow-adapters.ts,api,1153,69672,35a1d09874e9bd25bb55ee9ad6153518021bdf8606dc85d685760fa281619b16,inventory only; see report for traced paths
apps/api/src/lib/database-release-contract.ts,api,71,3460,fae732441afc377e893abaae76dfb18c0b4d82fbaa498533230851623b5db771,inventory only; see report for traced paths
apps/api/src/lib/database-release-lock.ts,api,42,1598,b3bb6ea3d1c1fa69d38149ee9911f3affd1039a4363e02e6be714a571c553bfb,inventory only; see report for traced paths
apps/api/src/lib/database-release.ts,api,714,45162,742605d60dbdfea79a6e751969f8a62a81e0f3d04ceec05c0b1e146f8f585b7f,inventory only; see report for traced paths
apps/api/src/lib/db-init.ts,api,180,7166,b55c59d9e57704f63a0b4c13f4e6de31bbe070bd2c55f5ef103a2ddaf39ce599,inventory only; see report for traced paths
apps/api/src/lib/directory-db-init.ts,api,137,13758,5ccb9b5104fb5fa308df76b81075a0bdbb40cded4c48cd51505afd50b689b9ef,inventory only; see report for traced paths
apps/api/src/lib/email-service.ts,api,269,9873,926cca8bd66453cc6a4e3373c261691fd7f6ff576be6cc9622b35fa7d5e1e08a,inventory only; see report for traced paths
apps/api/src/lib/email-verification.ts,api,109,4339,5dd1af4472019ab938b63b2859683c70643754100340c35250fa1227c25ab201,inventory only; see report for traced paths
apps/api/src/lib/entitlement-adapters.ts,api,313,11736,70e0ff91adf15dcaca293f84dc249d33766bf349cd9359a64db62a0f4cefc838,inventory only; see report for traced paths
apps/api/src/lib/entitlement-propagation.ts,api,444,17351,765b00c464d248c28e57ac18c0ee7d87ea4d37b4e93217f36624578a5cfa3f6e,inventory only; see report for traced paths
apps/api/src/lib/entitlement-resolver.ts,api,252,10297,c4971a9b9732704309dc9a402150ed580bd17cf89eaea8ce0299bc7e7a47696c,inventory only; see report for traced paths
apps/api/src/lib/entitlement-service.ts,api,594,24273,f95c967c514ca3978504c13c3d8b379ffdbb0ae03eaaec76c48940145b366981,inventory only; see report for traced paths
apps/api/src/lib/exec.ts,api,50,1268,7da91b46d2e6e573ae293c92f5ff6f6ffbfe607f2b9d5b048ae755f8dbd0f954,inventory only; see report for traced paths
apps/api/src/lib/faultlinelab-db-init.ts,api,274,17270,af0adb21da4a86f18e28273b5d817ea00f07ff6b90ffac1886a89bf7eca0019b,inventory only; see report for traced paths
apps/api/src/lib/faultlinelab-domain.ts,api,747,26565,6d88bbb49eb41ba71fdb7f4d84f0793617e30920b4ea3e070653c0b4174c4b6e,inventory only; see report for traced paths
apps/api/src/lib/faultlinelab-import.ts,api,101,3691,89f9699e2d3bb46eea5b2ad9bbe991a9c6bdb2e2a708ccec7a5a1295094aa0ea,inventory only; see report for traced paths
apps/api/src/lib/faultlinelab-service.ts,api,295,11759,f7effb17ed65cc55ef9020190aa6014f7f673e2f3ed67665afc6bbf1a6ff6ad3,inventory only; see report for traced paths
apps/api/src/lib/faultlinelab-starter-content.ts,api,71,2685,4034754b6a4b422639f16fb64ecb2a82e758fc057a928267744baeb8a64327cf,inventory only; see report for traced paths
apps/api/src/lib/free-account-apps.ts,api,73,2381,3d8e172d388b5f1c7ed1aa9235f5be13b38b72c6c230a00917468e40e91d215b,inventory only; see report for traced paths
apps/api/src/lib/identity-onboarding-db-init.ts,api,57,2040,f0ad6e5abc9cce136bcf8e93509286895e7df1dd1d3a8da5a2e05740300e165c,inventory only; see report for traced paths
apps/api/src/lib/launch-fix-init.ts,api,380,15743,9e252b56a94bc4b58ba43e1f4846a6cfbb9dd17c52c4eb6d1942f60415ac7013,inventory only; see report for traced paths
apps/api/src/lib/migration-program.ts,api,301,21207,e2c8142c3a2fc5298e0b9e51e7e376b93f28939cdfbb3ecb02545e974f0dead9,inventory only; see report for traced paths
apps/api/src/lib/ninja-launch-kit-access.ts,api,69,3494,7a5d48033aa4b0078f4b627eb136985a49d86d03af3b836551dd423121fe9152,inventory only; see report for traced paths
apps/api/src/lib/ninja-launch-kit-db-init.ts,api,217,11549,28c873bc3766b0f5073f5eb943611d307c580afa8e75c397c8d518158e67b84c,inventory only; see report for traced paths
apps/api/src/lib/ninja-launch-kit-import.ts,api,52,2424,f824165d94af4586bb88e7f146cd873665e9693c52819273df0de2c68209ab8e,inventory only; see report for traced paths
apps/api/src/lib/ninja-launch-kit-phase34-db-init.ts,api,124,6887,bc9c8b2eac9459ad0b944cb20f7158c32be22a91efca59a798a0a40bb0ed48fe,inventory only; see report for traced paths
apps/api/src/lib/ninja-launch-kit-phase34.ts,api,291,14515,9160b28103e192c16345bc894c74fdd1fa7ad38d4119b77f09806b6bbfaa4eb8,inventory only; see report for traced paths
apps/api/src/lib/ninja-launch-kit.ts,api,353,15210,b7cc9b1f885f16afc355f076c0fe17f1b3dc4b39b671ab2fb5150daa7f61101c,inventory only; see report for traced paths
apps/api/src/lib/ninja-pool-game.ts,api,115,3487,3a13732397d9a6fe33cc71b13d467753b4ff7e123c551510ad32afbd4e6607d1,inventory only; see report for traced paths
apps/api/src/lib/ninja-pool-hall-db-init.ts,api,93,5406,dcef15ec17758d3ae393dc40daa475fa2be315346be66f4dfc14a77c36deeec1,inventory only; see report for traced paths
apps/api/src/lib/ninja-pool-hall-import.ts,api,99,4969,8da1e60410ca03896f99485faacd66a2350db3af6f7c2b794c82d68907f483cc,inventory only; see report for traced paths
apps/api/src/lib/ninja-pool-match.ts,api,265,9586,485be66a5df3155932920eaa783eb4cd82a4b83632d64ac8741b9fb0ad18371b,inventory only; see report for traced paths
apps/api/src/lib/ninja-pool-online-db-init.ts,api,96,5306,e18a7a90f99e925d8a09608332a2df9ef4706298b3322083963e810a8158bbb3,inventory only; see report for traced paths
apps/api/src/lib/ninja-pool-online.ts,api,290,12512,b61d62e5510861ed8b0ade6a6de686b608a6acc4b906d29a7be4b85abd74219e,inventory only; see report for traced paths
apps/api/src/lib/ninja-pool-physics.ts,api,1103,41997,251ed350ad912adbe25a20be4f4a40e7073b4f3c507e0ba0fb2e24bdc3faa4c8,inventory only; see report for traced paths
apps/api/src/lib/ninja-pool-practice.ts,api,215,7075,81f7a77a882c0911cd31df95d252069c44b98203543e1558dd181d86f869956a,inventory only; see report for traced paths
apps/api/src/lib/ninja-pool-rules.ts,api,483,15952,d4540f4d31b8f63fa5f982cd276a8da7045ec948fa3e7f7fa3427e8f5eda8e65,inventory only; see report for traced paths
apps/api/src/lib/ninjamation-access.ts,api,108,4582,30aad8eed2f7e3b6d635663c524f72945c2fcf7736684dc0e79eeef7218ef668,inventory only; see report for traced paths
apps/api/src/lib/ninjamation-db-init.ts,api,131,7321,69044f5ba52611f9b22fc23e33e8c940586e97aba99f9830b03a9ec5dd3e187b,inventory only; see report for traced paths
apps/api/src/lib/ninjamation-import.ts,api,80,3425,df30200610774a9e9f5c918beabfccbff551399763de3c61a4162205f0bbbb80,inventory only; see report for traced paths
apps/api/src/lib/ninjamation-phase36-db-init.ts,api,181,10230,6ab411cb199bd05217d27cac1e113cad6f5f10086138da3156122d8cfb7b0164,inventory only; see report for traced paths
apps/api/src/lib/ninjamation-phase36.ts,api,324,14719,f1a1e10761493a6c17090b3214fa8d76d8f6829b1d319a990e4d9dbf5786f821,inventory only; see report for traced paths
apps/api/src/lib/ninjamation-sync.ts,api,216,11997,1e44a5c5fe65ad746c00d2286278eb5331159056c112e69f37bb948746ed6dcb,inventory only; see report for traced paths
apps/api/src/lib/ninjamation.ts,api,320,10491,80921ffd507713f6907b96c625cd95ed4a1f424c18321c86d797c582f61b307f,inventory only; see report for traced paths
apps/api/src/lib/operatoros-messaging-compliance-db-init.ts,api,88,4524,f8a14ce0feb8dc4e404f4c6ee2065c58fb5ec4687c7854dba8a8dcd004f96f9f,inventory only; see report for traced paths
apps/api/src/lib/operatoros-messaging-compliance.ts,api,254,13265,8e05f33f467fbb4093c9fb8116ab14eb1c7aef38dd3ac0326df7740cb8b07d16,inventory only; see report for traced paths
apps/api/src/lib/operatoros-token-billing.ts,api,1027,44023,b1db41aa6764d9934e24e4fb9282f1c4b9a9f45b43a3d678caafdf78813a9fa0,inventory only; see report for traced paths
apps/api/src/lib/operatoros-token-reconciliation.ts,api,320,14561,e35cdcd8f780783a43ba70b07232e71b8f4300c74d711b1018e707d652dfeb4d,inventory only; see report for traced paths
apps/api/src/lib/outcall-db-init.ts,api,166,7692,3b3700e84e67c09d2241058311086e9f011893f5edd7b7466bab39b9300a3c82,inventory only; see report for traced paths
apps/api/src/lib/outcall-import.ts,api,52,1879,f20c6d5d5f772daa04d6bcc0cdd111aed7b11df51a116ce91e038836c2df94b8,inventory only; see report for traced paths
apps/api/src/lib/outcall-provider.ts,api,278,10041,86ff5bbc7fd793495b2813b8b47bfbd1d92e0fb5f800a059b4880751afcd75c2,inventory only; see report for traced paths
apps/api/src/lib/outcall.ts,api,148,6309,975df74077da54d4060f0d896ade1626443339771100f1ecec054e471c8d71a8,inventory only; see report for traced paths
apps/api/src/lib/plans.ts,api,374,14907,d55b5a79240cac269b4f4fb5e54c004bf533e26e768a9147f1ca11c6a52120db,inventory only; see report for traced paths
apps/api/src/lib/product-entitlements.ts,api,388,15565,ffc995c12a26e0730be72d553e0810ae61c6dba8324a72b8558b2d2bda35e4d5,inventory only; see report for traced paths
apps/api/src/lib/proxy-trust.ts,api,19,683,54da7faeb18a7406c9c52f6323ab84d038c030e161b50fed8c8671ff2f8c883c,inventory only; see report for traced paths
apps/api/src/lib/public-auth-host.ts,api,77,2728,f1d389f4db45285e1c1ec71c4abf71ca0250d1059b150b72d0dc3c8c4dcf7e54,inventory only; see report for traced paths
apps/api/src/lib/public-url.ts,api,74,2936,8edc255e856ad2ec94ab6ce6e0ed46756848504eb205197057c9ca32f3a08eae,inventory only; see report for traced paths
apps/api/src/lib/pulsedesk-db-init.ts,api,375,33486,5d3c0e6d294dcc674241178d01a68b26b1c232d43043e04402194bddf0481106,inventory only; see report for traced paths
apps/api/src/lib/pulsedesk-import.ts,api,171,10503,2cc79be557eb124c3e323a83ecbeb777db3c64c3bbc1ace0e0e52708b5877587,inventory only; see report for traced paths
apps/api/src/lib/pulsedesk-literal-db-init.ts,api,97,5955,e6cab4b9fae37f12dd7f6152e383d50cb4f7d01fe6a4f4ef0415e0fb2450ed38,inventory only; see report for traced paths
apps/api/src/lib/pulsedesk-requests.ts,api,664,23216,8668732781a7867ae73329d806e8aa71bc31fcddf104aaeb562bac82293eafbd,inventory only; see report for traced paths
apps/api/src/lib/pulsedesk-service-desk.ts,api,256,11312,bb972901a1813b24e434c1de6289b65e4b5c8450c6ee5e27140ad7a13956fce7,inventory only; see report for traced paths
apps/api/src/lib/rate-limiter.ts,api,51,1524,33488b7cb5254d6c958137ccb46e3a53b628817111a164acad461d9e4e03e4d2,inventory only; see report for traced paths
apps/api/src/lib/rbac.ts,api,29,945,1a5011631c8390953d7c665f6724cf4d96cb2e833e31110e337024952de95a98,inventory only; see report for traced paths
apps/api/src/lib/release-metadata.ts,api,111,3432,4f1fc3cec91bc4e472557a5c755d022410c3b5b78924565c161179696e7a8e64,inventory only; see report for traced paths
apps/api/src/lib/repository-root.ts,api,27,853,e6bb5f6175ff1e4fe66ce7ae0ee5f8cd3853425cba963d9cb3b934654fda83d7,inventory only; see report for traced paths
apps/api/src/lib/request-origin.ts,api,52,1944,c3043e5016f85d658e66e07557e415a7973958a5322feebba90abdaad0134f96,inventory only; see report for traced paths
apps/api/src/lib/role-aliases.ts,api,153,6692,8f3458e3203928c9e9e9d70f6b5f84284101fcd16cad0638eca8547ec337adb5,inventory only; see report for traced paths
apps/api/src/lib/saas-db-init.ts,api,2014,101200,bd20420db3c82608edf1d671d5c926ceae79e3c27171e82b7f8d65c57621239e,inventory only; see report for traced paths
apps/api/src/lib/seed-credential-policy.ts,api,38,1247,66655681edb3862d1fdd28854453ecd0393926fa7bbd96c9a679a8959b5664df,inventory only; see report for traced paths
apps/api/src/lib/service-token.ts,api,78,3151,4f843d98f68505f9cf1e1d140c80478acd42ac41fa5a6b32a42b864ec555b3ec,inventory only; see report for traced paths
apps/api/src/lib/session-secret.ts,api,33,916,2057dbc2ae4d5e2bd0fba5215cdca1c2ccaeedfcbfa7a58d6ebde07e3b13d8ec,inventory only; see report for traced paths
apps/api/src/lib/shared-attachments.ts,api,367,17220,b18df99b2b85311d69847f8684686af2f36d51f41e7c660601321e925b6ed46d,inventory only; see report for traced paths
apps/api/src/lib/shared-background-jobs.ts,api,136,5462,ecd83e788e3eca9ea5c48a0631fb718e2fbcf38b7997615f87f39464cf650072,inventory only; see report for traced paths
apps/api/src/lib/shared-compatibility-adapters.ts,api,100,4809,be230ac08e0aa9116a10259140fb656bbc675f65959df25610134e41280aade6,inventory only; see report for traced paths
apps/api/src/lib/shared-notification-outbox.ts,api,462,19527,3299d0945319e7791b2eeb916374dcf036f8011efb6deec5c31a61e4ba4d15d5,inventory only; see report for traced paths
apps/api/src/lib/shared-outbound-webhooks.ts,api,262,13883,47e9eb586c3b4e83d426841a7ecf950bdd514d6363c3cd5651bddf22464f9f54,inventory only; see report for traced paths
apps/api/src/lib/shared-platform-control-plane.ts,api,413,23108,8c51204dde43cb351202fd3e8fbe7b8023a7104187b3058780dd55a6cb972443,inventory only; see report for traced paths
apps/api/src/lib/shared-platform-db-init.ts,api,319,17349,02f8f5bef6eac2a9c68653947cf571d485079b907a3dea8c1ec314991e0b8906,inventory only; see report for traced paths
apps/api/src/lib/shared-provider-adapters.ts,api,225,8899,ceb8c9aee77c21e54281383a1edc63bf4f2e74e43efdec3b43de0066c001837c,inventory only; see report for traced paths
apps/api/src/lib/shared-schedules-exports.ts,api,216,10210,2f869458f87e0a1ded3b3ce3e93d87991804ef0b93466d5f4033471132092520,inventory only; see report for traced paths
apps/api/src/lib/shared-secret-vault.ts,api,120,5124,13dc4963373c4a51d655381d99f7a91bcfb7a6f81da60ae215472ba1bb4ed7d6,inventory only; see report for traced paths
apps/api/src/lib/shared-service-safety.ts,api,134,6073,d132265406ab8e07b04ff7029dacf9b90608abd487ddb4065624b3269a77baf2,inventory only; see report for traced paths
apps/api/src/lib/shared-service-worker.ts,api,134,6641,13b7f6e52e0cac71ec3761dfe64d9ec4991332371747a8438e36a7eb025443b3,inventory only; see report for traced paths
apps/api/src/lib/shared-services-db-init.ts,api,277,14897,6489c4466b373363ede588f12daece44f5769e54da177180ceaff9d2335b4502,inventory only; see report for traced paths
apps/api/src/lib/shared-usage-activity.ts,api,260,10465,6cc457da8582c4cc46dfaae9c44ecb620ef992e453afd2b3d7ebe8ed6a03d6e0,inventory only; see report for traced paths
apps/api/src/lib/shared-webhooks.ts,api,247,10279,aa895293af371d19aa3db097f1d8aa1bd8dd60338125de13a95e957d56afd387,inventory only; see report for traced paths
apps/api/src/lib/snapproofos-db-init.ts,api,269,15545,7bebed57324a03bfa6417d6afcd3af20f0c4331459d4619dd36a30d8a842472a,inventory only; see report for traced paths
apps/api/src/lib/snapproofos-exports.ts,api,153,8868,b3279c93b507c7c608daa0dc553800bb6f44e90108adb3379d435d7a7197c7b8,inventory only; see report for traced paths
apps/api/src/lib/snapproofos-import.ts,api,69,2386,8e260defa94bca9b1c7f1f3457ae78f623ff9e7ee56dcd9c668b5f0e4016785d,inventory only; see report for traced paths
apps/api/src/lib/snapproofos-media.ts,api,27,1650,034b52a69f49e82280ed686d3cd36a714bd820178aeda8198ef1be696fc27017,inventory only; see report for traced paths
apps/api/src/lib/snapproofos-phase32-db-init.ts,api,206,12671,35858d6ebf457cd5f9fb1c2a1241116675f9381bf9766fd674070fb22dabdeea,inventory only; see report for traced paths
apps/api/src/lib/snapproofos.ts,api,262,12006,937cdcd987d14e11acaac29101a88a0b46bbffc56301fae704370f8c8aa87448,inventory only; see report for traced paths
apps/api/src/lib/sso-cleanup.ts,api,66,2192,3b67f16775a137dffd5f43c8b70e2a36cc5bf7a3b72648c35716d577ed0cac23,inventory only; see report for traced paths
apps/api/src/lib/sso-exchange-rollout.ts,api,34,1291,2d6a02d1b4274b187497b0efd4bb3f2a561f1e12cd830d44b93d6b7c91ba2e3c,inventory only; see report for traced paths
apps/api/src/lib/sso-session-scope.ts,api,70,2246,7dcee59a5b87d3459537d205ae83329438fd567ddb9d6ee808dbf0cddf7af875,inventory only; see report for traced paths
apps/api/src/lib/studyforge-access.ts,api,124,5358,3ff8f75eb632e894494b4d9d863c9da2330595e43b9609286deffdab379aed01,inventory only; see report for traced paths
apps/api/src/lib/studyforge-db-init.ts,api,324,17138,49f9b31f39f5eb8769615af305b951ce5c498cf14e448e18e22e030efe392d0a,inventory only; see report for traced paths
apps/api/src/lib/studyforge-import.ts,api,60,2593,c912f0f0193065ce022092327fe4cad0bc14b869e7ea15f9e90f04b76db874bd,inventory only; see report for traced paths
apps/api/src/lib/studyforge-phase33-db-init.ts,api,243,14209,55feff09e33ba07636e9124e09c66cc114e4743bec7c63e4a83d49885f8dbc4a,inventory only; see report for traced paths
apps/api/src/lib/studyforge-phase33.ts,api,701,34826,6699beeedb22dca10d3492b1ace3c5bfe6f4ab26acd07fc530f32e5260502913,inventory only; see report for traced paths
apps/api/src/lib/studyforge.ts,api,354,15513,9537d79f826adc58adbe050f4c8de4aae29a7b42651fefd44e7e7754da8962eb,inventory only; see report for traced paths
apps/api/src/lib/system-events.ts,api,35,997,96042934fe8ef4edfd4ceab23c495d346deab38a88e59ec6a03102d44d48ea01,inventory only; see report for traced paths
apps/api/src/lib/techdeck-compliance-export.ts,api,151,7919,0e199f18b1794d49bc3eeb7f60fbe36ce49e7de2e43e270d1ad16798b707a51d,inventory only; see report for traced paths
apps/api/src/lib/techdeck-db-init.ts,api,290,24513,fc91817ff91d1cf3734a2889a2b69aa1f6cb72bba54fc23a668282a184fb49ac,inventory only; see report for traced paths
apps/api/src/lib/techdeck-import.ts,api,151,9421,947b307394e2dd0198c7e5ccfae8a02097e3006f04ea217ab5d5c920c0bbadd1,inventory only; see report for traced paths
apps/api/src/lib/techdeck-literal-db-init.ts,api,415,23914,5310080e67f80bb72524cce84a2511ccadc4ebf5e662dad2a3dba78ce43702df,inventory only; see report for traced paths
apps/api/src/lib/techdeck-ops.ts,api,229,12846,63862d220c107654ad7991c1cf6d3f3aeda2a4501820937323e3984decfcb5d1,inventory only; see report for traced paths
apps/api/src/lib/techdeck-tickets.ts,api,244,9374,768d4f74101479b301efeb650604c8a37f62c487efeb1d39ed2d2bdb7c87a121,inventory only; see report for traced paths
apps/api/src/lib/telephony.ts,api,547,24493,c6ccbcb989816b22c2ebb5a2bfc69bce1b313ae8cbc04091f41c4f1066aa625e,inventory only; see report for traced paths
apps/api/src/lib/tenant-auth.ts,api,460,17863,21d8d6eaab679089abba762f5ffbc19d320908ff3ad8c15f7626ead30d7be702,inventory only; see report for traced paths
apps/api/src/lib/tenant-entitlements.ts,api,861,28238,3415424c367a8907f0169e07ce78bde65822a265132581d00b08df9776218c00,inventory only; see report for traced paths
apps/api/src/lib/tenant-invitation-consent-db-init.ts,api,25,915,1bc033a9dc69df50d6cc75d6989afed49af63d6b8cd433277ac1c0fafc20dd19,inventory only; see report for traced paths
apps/api/src/lib/tenant-invitations.ts,api,280,9651,040f04d90128c9e7208b02e8b2c3da755b1cea27fcc2e304cf45410a5f5ac822,inventory only; see report for traced paths
apps/api/src/lib/tenant-messenger-db-init.ts,api,198,10703,b1a4c5630f45159a5712540cd1e6fa481f1e3611a48d81a2f502f20f79c6b4f6,inventory only; see report for traced paths
apps/api/src/lib/tenant-messenger-realtime.ts,api,121,4583,ea506a7a221a3c9d28d2e7c805485f6ad142b511448234a5831b82491f4a0056,inventory only; see report for traced paths
apps/api/src/lib/tenant-messenger.ts,api,752,33241,abb18f60428858c095c59889850a01c661c33a8d28ae52cc10d87199b6fbb76d,inventory only; see report for traced paths
apps/api/src/lib/torque-assist-domain.ts,api,415,16283,8558f5f5f77975cf3ae484ad7a74f9e0d19a528124e33618f82ed85021ff6bbf,inventory only; see report for traced paths
apps/api/src/lib/torque-assist-reservation-reaper.ts,api,41,1338,f74883b37abf0fbd1c7b2851c6828364f0ca3d2d3790f05c055f8443cea2c42e,inventory only; see report for traced paths
apps/api/src/lib/torque-assist-service.ts,api,1146,49342,9941a9c044b2a37404dc745ffe317e409aef6135eace857fc2f5419665b9cea9,inventory only; see report for traced paths
apps/api/src/lib/torque-credit-readiness.ts,api,238,10454,c92f6cfb3b7ef4fa523ee2149783ecc4926958509e2faf3e564e359c7f146e71,inventory only; see report for traced paths
apps/api/src/lib/torqueshed-checkout-contract-db-init.ts,api,39,1992,0eeef6a8a6a717fdfa771dd8e4382c4bc990e9f1243965cad12dd5ec3218e644,inventory only; see report for traced paths
apps/api/src/lib/torqueshed-credit-catalog.ts,api,147,7463,703586cf5f662eb0ce30746a3c4fd4e9fb3ee7eddf0cb87fd58c84a101a83327,inventory only; see report for traced paths
apps/api/src/lib/torqueshed-db-init.ts,api,625,52239,0c049030436c88174c3f7a109105407705af96c8889c185357f8a92f33d6c70f,inventory only; see report for traced paths
apps/api/src/lib/torqueshed-foundation.ts,api,230,6721,d96b8f37c7ee4c3ef8c001e2d04d32ddd2179aa1fd5e5c13044f9f5b034035c7,inventory only; see report for traced paths
apps/api/src/lib/torqueshed-import.ts,api,271,10160,ffe8e838fd48c3278a149b566ca7ad53ec3264f3f95a15c45f343df1d93499f3,inventory only; see report for traced paths
apps/api/src/lib/torqueshed-native-auth.ts,api,279,11746,b85d87960e2571b9908e5ac159b6c4910d99a7ff388db381959926f4dfb83712,inventory only; see report for traced paths
apps/api/src/lib/torqueshed-native-db-init.ts,api,67,3641,3c7a913dc96680f7fe2f7c5250ec424fffc5e288a8be97cb2a7d38c2d7f60408,inventory only; see report for traced paths
apps/api/src/lib/torqueshed-product-export.ts,api,40,4485,539d48da5bc4facd457b2f34cc4d0b6f25c99554aa02c1fe06723aa3b05ff06e,inventory only; see report for traced paths
apps/api/src/lib/torqueshed-reservation-db-init.ts,api,91,4630,9d31a729ce7ac036d543de9e339f7bb5611275a5fd2ab5ac79e055d837cc87cf,inventory only; see report for traced paths
apps/api/src/lib/torqueshed-settlement-db-init.ts,api,57,3072,b76ee3673f79a511af5e93b64c1d267b87269f17da18e00c2f6c44a6212a2f1c,inventory only; see report for traced paths
apps/api/src/lib/torqueshed-social-domain.ts,api,300,10219,6f0e64294128e0c8ad4bdd44553be0665971bce3e574f7053112159cbf639cf6,inventory only; see report for traced paths
apps/api/src/lib/torqueshed-social-service.ts,api,344,12300,d754d9c5359f585f0bc56baf803146cfb34c89e726b51799feb73c27d0d5366a,inventory only; see report for traced paths
apps/api/src/lib/torqueshed-stripe-catalog-db-init.ts,api,48,2887,b4debad124d5ca5eefc65088992512ade83dd99d99278977b4bd49d2dc8d3d5e,inventory only; see report for traced paths
apps/api/src/lib/torqueshed-stripe-catalog-provisioner.ts,api,192,8711,b0d9dc0b5d699f21a99a34a902478aa5fe7275f49567c59f884eceb62b72c65e,inventory only; see report for traced paths
apps/api/src/lib/torqueshed-web-api-db-init.ts,api,118,10221,57c6da3e9e691b5aace213fcd8aed98fb8aaa79992c6523da17ff271f4b0c39f,inventory only; see report for traced paths
apps/api/src/lib/tradeflowkit-accounting-exports.ts,api,219,9117,ce646b226a02efa9beb50a090df38589da3392d1cf88e22fd1b9a8e58d7a2f29,inventory only; see report for traced paths
apps/api/src/lib/tradeflowkit-bulk-operations.ts,api,455,18798,97f593ca06b82a5ae674d26933b595b00294a7ef92d47b85f899c31593b25531,inventory only; see report for traced paths
apps/api/src/lib/tradeflowkit-db-init.ts,api,497,31195,1fb2e1dd9ac25212d292d575f46eddbd93ad4ec55cc4c2c08df8dd390f68f5a9,inventory only; see report for traced paths
apps/api/src/lib/tradeflowkit-import-apply.ts,api,851,40383,6398df919aca8973b0515c8cdc60107331ef20b593a433e70e4096fd528e192e,inventory only; see report for traced paths
apps/api/src/lib/tradeflowkit-import.ts,api,279,12444,aa6bf5d3c82cf1887338822daa5548c4eeee2df8eaaf9917c1c2574af6a65c92,inventory only; see report for traced paths
apps/api/src/lib/tradeflowkit-lead-operations-db-init.ts,api,119,7392,acae2068b5d2ed2ff80157d28c81992bfb1c5dab2b312dfd6c6ce94831de1d10,inventory only; see report for traced paths
apps/api/src/lib/tradeflowkit-lead-operations.ts,api,130,6266,1ed61662f321692e5399dbffe00a45d2eb10d1fd6ea7f527f21238394749e48f,inventory only; see report for traced paths
apps/api/src/lib/tradeflowkit-leads.ts,api,242,8907,86852db761cda687a57ddb2732c23dfad7b39c7ce033da94bde88efcd29c8c72,inventory only; see report for traced paths
apps/api/src/lib/tradeflowkit-payment-provider.ts,api,190,7858,22faeb458ba87944e3ffdaa014d471ce793376fbf9554bcefb64f0f9dfe524d9,inventory only; see report for traced paths
apps/api/src/lib/tradeflowkit-public-intake.ts,api,114,4523,959c8c438f2caaf2b10486e8dd2f6d09d70142334bf82cf72661dc0663f55d53,inventory only; see report for traced paths
apps/api/src/lib/tradeflowkit-public-operations-db-init.ts,api,141,8550,8b5071470c23de59a0df32dc35b8e3efd8c593cd5977e97e09f50a335ff3ccae,inventory only; see report for traced paths
apps/api/src/lib/tradeflowkit-revenue.ts,api,352,14573,367c169b10aee20c866624d404bea3537ae4d4d38e2f5f0e247390454fd99096,inventory only; see report for traced paths
apps/api/src/lib/tradeflowkit-saved-views-db-init.ts,api,40,2180,1f158b80ce6ae89eb610490c80c9408cc56a1c60f77d2fac4ba280cdf6a755e4,inventory only; see report for traced paths
apps/api/src/publish/index.ts,api,544,20202,cbc716eb001f61da0f2f6077a6fd4ae794147acfeb8410d0a046adaae2ebdd1d,inventory only; see report for traced paths
apps/api/src/publish/types.ts,api,70,1970,fa0367cd414d58902ff95dfe99911ec84b90c6c4e90e9c496c4905a51696e86e,inventory only; see report for traced paths
apps/api/src/routes/admin-routes.ts,api,408,15492,9cb438fd2f077640692540025de33a9a3a4e5c31010297e2bf1a12824d992aea,inventory only; see report for traced paths
apps/api/src/routes/ai-routes.ts,api,173,6763,b58c12766d189fe71a5c50e489c51df4709d74a002f7d02d45a97202927dbb02,inventory only; see report for traced paths
apps/api/src/routes/auth-routes.ts,api,836,36684,1c2efc970f0d2e7f917ae85fd468ad6ba1e6972f3006db802c35c66c19d78711,inventory only; see report for traced paths
apps/api/src/routes/billing-routes.ts,api,670,29489,20d489a98da25e27e3eb125874145341baad0e77bda3a300c42a08d95a4feb84,inventory only; see report for traced paths
apps/api/src/routes/brandforgeos-phase31-routes.ts,api,1145,57507,2d4197158d43ffe1400ff7e806400cdaa1e2025cb50d7a5d9fb06337a357eda4,inventory only; see report for traced paths
apps/api/src/routes/brandforgeos-routes.ts,api,1182,66895,149027cdeeb8371bca04d7040e15167004a6b3c10de32566e933202854c6f72e,inventory only; see report for traced paths
apps/api/src/routes/callcommand-commercial-routes.ts,api,2729,155856,e48c1ba1f10872485585ba48d5219cf447e812aec988b6be4144673e605dedce,inventory only; see report for traced paths
apps/api/src/routes/callcommand-msp-routes.ts,api,636,61793,73b95ddf24d7e840a97ffd813fd497d68442e0d97be4aff854aef03c6455e926,inventory only; see report for traced paths
apps/api/src/routes/callcommand-phase35-routes.ts,api,1427,113290,371270f92ffe168515862aa1af73a8dc5c2e527cb0af73e3b60691b424ab615c,inventory only; see report for traced paths
apps/api/src/routes/callcommand-realtime-routes.ts,api,858,46034,36a74415994ad0fbf149511b5a9e6295c4396d8540f61a7b7253d737a2bf17c0,inventory only; see report for traced paths
apps/api/src/routes/callcommand-routes.ts,api,724,38308,b3da72eedcf551c1ee8f8f7b9d754ad0a58993b6f5ccb3dee715a15701d58cc7,inventory only; see report for traced paths
apps/api/src/routes/core-suite-trial-routes.ts,api,48,2044,08a70b9116e2bf6e01583878f2eabe0601bc1c6e38b3f6ba48b70c328bd989e5,inventory only; see report for traced paths
apps/api/src/routes/cross-module-data-fabric-routes.ts,api,201,11660,37b8aff1b6ac9c461ab2f439c914dd866a023a57a524ebbea4b2a4304daaba69,inventory only; see report for traced paths
apps/api/src/routes/diagnostics-routes.ts,api,54,2030,f04840cc931f86caf29e3f7dca3480e3a073254c2e12b0e609685faa82ce4b18,inventory only; see report for traced paths
apps/api/src/routes/directory-routes.ts,api,226,15623,47697d267367846564d17ecaf1e9be61e3cbd64f9a199f6d8ac5299a7d26961f,inventory only; see report for traced paths
apps/api/src/routes/ecosystem-routes.ts,api,20,745,dec6043d1dcefb2b4c64adb8525faf66684b04dc28ba4f3c4126797d937074ce,inventory only; see report for traced paths
apps/api/src/routes/entitlement-routes.ts,api,194,8912,3d3d35f6dac59de89c6bfbb1a91f6729a2dc9acf9dc2ce6004f87102f4f31673,inventory only; see report for traced paths
apps/api/src/routes/faultlinelab-routes.ts,api,1680,71627,64843c8db319c72963344aca89b9e9e8e0811e95df5e369a03340b535858222d,inventory only; see report for traced paths
apps/api/src/routes/module-routes.ts,api,1231,55230,72d4d6d64f5067b3f9980b79034e06a6cde7fa699da6fa726ef32347b97ecd6f,inventory only; see report for traced paths
apps/api/src/routes/module-shell-routes.ts,api,2872,133709,42c3f191dc3fb32b85e0a8efcbbcb8edbe775238e08c92f04ca610eeb2478e72,inventory only; see report for traced paths
apps/api/src/routes/ninja-launch-kit-phase34-routes.ts,api,633,46027,f39927c39e7bbe132c85479a8bdda64c63abc503aed1db98e0a07c29fe391425,inventory only; see report for traced paths
apps/api/src/routes/ninja-launch-kit-routes.ts,api,891,42846,62d4276f31c0e7d8c79e2883d5c8145652e559632ba86aff541d92d2761f63f5,inventory only; see report for traced paths
apps/api/src/routes/ninja-pool-hall-routes.ts,api,1019,42130,f4e6df91b644bc67585c2deeb663c76fd948bab97329fa6fb230d4111807035d,inventory only; see report for traced paths
apps/api/src/routes/ninja-pool-online-routes.ts,api,785,39746,4bec01c22befde04ccc9abffcebaf9ea0a045774fbe52cb0419eaa07ea55f74e,inventory only; see report for traced paths
apps/api/src/routes/ninjamation-phase36-routes.ts,api,423,38556,ff33fa55d8acb58e21cdb7633c5900fbea5cac1eb2d7049c9ea2d57ce730a685,inventory only; see report for traced paths
apps/api/src/routes/ninjamation-routes.ts,api,747,31478,2d12ec43ba2ab4d0b990aa5cb01f159d4b85377851f108e4290dc14dfb7740ac,inventory only; see report for traced paths
apps/api/src/routes/operatoros-messaging-compliance-routes.ts,api,64,2563,4a600309a21b9f30bc4ec433d7d18d7756962b50e687f32f8712770a46c2c6cb,inventory only; see report for traced paths
apps/api/src/routes/os-routes.ts,api,384,20979,6a3d23f210d4343358bc868f63b0a48086541ac8e08eeca6343c8aebec676591,inventory only; see report for traced paths
apps/api/src/routes/outcall-routes.ts,api,1113,54114,61df6c49f393d7247e06893cdbc1168c5a3e3048f463a497182ef2f587e56f37,inventory only; see report for traced paths
apps/api/src/routes/platform-routes.ts,api,2758,147145,bc23f6c5c0e15e1ecd784eba272e6e5740cb85eb8b1fb818513b342b711ec6f0,inventory only; see report for traced paths
apps/api/src/routes/pulsedesk-literal-routes.ts,api,190,21546,166d311768c36659b098abe94aa65a8f9426aaff7d022f0c90c5a252a0ad6b8e,inventory only; see report for traced paths
apps/api/src/routes/pulsedesk-routes.ts,api,798,29870,b39e2489b2ed9d9b5cdb77f4406fc073801557dea4fffdf132a4fb42193de792,inventory only; see report for traced paths
apps/api/src/routes/pulsedesk-service-desk-routes.ts,api,1437,114250,d9d60e9bc45c6980a247c054abd9c5d3509089f98e483d62a89456f1ec8b54a5,inventory only; see report for traced paths
apps/api/src/routes/saas-routes.ts,api,408,21601,3e0b5030f34f7d5bb9df84f8cb7946adafe91d82a613ea74bd76efbd828e6647,inventory only; see report for traced paths
apps/api/src/routes/shared-platform-routes.ts,api,247,14978,fd7d24b224afcd44fbf3dea5cdd22d80d754179dfab5127e33b74a54a7d58820,inventory only; see report for traced paths
apps/api/src/routes/shared-service-routes.ts,api,398,17488,c7f4c7eb25a5119a9c6ead3e67babb077df831c2f9931414c809ef1ec8ca8064,inventory only; see report for traced paths
apps/api/src/routes/snapproofos-phase32-routes.ts,api,1557,80389,c7c91c6e08be082d01e34a068e8d2430c0116bbbcf20ee2acbee164e9e68c841,inventory only; see report for traced paths
apps/api/src/routes/snapproofos-routes.ts,api,897,47359,a09381f0d102eed6a7f73cccfc7113387c100ae3254dcb5e499e474e3ea6b321,inventory only; see report for traced paths
apps/api/src/routes/sso-routes.ts,api,1268,46113,05107b6a21d4013d42f083dc53e33b32b813643174425d249a15de8d874330ae,inventory only; see report for traced paths
apps/api/src/routes/studyforge-phase33-routes.ts,api,813,61137,6c16b1ccf3dd70ddf0f503d291602e9ea16e331904e090f002363dfd523420cc,inventory only; see report for traced paths
apps/api/src/routes/studyforge-routes.ts,api,822,46971,6c3a805e848a56f04fc8e72522736182c626596a60643c46a17513a27d0204ab,inventory only; see report for traced paths
apps/api/src/routes/techdeck-literal-routes.ts,api,620,73156,e605b0c97dbe0f4cfc1140eb0f3caf36b06146b93e2008f9b551a64b0a051939,inventory only; see report for traced paths
apps/api/src/routes/techdeck-routes.ts,api,720,47553,967170747cc96f612460b4991cc4dcfcb819238cbafdebb7a03f9c659120e7d1,inventory only; see report for traced paths
apps/api/src/routes/tenant-admin-routes.ts,api,934,43624,6dda3ee30b0295a7691868e4e0c5f07e6d107e4a47ff2d22869abb610eed7f2e,inventory only; see report for traced paths
apps/api/src/routes/tenant-messenger-routes.ts,api,424,20907,f7409a0f43498aded9ea843deb5c901f6275a06dac1e5a8560a0d798f38782ad,inventory only; see report for traced paths
apps/api/src/routes/tenant-routes.ts,api,183,9801,b3a69bf71b24a6141a849a82f3d00d800b92aff44531942e50020ceef0baa15c,inventory only; see report for traced paths
apps/api/src/routes/torque-assist-routes.ts,api,360,12478,351c817df09e79dadaebb7e74103d34976d04d76e6e26a933546250eb9bc0a6e,inventory only; see report for traced paths
apps/api/src/routes/torqueshed-native-auth-routes.ts,api,122,4951,d9e3ede7f2a5173124d3c17e02db9cd00880fab94d408fb007defd8d12f91453,inventory only; see report for traced paths
apps/api/src/routes/torqueshed-routes.ts,api,1509,81649,3419d40c10f4e9e2f4ab24897eafcf8bdefeb22f19ecb6edb7776d8ee56016f0,inventory only; see report for traced paths
apps/api/src/routes/torqueshed-social-routes.ts,api,2017,84389,710b3a800e6861fff827d030294d8cb639fc88248f9a9dd461d63b3081d7a573,inventory only; see report for traced paths
apps/api/src/routes/torqueshed-web-api-routes.ts,api,75,38970,d87d6eed19f1be61116ef88586bfb8b6a4ae32f455c589f55fb7bb4704050ba8,inventory only; see report for traced paths
apps/api/src/routes/tradeflowkit-lead-operations-routes.ts,api,675,35811,ecb02dff60d0eeb23d19853cef0221a88e4d085e23452a3bec21a7bf4d786ce7,inventory only; see report for traced paths
apps/api/src/routes/tradeflowkit-payment-routes.ts,api,429,20775,167289dae8f56dbff15af2a5c9ee4e187173a4333fae21fb13c47555677e9c87,inventory only; see report for traced paths
apps/api/src/routes/tradeflowkit-public-intake-routes.ts,api,408,20109,bd8f9d281d373943c2844b9cf0469514741d13cb94a96131c50b832b5075fc4e,inventory only; see report for traced paths
apps/api/src/routes/tradeflowkit-recurring-routes.ts,api,226,12909,d97595d642bba6f6a2d212c2d692bb1d8c7eee0e313b1ffc6563f51552475792,inventory only; see report for traced paths
apps/api/src/routes/tradeflowkit-routes.ts,api,2539,144172,62475a3b8496bb6785ca7dda1f7c45408501d3adfa461f998c06a50f3736ed99,inventory only; see report for traced paths
apps/api/src/schema.ts,api,3067,180891,feb20fcd27e8561fadee29141b098e652eaa832636e4c1e1612972116059eee8,inventory only; see report for traced paths
apps/api/src/scripts/brandforgeos-import.ts,api,17,594,0a3d24976354cd1a8d3794c8a881ea30275da2e69316bef20013355b0e92b2e7,inventory only; see report for traced paths
apps/api/src/scripts/callcommand-import.ts,api,12,644,c34435a20969f94d948713f4930fa265b3cbc5bcb02e0b882c0f206ffb0dedb7,inventory only; see report for traced paths
apps/api/src/scripts/database-release.ts,api,59,2286,a89898ea8af483c766c446f33468fe33ea610f31771d53904444bac75e841d19,inventory only; see report for traced paths
apps/api/src/scripts/faultlinelab-import.ts,api,19,643,fecc90b0ee45fdcea82bf2bbfbc0c1f683638720c03447de88687de4b4f4debe,inventory only; see report for traced paths
apps/api/src/scripts/migration-program.ts,api,16,843,3052f5dda3015f49bc820c45479e23be4ea84fe2f1b1e2b98475371473dd5229,inventory only; see report for traced paths
apps/api/src/scripts/ninja-launch-kit-import.ts,api,14,723,1ab7bfeb07477163187e81c61f5fcc269228b82257c3b0d4f219f44b394d604a,inventory only; see report for traced paths
apps/api/src/scripts/ninja-pool-hall-import.ts,api,17,580,b3a4679203cda484d8a54d31e946006570564730f3aeeafb07f4f7cfed10ef23,inventory only; see report for traced paths
apps/api/src/scripts/ninjamation-import.ts,api,12,657,049ad21d0dd916d89cc64c0f9de48935bed0e2cbd2eac061c9f3595669fa69b0,inventory only; see report for traced paths
apps/api/src/scripts/outcall-import.ts,api,6,293,c1e651334486c5de922d22a73de0cc92feb0b44ff855aa5c67e2f9633b5de7a8,inventory only; see report for traced paths
apps/api/src/scripts/pulsedesk-import.ts,api,23,992,4049225e08e4cff38d9536fd36d0787df79206b54f5b0d536f783b3b3f340016,inventory only; see report for traced paths
apps/api/src/scripts/rotate-seed-credentials.ts,api,52,2121,2ccd0fb99b35ab7db86057e7f7bedc4615f6fc37e83d537a02d8f06f067dad8a,inventory only; see report for traced paths
apps/api/src/scripts/snapproofos-import.ts,api,14,710,ba38f9f6e6ae00702747740cb243d9c62b199fb6a3241ac26794ebfa9071885e,inventory only; see report for traced paths
apps/api/src/scripts/studyforge-import.ts,api,14,699,a338d053cb66169d93173610747d51808bdf79ba7b47dcd80a558515bdea6734,inventory only; see report for traced paths
apps/api/src/scripts/techdeck-import.ts,api,23,969,041d0b65a233399bb8ec888aca84acb00bec0507cc5c32130fd6338cf0c8b947,inventory only; see report for traced paths
apps/api/src/scripts/torque-payment-reconcile.ts,api,48,2262,e3c45da25de08e0b66b030010341ff2290c045e7efcbbbb261b5e81a3dd847b4,inventory only; see report for traced paths
apps/api/src/scripts/torqueshed-import.ts,api,24,973,7ce36b41cff09b6d78ea490923bdf9c65e1394a84a061730ae0a79c4cb3e00f5,inventory only; see report for traced paths
apps/api/src/scripts/torqueshed-stripe-catalog.ts,api,92,4316,6f7a6dfb6c51aa9f9889947f90cc8975bb39d442bfe161ef3fc927c53f44c857,inventory only; see report for traced paths
apps/api/src/scripts/tradeflowkit-export.ts,api,236,9268,8aa4ead6a5a6598916248a7b6e5101da6e89faec3506685e6684cd496e50d57c,inventory only; see report for traced paths
apps/api/src/scripts/tradeflowkit-import.ts,api,73,2876,6a60041e4e36935bbed121b4c024e04467bd6f7ec26b4490e445cd0081371449,inventory only; see report for traced paths
apps/api/src/ui.ts,api,412,24632,30eb9d97a37ba6e74203e634478965bc4e6af789d544d1b13b7d99bb233a045b,inventory only; see report for traced paths
apps/api/test/_setup.ts,tests,513,34193,7604f54511b6e031c038cc68c12545aff637348c4da4126aec298c2dd6ce53e8,inventory only; see report for traced paths
apps/api/test/_stripe-env.ts,tests,7,511,fa859aa791257bd8b7f6179eb26e776cfd83e0772f7b51208867d444c01232f7,inventory only; see report for traced paths
apps/api/test/addon-billing-dlq.test.ts,tests,228,10504,f24ba14edbdece0ea680a4c8be1dbd9873a4cf8f587f784ad0cbb8c9f197efc1,inventory only; see report for traced paths
apps/api/test/addon-price-history-restore.test.ts,tests,97,3731,3729caf118a734cd0a987b2afa35be560434bc1e80523f999edfeac79d4e38ba,inventory only; see report for traced paths
apps/api/test/addon-stripe-metadata.test.ts,tests,117,4856,1fd08a1b1ee0702477563c35133044e4d30789fa7d0e5566e2e85a3d5e7b7380,inventory only; see report for traced paths
apps/api/test/admin-console-static.test.ts,tests,148,6287,e0430504d632d7bb2b56af6ec7ec63ce40878cd558e1f6bcb87e060844b64dee,inventory only; see report for traced paths
apps/api/test/admin-route-contract.test.ts,tests,58,2406,f2b5181afcf4709408b615912686f16b11d46c5ad0c5bb59db3c20e5ef8d2a69,inventory only; see report for traced paths
apps/api/test/admin-stripe-price-id.test.ts,tests,171,5777,fc06f2d2d206aea4c27d759e5c732d556e3014b314022196c591e6fc5cac398b,inventory only; see report for traced paths
apps/api/test/application-stack-companion-tier-static.test.ts,tests,60,3563,fa9c1f5e395bfd269300b6490dcdf52057f19bf265df3dc372b96cdfbf3dbe44,inventory only; see report for traced paths
apps/api/test/application-stack-companion-tier.test.ts,tests,171,7376,ed816b35894d4ca8b290ea143cf1170764a11c2505a7d44e26648fefcf82e915,inventory only; see report for traced paths
apps/api/test/application-stack-seat-enforcement.test.ts,tests,377,13451,e7fbd48e1c60a84bba1a8fffa0a034a5d9cc3efa2492fb26091c4cfbd26d27e0,inventory only; see report for traced paths
apps/api/test/auth-boundary-contract.test.ts,tests,224,9255,58e997e0616704f8a58405c0c3725306b5842feee4586fb8312de5143c735e6b,inventory only; see report for traced paths
apps/api/test/auth-local-session-revocation.test.ts,tests,86,2907,b18038e4f3728dd7dfe0bff4fbb23accfb027f431c695461442fe396827d6aeb,inventory only; see report for traced paths
apps/api/test/auth-mfa-static.test.ts,tests,26,1354,6c6dffc379c43da75205e2e7474876eb44eb97e4cdeb54ba839ee2bb6146acf6,inventory only; see report for traced paths
apps/api/test/auth-mfa.test.ts,tests,142,6648,f3a97b5dcc3a97fe84d1159c9a793aee6c90d9e248348e994383c717e6e2ee0d,inventory only; see report for traced paths
apps/api/test/auth-navigation.test.ts,tests,32,1269,3391ae2c14827c57cbd032c862ce9360c2df443e1236d5df3f473d73950cac2c,inventory only; see report for traced paths
apps/api/test/auth-prehandler-short-circuit.test.ts,tests,26,923,f739025f2a1fd520d79d9cc73f951abaaa7856684c2bed19e3ec9211aa24ecdd,inventory only; see report for traced paths
apps/api/test/auth-security.test.ts,tests,134,4654,453486db7defcb5d7d87bf6e68e0ce6818af244a4f5e59218bc7f7749bdcf2e4,inventory only; see report for traced paths
apps/api/test/auth-session-cookie.test.ts,tests,102,3462,289d080c64cd730ae1206e25544fb82d64378c8547d325db5faf4976eaf07b13,inventory only; see report for traced paths
apps/api/test/billing-out-of-order.test.ts,tests,56,2527,3d3ed183373cdd96eae842e09c3f195af6ec4adc8e837a5c65ee299a4e83889b,inventory only; see report for traced paths
apps/api/test/billing-resync.test.ts,tests,291,11791,49b4d411f67526582a18867c1d2873f28974ac3be8395c83ea24953ad99eb284,inventory only; see report for traced paths
apps/api/test/bootstrap-shotgun-ninjas.test.ts,tests,157,7575,d1bcc08fee530acc773f6cec43856300a8733d5ef5a79acd5734f49ba7755333,inventory only; see report for traced paths
apps/api/test/brandforge-logo-concept-depth.test.ts,tests,119,5134,bf04a74028625ad01879df66ee60211fd3ef4fd58f901cb2e29263b6a42e3f32,inventory only; see report for traced paths
apps/api/test/brandforge-snapproof-application-stack.test.ts,tests,282,10453,480c9ccc761181a5fa0785784d04a8d99c014768f866cfa3c505a3d9dc5e1976,inventory only; see report for traced paths
apps/api/test/brandforge-snapproof-product-value-static.test.ts,tests,87,5523,fc731315e3ae409db1149e4a98d80b9ad2699a659fd161ddeda4af7fb55eab45,inventory only; see report for traced paths
apps/api/test/brandforgeos-db.test.ts,tests,956,41608,820931843b5af3447377088606f9551810d2db6a4f18115f5a2a69db4c1d4bcb,inventory only; see report for traced paths
apps/api/test/brandforgeos-domain.test.ts,tests,79,3030,fa096034115412bdf4f70c7174a2251775eb9a285923d434216de8499dfb6f77,inventory only; see report for traced paths
apps/api/test/brandforgeos-import.test.ts,tests,36,1809,3d3670957bb77c0628da01110999518125786d7fff377edaecffa302a7acb085,inventory only; see report for traced paths
apps/api/test/brandforgeos-phase11a-contract.test.ts,tests,80,4080,0a6a764abb22f996b57221c047e121fddeaf0ea2cddbc410309794b097157e8c,inventory only; see report for traced paths
apps/api/test/brandforgeos-phase31-domain.test.ts,tests,81,3436,4de17ec2606cf91ea6b3818b7a1e447cf94ef52717e75fd3aa39719323c610b2,inventory only; see report for traced paths
apps/api/test/brandforgeos-phase31-static.test.ts,tests,81,4971,7f855861b32ed6848ff68b57d9f7742013e7a88159b97568a56fd55879a289a0,inventory only; see report for traced paths
apps/api/test/business-directory-ui-static.test.ts,tests,41,2293,2ecca9123a4fc6fd3e1e9e22000f6e60a52699ce95f9618200b1febc7b0e9a5d,inventory only; see report for traced paths
apps/api/test/business-directory.test.ts,tests,208,15736,04847d18bf9377e394225282c5ccc11f99c807ec48aaba7d6cca6db349a200d4,inventory only; see report for traced paths
apps/api/test/callcommand-action-reservation-recovery.test.ts,tests,148,6973,91d1075f0578e0a0f50d9d10e732170ac1bc0a2b710b51864431fff49453ceac,inventory only; see report for traced paths
apps/api/test/callcommand-commercial-db.test.ts,tests,317,15443,4771f7c325fe4de3f39b8ef739daba6ec0f5b978cf0bf2d70b4afc175e6c47a6,inventory only; see report for traced paths
apps/api/test/callcommand-commercial-domain.test.ts,tests,116,5122,7ca500f03bf9b1b392d6ffec08cb85a0d0a68d6cd9fee142150395dafc3d1b7e,inventory only; see report for traced paths
apps/api/test/callcommand-commercial-security-contract.test.ts,tests,393,20373,81d55b976845378c61b920cc3a51e2b0a2d0ac3f790a3616e799231a0df9ae6f,inventory only; see report for traced paths
apps/api/test/callcommand-guided-setup.test.ts,tests,186,17245,b638525c24ed2ae41e1868fd380122d6752f3b094e310b1de479be1e4bcf2d1b,inventory only; see report for traced paths
apps/api/test/callcommand-lane-settlement-db.test.ts,tests,496,19116,e9133220354bdc911388065d7bfb5ee515357e5ba43a5702c06d94a84c65378f,inventory only; see report for traced paths
apps/api/test/callcommand-managed-number.test.ts,tests,80,3458,6103993de09428e1969a284617261fc85a2a3bad35bdbe0576c022eb0cfa55e0,inventory only; see report for traced paths
apps/api/test/callcommand-msp-db.test.ts,tests,192,20501,7b1b377a86bfa59e0677ed54d253870413096c63d548ef48d062750f6ef36bb6,inventory only; see report for traced paths
apps/api/test/callcommand-msp-domain.test.ts,tests,95,6036,31aacc1177cebf6d7c97a4fac31ca39af84098119b626fc8d2f7bb8a59dd7aa2,inventory only; see report for traced paths
apps/api/test/callcommand-msp-static.test.ts,tests,61,5081,06a4316b692787d2c0f35edb5e26c6e6b7c292ff71f4cecc2fcf869be58e6919,inventory only; see report for traced paths
apps/api/test/callcommand-number-provider.test.ts,tests,500,21716,97d405bc4c8f67a5562c138476702c62d024e536b6f4c906acef12731cde3ead,inventory only; see report for traced paths
apps/api/test/callcommand-phase11e-contract.test.ts,tests,96,4863,130b5cdc0c35f3a4bdbc1b3f98e51bcdeb046979d02ca04208d7554ba6971273,inventory only; see report for traced paths
apps/api/test/callcommand-phase11e-db.test.ts,tests,198,10885,644c34c1d45b7a004869d9ccb2a41eda14816eb14858e70763d5a9e94e4cb2fb,inventory only; see report for traced paths
apps/api/test/callcommand-phase35-db.test.ts,tests,159,13102,068390354f7676f5edf56121b22bf300c378eed65d72256fccd4912d95cd5b1d,inventory only; see report for traced paths
apps/api/test/callcommand-phase35-lifecycle.test.ts,tests,767,43055,8317cd3c6a172851971246d2089bf5abfb59db8d3b1886a6ff95177a03d5f259,inventory only; see report for traced paths
apps/api/test/callcommand-phase35-live-call-gate.test.ts,tests,75,11862,e6e89b0ca0619468818565429cdae82d15cf34991898610f0b4e0689175456fe,inventory only; see report for traced paths
apps/api/test/callcommand-phase35-realtime-handoff.test.ts,tests,288,14055,c338c1bf4fe804f4887ef84e0632c157b7d2251868e1ce8a10d4e3d287ae67bd,inventory only; see report for traced paths
apps/api/test/callcommand-phase35-static.test.ts,tests,70,4755,57454db37a9c80d20914a3aefaca393b69b5f71b39b28f5fa216d327c76acc37,inventory only; see report for traced paths
apps/api/test/callcommand-phase50-routes.test.ts,tests,46,2766,67410852ec0577793de739f1ac5fa2aa45b4a184cbe17943158046fcfdb1598e,inventory only; see report for traced paths
apps/api/test/callcommand-realtime-route.test.ts,tests,643,30900,0b9f8b44bb01076e83ae0d0b179566b94d7d2b45967d3090d7a9666f243ede3c,inventory only; see report for traced paths
apps/api/test/callcommand-realtime.test.ts,tests,613,25597,6d186176b64cdbbd70db206349f367fb12f2b69bccf2d8cc9d24e9ed05c747e8,inventory only; see report for traced paths
apps/api/test/callcommand-twilio-webhooks.test.ts,tests,261,13094,9d45f7cbdd6d292dc4236fc38ca205909796f431558a292658d865d2a775f9dc,inventory only; see report for traced paths
apps/api/test/canonical-module-links.test.ts,tests,78,3500,7577789562582cb2eb1b7fddc3281022d502c546c72b95cb294770f35d6033cb,inventory only; see report for traced paths
apps/api/test/canonical-module-url-policy.test.ts,tests,442,16979,1954aa6a25ae4ed27edcf6f54a3770bc4bee94130f8334cc9357f580d12b4fce,inventory only; see report for traced paths
apps/api/test/command-center-launch-flow-static.test.ts,tests,97,4681,1604e4d32a7540a93a61f63bc6dc0407d8f211b42f582976c397e0c52ea3d521,inventory only; see report for traced paths
apps/api/test/commerce-forward-model-db.test.ts,tests,1300,52842,ba80b3bd2ea78937a57dd848dd4fac9295df5f549ce4154491815b9db897effb,inventory only; see report for traced paths
apps/api/test/commerce-forward-model-static.test.ts,tests,158,7467,d885f546460c0f32c0a475992fb2623b639bbc23fd4bc2b79b27d1598ea4469a,inventory only; see report for traced paths
apps/api/test/commercial-module-boundary.test.ts,tests,98,3470,072b04e8337f06f9653f83f69ff81060b150e50643574dbd714c64dc258178d6,inventory only; see report for traced paths
apps/api/test/companion-workflow-static.test.ts,tests,52,2634,feb702eafe3f753c7ebccb29a8d738f1f62df47d78ccd070bf50364e95b27b90,inventory only; see report for traced paths
apps/api/test/companion-workflow.test.ts,tests,147,7375,c3d684413ddd8323194213d8ae096c25adac7488c008c4d48e0c3e7288e26267,inventory only; see report for traced paths
apps/api/test/connected-workflow-exact-deep-links-static.test.ts,tests,114,7230,092ccc265f92c070fbfeabe6289336d8c13c312879da912ddb5c5ad475103198,inventory only; see report for traced paths
apps/api/test/consume-legacy-alias.test.ts,tests,124,5336,a058b7ed81e174bee3801d6b33ef8a8193c0af09cde1baba8559d502131b040b,inventory only; see report for traced paths
apps/api/test/core-module-deep-link-routing.test.ts,tests,230,17291,45e2fbc003cc49a82de8a01805e925366c09b93358d512f8fb53c74d929638f8,inventory only; see report for traced paths
apps/api/test/core-suite-journey.test.ts,tests,27,1444,9edaac9c7ad03f70f4bc8113e2af882abb1e2f48e4f3e2689d2de98eafd9729e,inventory only; see report for traced paths
apps/api/test/core-suite-trial-static.test.ts,tests,41,2476,e277bc37bc78d8809c4d0c4ef3d075ab7108ff682aa0cef74b37e76336153354,inventory only; see report for traced paths
apps/api/test/core-suite-trial.test.ts,tests,179,8151,cd88f48ccd9e1a0ebd2fcd02e22408f350137bae574d4017a8a7a6a547a71cd1,inventory only; see report for traced paths
apps/api/test/core-suite-workday-static.test.ts,tests,42,2282,122d48977ead1d4c044df1a9afeb3c6a31bf0e908f17aa33080b8fa3eab56e42,inventory only; see report for traced paths
apps/api/test/core-suite-workday.test.ts,tests,140,10049,ab689e1de2f79b6af10f4a9c9f7d58626e407d214de5bb5b3b3891c950e576b8,inventory only; see report for traced paths
apps/api/test/cross-module-data-fabric-static.test.ts,tests,183,11389,03476ececfea362e508f066e81aca00ac4745754e9a0cf33dd2017dc4c79e8d9,inventory only; see report for traced paths
apps/api/test/cross-module-data-fabric.test.ts,tests,1600,115114,d0379a77f1133161045c844dfbeb8187140c5660fd8117181b5752ebf3a16f0a,inventory only; see report for traced paths
apps/api/test/customer-experience-contract.test.ts,tests,180,8617,bd28f90c16808d916953e88def5aa3f7a4e98da8e5a0742b04f2aeefe7f8add5,inventory only; see report for traced paths
apps/api/test/database-publish-constraint-order.test.ts,tests,74,3384,19387485f4b55e90034eaffd2d2ac30ba6e4181063742cb6016036a5be3092d1,inventory only; see report for traced paths
apps/api/test/database-release-contract.test.ts,tests,409,27148,f38a2bd4d5be24aafcc1f243980cd43e1b9aa3f4ffef5c0f53ee1b2b329e46e2,inventory only; see report for traced paths
apps/api/test/database-release-data-fabric-v2.test.ts,tests,298,13339,0baa8a530d970fd867b9964b444fecd302a8ddc99890c84702ef4aaa1f9b045a,inventory only; see report for traced paths
apps/api/test/database-release-lock.integration.test.ts,tests,33,978,83a6b5bf594d98673a924420f043ee5f3dc844938177e06cc766977378cb7829,inventory only; see report for traced paths
apps/api/test/deployops-viewer-gating-static.test.ts,tests,149,7978,1de560d220a017dc3fa1392de753380518dde4d86c99462fe39684350c620921,inventory only; see report for traced paths
apps/api/test/deterministic-outbound-isolation.test.ts,tests,97,3171,40d73309890e54227c26ba13f206a7a51b35bbe59a96399ef78950b55988c978,inventory only; see report for traced paths
apps/api/test/e2e-new-member-launchpad.test.ts,tests,421,20274,7c9b810e9d82674b4f81bb9a7d75e809b0f490c652f13ee7e246fac16bb4b741,inventory only; see report for traced paths
apps/api/test/e2e-tenant-switch.test.ts,tests,340,17199,14706784e4a4d112ec05b2aef45e8e72aed6231c473260f691f945306446f89a,inventory only; see report for traced paths
apps/api/test/ecosystem-guided-polish.test.ts,tests,51,3440,695c396615363c5a3ae72e48dba4e5675e8ac39b85ac44747fb365f105cfd454,inventory only; see report for traced paths
apps/api/test/ecosystem-hardening-contract.test.ts,tests,106,5411,7ad45bfada1bd9dfdb0a64384a16cba06fd8e67eb3175e8e988bf0bdb0ca5635,inventory only; see report for traced paths
apps/api/test/ecosystem-registry.test.ts,tests,155,6716,1cfbe4346fd07bc12f1b85852066ff6a9c658a22eca54db0f8c7cfaae13b07b9,inventory only; see report for traced paths
apps/api/test/email-service-disabled.test.ts,tests,50,1892,7b25d890ae43e1e2ec04aa26a0d39d308413415a332252543f3f6cc5d6b42318,inventory only; see report for traced paths
apps/api/test/email-verification.test.ts,tests,104,4293,35ba703f2e6002c9767f7c31f5e1cccb1beb65533a6ddb8f0b9e1f5d18950ffb,inventory only; see report for traced paths
apps/api/test/entitlement-introspect.test.ts,tests,90,3455,a146fffa8c46bb7be86189e5d5a8df5fcf090a1e8ebb7c11b99e56329ff2a204,inventory only; see report for traced paths
apps/api/test/entitlement-resolver.test.ts,tests,164,7173,77aafbe0a6638e2190499e431665da7462aa43de19eb5034c515efd6f144ae38,inventory only; see report for traced paths
apps/api/test/entitlement-sync.test.ts,tests,105,3609,2f767c295df6502873e1633275b64888e04692605d3f8cbb782099e167d601ee,inventory only; see report for traced paths
apps/api/test/entitlement-tenant.test.ts,tests,286,11241,6f0e29dd1054837a738ea59e4e7cb0ed4a82bad903eed181d2015734545c688a,inventory only; see report for traced paths
apps/api/test/faultlinelab-domain.test.ts,tests,80,2864,1072a9201f18ec371a417d9cd524775c3752329ffec0e75274a39caeaf0a6bfa,inventory only; see report for traced paths
apps/api/test/faultlinelab-full-catalog.test.ts,tests,234,9754,81edbaaf53615531c6427ed8f5658ab58ff3cea38f256bc08764342b8cd087ea,inventory only; see report for traced paths
apps/api/test/faultlinelab-guided-authoring-static.test.ts,tests,62,2991,e6bd207e01b69d08b4303d3434344522253f88d8800a0cd245f303f3a1e87169,inventory only; see report for traced paths
apps/api/test/faultlinelab-import-plan.test.ts,tests,30,1864,880fb9d060140848ab15c035bad9afe3c684c3f0819eb86ac8d4d86b4cef8a00,inventory only; see report for traced paths
apps/api/test/faultlinelab-static.test.ts,tests,57,3153,9768a780b79556304352ef9e90a9eb99ae8bff3d6e92bb86246d128f5f6cfaa7,inventory only; see report for traced paths
apps/api/test/faultlinelab-workflow.test.ts,tests,365,15026,3efdc772633dfabe377a8358a3d91c56981ded4d59b9da46ab579925909df898,inventory only; see report for traced paths
apps/api/test/forward-commerce-contract-static.test.ts,tests,278,13651,d7012afae332f464937483f453bcc38689be379214443088d8a8df7d45fb27d6,inventory only; see report for traced paths
apps/api/test/free-account-app-grants.test.ts,tests,158,7053,5a274f1c45b5c5683cf72eb3174e6bb371d2caf38efe3b910b8ea67600864099,inventory only; see report for traced paths
apps/api/test/global-logout-ui-static.test.ts,tests,75,3584,9711719d0c5eca52ff73f2ea719c0886edcb78dc6683aff3868a62b4f7e28893,inventory only; see report for traced paths
apps/api/test/help-center-contract.test.ts,tests,132,6773,b223a81bcb9c69cf9c8d0acd58db86cdc7f3fe9343c4883827ad967702ca5645,inventory only; see report for traced paths
apps/api/test/invoice-payment-succeeded.test.ts,tests,59,2563,948fb3bf38cc2d6c7f384d01620e6e24ac9db9db0f16110fefd2230c0451045d,inventory only; see report for traced paths
apps/api/test/launch-fix-duplicate-slug-heal.test.ts,tests,278,13754,c82e1fcc32971e3c6f1f7dabc6f08275d68c65b23dd5672b6d9c116763d0ad3d,inventory only; see report for traced paths
apps/api/test/launch-fix-elite-unlocks-all.test.ts,tests,203,9133,1674724bbc65f5eee147ad749aad770d55ab5fbcc85c7aa5a0208b95d3da294d,inventory only; see report for traced paths
apps/api/test/launch-fix-entitlement.test.ts,tests,164,7194,c87c6086a618d151a6433e6939eff34d29d7f83eb411a338c158db250259a4c5,inventory only; see report for traced paths
apps/api/test/launch-fix-tier-matrix.test.ts,tests,188,9647,5fc161f3da257e3a1f0ffea10303ecf3ff8f8b7c15fd786321db487c73401b36,inventory only; see report for traced paths
apps/api/test/legacy-entitlement-tenant-authority.test.ts,tests,165,6435,8189668ebb5c5f6936e2631b914f1a88e92a59941138f9b6369b7b32827e05e4,inventory only; see report for traced paths
apps/api/test/legacy-sso-production-gate.test.ts,tests,45,1632,8dd9afba175b0390696bb9b668ecccb0b4bb8d0542e450de14543b0d7ff66df6,inventory only; see report for traced paths
apps/api/test/legacy-ui-xss.test.ts,tests,50,2582,f257a74a8c02647692f787b7f107aa9c4bb94cfc00ea700b6e0f031ef00f28a2,inventory only; see report for traced paths
apps/api/test/marketing-pricing-shape.test.ts,tests,173,5726,04bb383b8729375026e2326d96886a9b3a8944e53058e315b20ba40384141cf8,inventory only; see report for traced paths
apps/api/test/marketing-shell.test.ts,tests,690,32975,8eadc65516bdcc84ee1bee84b474e39c93105c4b593b6d0278664518f6381770,inventory only; see report for traced paths
apps/api/test/marketplace-cta-shape.test.ts,tests,83,3435,68a12ba721b7e660cbc37969cbf5fa02a0d9473d1c0019ed8f2338375d596559,inventory only; see report for traced paths
apps/api/test/marketplace-rbac.test.ts,tests,117,4848,f5d6d945751604f1f6fb6a094db9bc9ac74d8ed25e5055855777d98b9763a225,inventory only; see report for traced paths
apps/api/test/me-modules.test.ts,tests,135,6195,633ce11bb0f33c383a3e75e3656914dc65b3549addeaccf9df1bdc3069615205,inventory only; see report for traced paths
apps/api/test/middleware-login-routing.test.ts,tests,89,4270,63d31495a60ba0d37e1e6d0d47b38f462fdd1b9af11be089219b7d2adf8d1132,inventory only; see report for traced paths
apps/api/test/migration-program.test.ts,tests,97,4958,7f78f8b17d4c5235be2dc60e8f3b568714f376411629e94e2a33434d54413671,inventory only; see report for traced paths
apps/api/test/module-access-level-ui-static.test.ts,tests,77,4067,76ae1baefe402b82f01e6602f357cf50a22224a032040c5a24784e376ec5930a,inventory only; see report for traced paths
apps/api/test/module-application-shell-contract.test.ts,tests,70,4503,c858e2fb1d15a34d0b19ced9735ebc33b693604c59bc54b9474aa22073b5bc78,inventory only; see report for traced paths
apps/api/test/module-crud.test.ts,tests,222,10180,4c36eefc74cd1cbb0ca16d73b0b675b888bcf6c08d39e77dcb63ff58896b457a,inventory only; see report for traced paths
apps/api/test/module-launch-navigation-contract.test.ts,tests,61,3011,bc72c4665fd798b2e0a91ea133b1957d849ca8b77263d1580a2488ccd33d0a6f,inventory only; see report for traced paths
apps/api/test/module-navigation-contract.test.ts,tests,154,6925,3b85add83f687a14e8860414bae7946af621aeb9b1f74517c30104f2b6852751,inventory only; see report for traced paths
apps/api/test/module-product-value-contract.test.ts,tests,121,5300,b53b11de35425d5a5ef6db82876980993a836b07bae207515896fca4c19defc7,inventory only; see report for traced paths
apps/api/test/module-pwa-restoration-static.test.ts,tests,54,2705,cf420858b4713723cca9925a04133a640d579c09a3e92b159ef85fc42a740de1,inventory only; see report for traced paths
apps/api/test/module-runtime-authority.test.ts,tests,54,1829,5ff2d13435300e95c8e9e50d2c9675bf804520481fe1fb5bca8153fe42bbf9db,inventory only; see report for traced paths
apps/api/test/module-session-boundary.test.ts,tests,104,5055,42bece6d4f77f720dbf4ad96b13174ade3be915a7d34c314941a1693d3b36747,inventory only; see report for traced paths
apps/api/test/module-source-snapshots.test.ts,tests,180,7509,081e321f704705ea97051f98d3a29def87e778f322aff13a98b20497e187eec9,inventory only; see report for traced paths
apps/api/test/module-viewer-write-gates.test.ts,tests,194,7906,a65065698ef4c59b0e5b8834e535b03d489e06afa938418f39d111ec64d77ef1,inventory only; see report for traced paths
apps/api/test/multi-core-cancellation.test.ts,tests,140,5547,40eb8932c5ca21ae90c68fb0d41581f98331e0597c3b19bc90147ddf478c28ba,inventory only; see report for traced paths
apps/api/test/named-module-outcome-workflows-static.test.ts,tests,125,6740,55817196cc00f25f54c9e7f1c8781eb5bf4688cadbc100ad4adef322a386bdb9,inventory only; see report for traced paths
apps/api/test/native-workflow-modules.test.ts,tests,169,6317,dd72f64122c782d012e70d4c7401b39a94a9c2bd2b5b2fd65f6f085f2e4f56d2,inventory only; see report for traced paths
apps/api/test/ninja-launch-kit-db.test.ts,tests,345,15583,582c38a2439165be56a79b8190832d60acd30248a401522c971c645d10f9d367,inventory only; see report for traced paths
apps/api/test/ninja-launch-kit-domain.test.ts,tests,95,4542,26317693bf031b527bdf7c236e85008fdafb7b662d20c2b52b2e6b40e99e660b,inventory only; see report for traced paths
apps/api/test/ninja-launch-kit-import.test.ts,tests,37,1456,27ee4625addf4d0dd4bf3104d76ef6241c6853942db1f5df1d06fdb4e3ea506a,inventory only; see report for traced paths
apps/api/test/ninja-launch-kit-phase11d-contract.test.ts,tests,70,3697,3c8b8c439f7fe420435f761f8bcb0337be880baacc7499b8c63f8eb6babd9733,inventory only; see report for traced paths
apps/api/test/ninja-launch-kit-phase34-db.test.ts,tests,238,16825,3df1a9b235f9094ff4273653c052fd49487cef188bb9ee7aac29a6500679ea80,inventory only; see report for traced paths
apps/api/test/ninja-launch-kit-phase34-domain.test.ts,tests,96,5018,1b51ffa588a843c24fc17b338c0123d3d5e30e9f2601e7f5d8da29ad2898f25e,inventory only; see report for traced paths
apps/api/test/ninja-launch-kit-phase34-static.test.ts,tests,38,2358,f0a043ebb6406bcdaeee14687a9217a4fa7377ee495d914a67f68c9ecdf67b78,inventory only; see report for traced paths
apps/api/test/ninja-pool-hall-import.test.ts,tests,32,1717,fc8e128a733e24f52f620645d97ff26a1c29b890302a423b72c4f7de9d3db815,inventory only; see report for traced paths
apps/api/test/ninja-pool-match-db.test.ts,tests,329,12496,3241e81b4e1a67010d168830cf2f5573e0c377655ee8e7904d0bcac4429304b9,inventory only; see report for traced paths
apps/api/test/ninja-pool-match-domain.test.ts,tests,117,4664,e4ebc673801dd3ea4a3ea2443f2430f1204e1e71e276b090b56d024cdd96d16a,inventory only; see report for traced paths
apps/api/test/ninja-pool-online-db.test.ts,tests,215,11010,f0980bc0c427acb8814b682188cb67e4ab691b1c1862d4f45f9d9b065f34d3e2,inventory only; see report for traced paths
apps/api/test/ninja-pool-phase10b-contract.test.ts,tests,95,5271,1aa02cf4aaff544c28bdcd882c4ce63471cdce0750d62bda46a1df9bca11ae9b,inventory only; see report for traced paths
apps/api/test/ninja-pool-phase30-domain.test.ts,tests,122,6098,430686776de4f8eac948e106d73ecaa02aec4f2f1ab0d0ea0ee23f5eb651d95c,inventory only; see report for traced paths
apps/api/test/ninja-pool-physics.test.ts,tests,88,3027,ab25d74cde598f1956fb3970e391dbc2670223edda4d654ce12c6ee166f095c8,inventory only; see report for traced paths
apps/api/test/ninja-pool-practice-db.test.ts,tests,414,13787,8aa6b461c81b76c37a26aefc0c72351b02a7f69265c43aeb4865136ee2e385d7,inventory only; see report for traced paths
apps/api/test/ninja-pool-practice-domain.test.ts,tests,180,6606,797c08d561ff9aef61fd50e8166025b03ac4e977b17b7a2b0d9f86f61ee43532,inventory only; see report for traced paths
apps/api/test/ninja-pool-practice-recovery.test.ts,tests,87,2513,1b4671d94cdaaa1d291f3944dfbe41640ca19f8e30b40f2896a841003f1b8312,inventory only; see report for traced paths
apps/api/test/ninja-pool-rules.test.ts,tests,165,6810,f071588288c22c526e2ac86db2622bad1d3ea0b88858ee6588baa71f99d6ddfe,inventory only; see report for traced paths
apps/api/test/ninja-pool-shared-runtime-practice.test.ts,tests,178,10839,98f335ca1dba847a900a7b14821e9d9c4ff62c7ac6a69d55dd4ae82d452226b6,inventory only; see report for traced paths
apps/api/test/ninjamation-db.test.ts,tests,332,12730,effa52bbf1c892944611b2160bde4b4e23b1f727f6b083f0de65744313e04cfb,inventory only; see report for traced paths
apps/api/test/ninjamation-domain.test.ts,tests,79,3160,2c135eedc3cf9a1c6a38ab4a7ff453606fb6cd0be686577bef2c41e454b220a5,inventory only; see report for traced paths
apps/api/test/ninjamation-import.test.ts,tests,48,1697,849eea229938aa210846eb1e957c2637fc16416ec506dbab154efcfd4fbe4e6a,inventory only; see report for traced paths
apps/api/test/ninjamation-phase36-db.test.ts,tests,191,15009,212548d11e71d930d343583d8bcf9d95a6ef97d1a256c5300cf3e839235aa5d9,inventory only; see report for traced paths
apps/api/test/ninjamation-phase36-domain.test.ts,tests,67,3488,a6e7a51d42c18a0aed4f0c5ea77d7a94e5701a98cf6b1e806b6805e1b7d40c16,inventory only; see report for traced paths
apps/api/test/ninjamation-phase36-static.test.ts,tests,77,4550,90c76f2755108361c2ec4a3f65bf131202f776777ae36f73d6351dda5f592978,inventory only; see report for traced paths
apps/api/test/ninjamation-viewer-gating-static.test.ts,tests,33,1947,dc91d897989ec72a5a3ab8733b4e6ec472de7300b0f10c4b9f7925b76fe36678,inventory only; see report for traced paths
apps/api/test/operatoros-messaging-compliance-static.test.ts,tests,63,3365,4d1a057bf98ce20fe558608e7cab8df75f3218a478ac66a7b10386f21f2169f7,inventory only; see report for traced paths
apps/api/test/operatoros-messaging-compliance.test.ts,tests,173,8141,3508f41f62aefa06120f35d93813f18216d48818410106c6aef6581a5a0bc460,inventory only; see report for traced paths
apps/api/test/operatoros-module-registry.test.ts,tests,263,10598,a35adeab0a6257992af793ba151ba6dcf779b7ef31e16183ed9da79020754724,inventory only; see report for traced paths
apps/api/test/outcall-adapter.test.ts,tests,44,1438,46d6ea0bc067a1e060ab5bbdaf12a58f2100c37387c8a8877c829ae9a4194872,inventory only; see report for traced paths
apps/api/test/outcall-phase12b-db.test.ts,tests,414,19494,60e2c5c33522aa8d104976ce9e073c3c18b53e4617b228c6bbd7afaa7faac1ee,inventory only; see report for traced paths
apps/api/test/outcall-phase50-routes.test.ts,tests,47,2740,0e5cda974dd842be8a07aea06597fb91b0ce47304fe8d5afbbf617c2a3cff54f,inventory only; see report for traced paths
apps/api/test/outcall-provider.test.ts,tests,125,5594,7c3a4d976c724db8db298dad8c552216e8e5723a04e6a8086c014a43c0f46d7e,inventory only; see report for traced paths
apps/api/test/phase14-hardening-contract.test.ts,tests,106,4287,525ebde901d65e975f1df135ab6c2e57d7359d7a011ddfe63cacbd660fa652ff,inventory only; see report for traced paths
apps/api/test/phase15-release-identity.test.ts,tests,116,4307,5bd00010140b076d4bd1bb2bd205d753ac4c23f25261e3c89c3bae06a28c5365,inventory only; see report for traced paths
apps/api/test/phase17-deployed-acceptance-static.test.ts,tests,47,1973,3bf8dcb5d306de30056c9d918895d8397441dfab1c9bf7882fbab17f1f1ae81b,inventory only; see report for traced paths
apps/api/test/phase39-production-hardening.test.ts,tests,113,6068,3834e7bbe8b063d98565c8f7a37fab2b394329a6be2a76c720e09cb03f27e885,inventory only; see report for traced paths
apps/api/test/phase51-route-applications.test.ts,tests,44,2491,211bf1662a8ce290064b39ff59b3ecaadd52f0d0765cb6f1d51fe9423f228487,inventory only; see report for traced paths
apps/api/test/plan-downgrade-revoke.test.ts,tests,128,5726,e5c5defbc1950bd9322582a7df01760979ce3b7289544daaadd46b73b1f67f99,inventory only; see report for traced paths
apps/api/test/platform-brandforgeos-hard-delete.test.ts,tests,238,10086,9f6c7bf10b2faa8d9317e9b01b6d3d69d72f3fbef8cbc458d6cd7cd38c9455ba,inventory only; see report for traced paths
apps/api/test/platform-command-navigation-contract.test.ts,tests,60,2973,300a2f5aeb8877bc5ca3a82e792a8c7eb4fb21cf31b8fb80483a3d9f7aa38666,inventory only; see report for traced paths
apps/api/test/platform-frontend-paths.test.ts,tests,338,19057,853d50de9be64183334ed407401e4c718e0444bb898c58b1fd43720a347b3426,inventory only; see report for traced paths
apps/api/test/platform-ninja-pool-hard-delete.test.ts,tests,322,13034,eed2e04a5184be61553131c87745576669136718646b992e6fdec828b77c0f11,inventory only; see report for traced paths
apps/api/test/platform-pricing-driftfix.test.ts,tests,246,8833,31f58f483ade0e749c1bfb14d81cc10a607b73f7612198a7dacd28e49a00e625,inventory only; see report for traced paths
apps/api/test/platform-rbac.test.ts,tests,87,3682,9735b2322237e50ce46c2018650892e8ea766b6c80308673cc22e35085ca21d8,inventory only; see report for traced paths
apps/api/test/platform-route-contract.test.ts,tests,113,5573,b45c636605390f5df34b84cca8e034a346f2d008c87b56d050b72b76c164ee42,inventory only; see report for traced paths
apps/api/test/platform-sso-settings.test.ts,tests,132,5882,f2f0904d2732210fecd54d282553badd5512f3c42a29790ccb282f2ec2a452df,inventory only; see report for traced paths
apps/api/test/platform-stats-billing-events.test.ts,tests,100,4219,e6b83a5ee1e6a78e4400e22d4ed80eda6b30e073de18be426b8bf55443c7a445,inventory only; see report for traced paths
apps/api/test/platform-stats-silent-zero-warning.test.ts,tests,161,7829,1a639e0d2884a6fc6db813e1fd321844055ac94937c203bba76e08e1e99bc6ff,inventory only; see report for traced paths
apps/api/test/platform-tenant-hard-delete.test.ts,tests,215,9132,1a2293f3b171d57e06954bbfd49e0518fa93a3f1a1a0c53d9eb35fb2bd7abd7d,inventory only; see report for traced paths
apps/api/test/platform-tenant-restore.test.ts,tests,124,4881,3bc9df633a593aa8bdbe6158c42099393cb934b9667a92f3bd41e60bf0ab8be3,inventory only; see report for traced paths
apps/api/test/product-entitlement-contract.test.ts,tests,62,2331,fe95ea5932707da17e68c49ecf775d6ffe1dc6621bf9cd62745a6f0a78f26ff4,inventory only; see report for traced paths
apps/api/test/production-env-preflight.test.ts,tests,331,15540,7b78d63d0fa0dbbb9ff8312ea5d37eb6bb625db64b1d7016166a0ec6e453e906,inventory only; see report for traced paths
apps/api/test/production-runtime-verifier.test.ts,tests,141,6474,193ca1b38ea75fd7cf8686ee1d4ca72e0c809eb51a252824e32e8f4af9282154,inventory only; see report for traced paths
apps/api/test/provider-isolation-production-artifact.test.ts,tests,150,7797,d87c57af5b7118b8999a04887200c68763f965c7fcabd806a93f1e5c762165e2,inventory only; see report for traced paths
apps/api/test/proxy-trust.test.ts,tests,115,4213,2c0ba24706871eb64f3fa67079226e287a71ca884517600fdc8eca730894e07b,inventory only; see report for traced paths
apps/api/test/public-seo.test.ts,tests,87,4301,699ad6f989ed353a1c0a6273848cd568b0450da667dfc58c3bda563a98cd5026,inventory only; see report for traced paths
apps/api/test/public-url.test.ts,tests,184,8202,94d60eb763db493713248f7dab01277a0044481bb307735d44efd72251d55fcb,inventory only; see report for traced paths
apps/api/test/pulsedesk-import-plan.test.ts,tests,43,2454,bb26a8f3de89c8fa1ba6e4fa05e3e5178aeb94148fee016cf5a45e60b0124dae,inventory only; see report for traced paths
apps/api/test/pulsedesk-import-static.test.ts,tests,333,15544,19bbe40af856a33e72468e6c0f9226ebec551d287c4ede6a68eedf5129ccb9f4,inventory only; see report for traced paths
apps/api/test/pulsedesk-literal-product.test.ts,tests,39,7574,fb0c7f09c29832b6b1743df8d9dc7eadfcfa06f96933e9e25a15d471af73462f,inventory only; see report for traced paths
apps/api/test/pulsedesk-literal-static.test.ts,tests,57,3600,b575f9903f527e8c9e18eef97c492a9cd6f794534b3fafe92504171dcaf0de3e,inventory only; see report for traced paths
apps/api/test/pulsedesk-queue-ui-static.test.ts,tests,63,3228,91d6cee1020d70ed87c48ce66c28cb9be4373965a62f991e65c77f2f4d45c6ce,inventory only; see report for traced paths
apps/api/test/pulsedesk-requests-domain.test.ts,tests,402,14503,fbd65bc97f6793ffaa266ad25b205567391eb5a9ecae88ba7b5540dc4648072c,inventory only; see report for traced paths
apps/api/test/pulsedesk-service-desk-domain.test.ts,tests,66,3640,225576cbd54766ca528632d89b30599cc9dd9cbcd17cc5d6aec6aa519c039539,inventory only; see report for traced paths
apps/api/test/pulsedesk-service-desk-static.test.ts,tests,93,5953,40b711a28921b6121ea83222c50980ab368ab507a19bfcbb9d27c8c355b7b24e,inventory only; see report for traced paths
apps/api/test/pulsedesk-shared-runtime-requests.test.ts,tests,151,8576,1a9fb8cef63fa610cf2a2610ce224a740bb6d108719d6f5fb8d5ddfe9727fc29,inventory only; see report for traced paths
apps/api/test/pulsedesk-source-ledger.test.ts,tests,88,4506,96ec17dacb325cdfe93d468bd6011b50b982a2c7245352a5517c3564897e209d,inventory only; see report for traced paths
apps/api/test/pulsedesk-state5-workflow.test.ts,tests,351,22264,97df237b8e4b4d351776a849e58e7d00999dd471ca8f279400b19abad15b8ae8,inventory only; see report for traced paths
apps/api/test/rbac-predicates.test.ts,tests,37,1661,bb1539975ee467b39a330186928593c8bd85d16b8155eaaa7d9185a4eff5405f,inventory only; see report for traced paths
apps/api/test/remaining-module-viewer-gating-static.test.ts,tests,85,5283,413f8c4e5fcd396a0ce15de8b0b80540df107b56881182b2dca1000eb93fda26,inventory only; see report for traced paths
apps/api/test/replit-unified-runtime.test.ts,tests,217,11822,8b392264a5651e8b440081e7c919b542b8db8dbe85957913885e54ca4522b781,inventory only; see report for traced paths
apps/api/test/request-origin-policy.test.ts,tests,101,3276,83bf5f21bc44eb7486a7868a3133fc2351922a090f3c9a13dc37aaca48f8697e,inventory only; see report for traced paths
apps/api/test/section-seed-backfill.test.ts,tests,183,7667,6ad8e74b7bf3252f707eafd1acc38ddf83e1fee416731056e31495dbce14221c,inventory only; see report for traced paths
apps/api/test/seed-concurrency.test.ts,tests,160,6547,d86703649e2b3931162a493a2e073b7cc09b9aac86c477103a18aabff3a5e245,inventory only; see report for traced paths
apps/api/test/seed-credential-policy.test.ts,tests,78,3066,5e398e3ab4c56153f81e39d2e76e33eafa4044f324ac76a77730fe6f401ef7d9,inventory only; see report for traced paths
apps/api/test/session-secret-bootstrap.test.ts,tests,20,791,648279e34c8128c1ada8f927844e0691cb031accde65a703eb26aa9aff86f5ec,inventory only; see report for traced paths
apps/api/test/shared-platform-routes.test.ts,tests,154,9468,4b2ff3fae861a7b895fd29651b4610eb1334b9b5d67275487ecd3cc77f46a5b6,inventory only; see report for traced paths
apps/api/test/shared-platform-ui-static.test.ts,tests,77,4032,143876ba93f26c4b07e8dc170897c23334626677a193f3246e1b9f7e08ff9fb0,inventory only; see report for traced paths
apps/api/test/shared-platform.test.ts,tests,261,17085,2152a38ee8e00ce929d374fbe8130156d75eb469862dfb8de368d638d684de37,inventory only; see report for traced paths
apps/api/test/shared-service-routes.test.ts,tests,302,11952,a950f9bc2ebe533fa3f64c3ef2edf9fdef8dfd0f2add68ae75b98e10c093dd55,inventory only; see report for traced paths
apps/api/test/shared-services.test.ts,tests,494,20799,c07a614fee3524906263ab5aeaa917d5babce930360146c3cfcc93c8dde55eb0,inventory only; see report for traced paths
apps/api/test/shared-sso-routes.test.ts,tests,507,18396,a9d38c293cd65c6e6d14f8e623d5707e65ad12535660132682a4d95cae66c833,inventory only; see report for traced paths
apps/api/test/sidebar-role.test.ts,tests,112,5435,c66853db555608d1e8ad8fb836d01739d2e04626f9e325720871a61f765abb34,inventory only; see report for traced paths
apps/api/test/snapproof-techdeck-viewer-gating-static.test.ts,tests,83,5708,72fe878ea09f579d5b1e78128797b8b14ea3e146807df004f1c19a678e8ca4a9,inventory only; see report for traced paths
apps/api/test/snapproofos-db.test.ts,tests,749,30550,821fcb0acb8d1733e64aa33fb86785dd86ee096bf0e02a6ef7a19727bc7de9ba,inventory only; see report for traced paths
apps/api/test/snapproofos-domain.test.ts,tests,85,3020,3bf748409496f7358db32d6aa25887cd725b0fed5c7546e1ad003ceaa4f8bfc3,inventory only; see report for traced paths
apps/api/test/snapproofos-import.test.ts,tests,32,1221,c12c8b5d33667a903c690b7ab36327fdedccfb53fcdcdab19743de6e604d48a7,inventory only; see report for traced paths
apps/api/test/snapproofos-phase11b-contract.test.ts,tests,78,4329,749847dde17bee0a6c74a745b86a8064ac8ee3f678a112e615b1ef08f022f441,inventory only; see report for traced paths
apps/api/test/snapproofos-phase32-domain.test.ts,tests,45,2759,5c096729302ef09069e3e6508129d8e194088cfdca4ba10af7b724285e8e3baa,inventory only; see report for traced paths
apps/api/test/snapproofos-phase32-static.test.ts,tests,122,4776,392b2e9fb36ca8a1000f7e3aba637945ec0c78b33507b354fe22d587e31dba9a,inventory only; see report for traced paths
apps/api/test/snapproofos-phase50-routes.test.ts,tests,59,3840,1a0610904347c84e2b682e65c2d8874c07affcb7500fc12fc821590a231a3e63,inventory only; see report for traced paths
apps/api/test/sso-browser-matrix-static.test.ts,tests,43,2249,3740928dd83a17f37dec41479b9b8b076bbc5fff23e0112e2f14ac87596c4a7b,inventory only; see report for traced paths
apps/api/test/sso-cleanup.test.ts,tests,157,5330,b988391bd3e4e361b02144c22f9f9a668dc867d5e2aad0a0ac8227f12f84adc0,inventory only; see report for traced paths
apps/api/test/sso-consume-rejects.test.ts,tests,158,5611,6c8593c8428913141e6d27586eb9e452efe42255f1757b588b7d411140527fb1,inventory only; see report for traced paths
apps/api/test/sso-contract-v1-static.test.ts,tests,141,6287,fa0d9b55f0ca29e12a904b6a25f7bb2879ea77f48d8b46b41154f4d91cf90730,inventory only; see report for traced paths
apps/api/test/sso-diagnose.test.ts,tests,251,8767,73972a943721411da21f9b6a739a60c06d5e717bf7993c19e675083166bd45f1,inventory only; see report for traced paths
apps/api/test/sso-exchange-endpoint.test.ts,tests,187,7843,efef9a103960e3377f75875a4e556d68823957bfed3783ca36f24f5bbfdd45c5,inventory only; see report for traced paths
apps/api/test/sso-exchange-rollout.test.ts,tests,72,2743,95e280d99e4810eb144116abbd47d3986f71e644bc729a15005d101a9b375ccb,inventory only; see report for traced paths
apps/api/test/sso-observability.test.ts,tests,48,1942,21b2d50b7055bbae5398c1f6050b477627b7a2dc763930b4c1facc5bbbc4e550,inventory only; see report for traced paths
apps/api/test/sso-shared-helpers.test.ts,tests,196,7440,de6e59db757831e6a36606ac6fcddbcff5d3c7e80e479ccbcb3718c387ead26d,inventory only; see report for traced paths
apps/api/test/stripe-mode-disabled.test.ts,tests,25,1065,0fa5d37b7c3f7694c5513b97f4ac86f28bf6648967053ac89cdc4865b9bf72ca,inventory only; see report for traced paths
apps/api/test/stripe-test-mode-enable.test.ts,tests,53,2178,566053b816be0163074d52c9026757313388eb1fcbd6fd53c0b9f9f8a8be9787,inventory only; see report for traced paths
apps/api/test/studyforge-answer-review-static.test.ts,tests,26,1462,06be2e12a59a740ff65e7aef830fef036dc83f46f5ca0f189f06dcc6e8ea083d,inventory only; see report for traced paths
apps/api/test/studyforge-db.test.ts,tests,376,18470,7196c90468dab0748d2032dd44deb6846607da801cfcf2143f6d52897a3183f1,inventory only; see report for traced paths
apps/api/test/studyforge-domain.test.ts,tests,106,3972,e86808c9b73eb252e04f0c6a29fc686301461c2be571356d4cf787f3bcedab0e,inventory only; see report for traced paths
apps/api/test/studyforge-import.test.ts,tests,35,1352,aff7b298476922a44d6227f7a69279e08da7a20bae8c981fe1d445ea0d9dc379,inventory only; see report for traced paths
apps/api/test/studyforge-phase11c-contract.test.ts,tests,69,3749,a7ed2cbf32f5781b24eea6dbebff2b6889d8c40f844b3f084e1e610318c85a2b,inventory only; see report for traced paths
apps/api/test/studyforge-phase33-db.test.ts,tests,335,28523,f5e18a430736ded242d70d732382a8780700289cd85def3dd4cd79d96b711b89,inventory only; see report for traced paths
apps/api/test/studyforge-phase33-domain.test.ts,tests,193,9184,e7188a6165538c9467436b21dac64eb3f0b7c0fc876c421ef89fc60165352c78,inventory only; see report for traced paths
apps/api/test/studyforge-phase33-static.test.ts,tests,84,4841,8bc4a45965512d4b5c945d06595e06a20a9039773e51dc1e721743249e431a2d,inventory only; see report for traced paths
apps/api/test/studyforge-viewer-gating-static.test.ts,tests,101,6091,fa0a5480439a295c9d27c4a29736c144d2eccbf9cbf0588f48ecdeb1425dce70,inventory only; see report for traced paths
apps/api/test/subdomain-runtime-contract.test.ts,tests,222,12069,84f6efe7dee520d4ed95ebaa9032232d20a1ed2cc41f0846362d326c20327830,inventory only; see report for traced paths
apps/api/test/sync-tfk-feature-whitelist.test.ts,tests,101,4026,2aa082cff882bf81ae5c806ac6a5042ded9f84896628f54e603a51d23c373f10,inventory only; see report for traced paths
apps/api/test/techdeck-import-plan.test.ts,tests,49,2838,f3885618afe54034a9c82734704e0e5a3967f83ea55a87cd0b9be05931a1a783,inventory only; see report for traced paths
apps/api/test/techdeck-import-static.test.ts,tests,297,13780,7767dd5776f61544811daff0036937a118dc03be79725dcba999f8cf052a9cd3,inventory only; see report for traced paths
apps/api/test/techdeck-literal-product.test.ts,tests,232,17950,f304ef9e2834855bb07fe533659ee870c5e2cd2e046992be3433e993160328cd,inventory only; see report for traced paths
apps/api/test/techdeck-literal-static.test.ts,tests,62,3622,1653601ae86e53cdf3d551a80f6b028c908f0a85a57569907f63f21c28348326,inventory only; see report for traced paths
apps/api/test/techdeck-ops-workflows.test.ts,tests,220,8935,3a7eaec2bae2a381b8b3295d9f30cbfe286cb394c39e64368407b31a1bb3c2c8,inventory only; see report for traced paths
apps/api/test/techdeck-shared-runtime-tickets.test.ts,tests,221,10124,108e73ca8f8831cf8babbb0d8178ddb3a5422f82b393a6781210c908607729bd,inventory only; see report for traced paths
apps/api/test/techdeck-source-ledger.test.ts,tests,87,4443,5a7ea63851eab4a11fa68e8d2e4dd3c3f8fac85c8e9f6b22a01a0f0bb8cdaf7a,inventory only; see report for traced paths
apps/api/test/techdeck-state5-static.test.ts,tests,70,4335,f63490c03a2ef15c467153db23424be314450210c7e17903149fbed5d000ec60,inventory only; see report for traced paths
apps/api/test/techdeck-state5-workflow.test.ts,tests,255,16413,0cb9a5a9aa28f17304906b1356f95e044c21b4fdc3c325c4bb58c8f32e2b274e,inventory only; see report for traced paths
apps/api/test/tenant-crud.test.ts,tests,141,7538,8d85ab5ef7eb2361a18aabbfef8c45c3ed3088ccf01858dc13e5979a788de261,inventory only; see report for traced paths
apps/api/test/tenant-entitlement-model-static.test.ts,tests,66,3188,73e79aa34778f65b033ed2b561b398bf8ff32fd6af8261c2eeac3045cf5db6b8,inventory only; see report for traced paths
apps/api/test/tenant-invite-emails.test.ts,tests,216,9023,86a58fa2676d4d7d09a5d996078d2bdfba48f71f745b38d658afe8c13775520b,inventory only; see report for traced paths
apps/api/test/tenant-invites.test.ts,tests,299,11950,d23ed03f1f09fc84b984337537b6612fc5c9d95784503c1a53051d0f670bbb25,inventory only; see report for traced paths
apps/api/test/tenant-isolation.test.ts,tests,230,9052,ed190c91d9c60407b93aa8260ff394f1f5f5cad775a5dc520aa63982f6c6fe48,inventory only; see report for traced paths
apps/api/test/tenant-messenger-ui-static.test.ts,tests,57,3180,f62e9df9b103f2d3c10b02331cfdf903ca23a96d1a04b4f92b38dfda23ce7f3e,inventory only; see report for traced paths
apps/api/test/tenant-messenger.test.ts,tests,456,21721,fc01e424930cd5b602868b3ec1bdadc348607e1e80b65d30fc5a539dac6730f1,inventory only; see report for traced paths
apps/api/test/tenant-module-access-rbac.test.ts,tests,182,7842,5b2e292657e724d461cfec518d97297976f6690837be858e5ae4fd9834633a9b,inventory only; see report for traced paths
apps/api/test/tenant-module-assignment.test.ts,tests,407,16347,89c149ba2f50ec927f78cfe4df25dfda6a7d9388a0faa87868a7f1572675121b,inventory only; see report for traced paths
apps/api/test/tenant-rbac.test.ts,tests,243,9123,cc858ac86fcba4ecdfe413aaded907e016fc4bc4f01475a3c863bc9cc9d73d27,inventory only; see report for traced paths
apps/api/test/tenant-routes.test.ts,tests,195,7156,58b9bcc3c4b2a0e31bb9b556aa6db17d1fb1dbfa77e7851529ac7fe5c1389a07,inventory only; see report for traced paths
apps/api/test/tenant-user-mgmt.test.ts,tests,148,5662,ec14eedbdc70219bc09bd9a02ec067b940a243c4d1519f027bb3e6a62685fc3b,inventory only; see report for traced paths
apps/api/test/torque-assist-domain.test.ts,tests,131,4701,3f5bb5ce7ad4a765f31c173f6b6c314c50fcea3bbe0adb256ccd9c2952ef8860,inventory only; see report for traced paths
apps/api/test/torque-assist-static.test.ts,tests,211,12091,4521605bf65d4a59d99f23725c28b55d050180ac57258f66f16bbebb8f54b370,inventory only; see report for traced paths
apps/api/test/torque-assist-workflow.test.ts,tests,1002,40496,1b6a8a5cc8925f6083b9ccd15075ecd6e73bcb31ef58a24b3741035ce770fde2,inventory only; see report for traced paths
apps/api/test/torque-error-translator.test.ts,tests,52,1952,8b1b9cff08fd37a73f57ac990831ced5f06e306e6ccd4cd6f59eeed6ed552ee9,inventory only; see report for traced paths
apps/api/test/torqueshed-foundation-domain.test.ts,tests,42,1683,802f9c2247cbbde2e26dfa76df1639e07aa0ac0ea19a13b56386e1ab1b555499,inventory only; see report for traced paths
apps/api/test/torqueshed-foundation-static.test.ts,tests,95,4336,fb001cd4b716d7118898cf5ec889429ea73df97452a6d86dee87e8e5fe8af867,inventory only; see report for traced paths
apps/api/test/torqueshed-foundation-workflow.test.ts,tests,494,17271,bbe54bcf141eb9df9f949325beb2fd21ee97dfbf51af3027d4fbb77084882244,inventory only; see report for traced paths
apps/api/test/torqueshed-import-plan.test.ts,tests,42,2034,35150920979113fa6d107f7856abfd34c8fd7218ee12139ea7094460ecdfa209,inventory only; see report for traced paths
apps/api/test/torqueshed-native-auth.test.ts,tests,117,11947,abe80b8d5348a3059e97b972789488fd7661b6a976176b223217bd42043bd5de,inventory only; see report for traced paths
apps/api/test/torqueshed-native-static.test.ts,tests,32,4212,92fa4f8475d29e9ec56899ac74e4b51a5871191717c4b207f133b41bb3294f75,inventory only; see report for traced paths
apps/api/test/torqueshed-revenue-readiness.test.ts,tests,86,3957,7d08ac49ce00b810e26717a337a27c5d1f4e3e5341d43bc098cd6c724e5be489,inventory only; see report for traced paths
apps/api/test/torqueshed-route-migration.test.ts,tests,71,3974,b4f4f6518a3df25ed5b1871aa70188efbf08d013b5b388efb466fe93a5422770,inventory only; see report for traced paths
apps/api/test/torqueshed-settlement-reconciliation.test.ts,tests,202,8644,2c37547c40c41ed080dc80632fabfcaa7283159ac89acdb287d9ef02e34b6048,inventory only; see report for traced paths
apps/api/test/torqueshed-social-domain.test.ts,tests,78,2962,966cacd4a81a7acdaa04e5040b69d970e303cec1d002c0ffd87925d2a942af1f,inventory only; see report for traced paths
apps/api/test/torqueshed-social-static.test.ts,tests,115,5530,edf81b5bf13038d39581ffd50e1a6c4654235f8385f53cd833d6d10045ad3bed,inventory only; see report for traced paths
apps/api/test/torqueshed-social-workflow.test.ts,tests,319,11239,8a5c9b8d06bfe0ab560606c8d85c80c8655b2b1ea1468c5dbb2a23b2668c32c7,inventory only; see report for traced paths
apps/api/test/torqueshed-stripe-catalog-db.test.ts,tests,41,2308,5b80487cd56f6ca2d41d65091405ae6c2ae166a59dd3a040a3b5e23d99113ca3,inventory only; see report for traced paths
apps/api/test/torqueshed-stripe-catalog.test.ts,tests,103,6505,feb4dd3b93e852db0b46d6cbb8802b90359797cb612106671ecb2bb50bdb769d,inventory only; see report for traced paths
apps/api/test/torqueshed-web-api-product.test.ts,tests,82,10825,4c014c179f0919a6b8f7df95e433ee642268dbd1527d547c3a577aa6ae6dee24,inventory only; see report for traced paths
apps/api/test/torqueshed-web-api-static.test.ts,tests,30,3377,06604e2efc2a26f2e9c612baa8e44c179d7a8a131ec6aecc76610f637e67376c,inventory only; see report for traced paths
apps/api/test/tradeflowkit-accounting-export-format.test.ts,tests,74,2755,c0288f322e5852c5384c9380409d513d9912ebcf6b919bbd36e5405d6e79ab5c,inventory only; see report for traced paths
apps/api/test/tradeflowkit-accounting-exports-static.test.ts,tests,46,2350,51b619382612e93060300b94c752497f9b627b258acd760fb112a627154886f0,inventory only; see report for traced paths
apps/api/test/tradeflowkit-accounting-exports.test.ts,tests,172,6591,6ab03d66933719d291280ad700e4b7d8b0807c01e8189e72404d1ccce97d526e,inventory only; see report for traced paths
apps/api/test/tradeflowkit-adapter.test.ts,tests,315,12192,b59a7bc3a67ddf8d40a9055491ec36ffcfec62e16fcc561b57467c1a2571ead9,inventory only; see report for traced paths
apps/api/test/tradeflowkit-customer-import.test.ts,tests,271,11965,6ed32fc5cc5852fa06b9b38c64db9b9d02ab14f47a94380a7ee4ed74e7aa80da,inventory only; see report for traced paths
apps/api/test/tradeflowkit-document-mutations.test.ts,tests,337,14865,ac054c54667b4ebfdef9eacc66d6d8f9f80c8a126ba62d32bef0889520f2209e,inventory only; see report for traced paths
apps/api/test/tradeflowkit-global-search-static.test.ts,tests,56,3141,f09ac1f6c545b98b001393cb57b6b0e3ef74828f3a0e4ebcf53d6218843cf606,inventory only; see report for traced paths
apps/api/test/tradeflowkit-global-search.test.ts,tests,178,8359,c1180ee7337dc3ec190ce5a1d48d33622a79daeb422408f248d91943844b5a3f,inventory only; see report for traced paths
apps/api/test/tradeflowkit-import-apply.test.ts,tests,318,11789,03230eaf43e0ec51660e5a8d0b1b67836f5970a065802a678cd2298ded5f91b0,inventory only; see report for traced paths
apps/api/test/tradeflowkit-import-command-contract.test.ts,tests,35,1701,3a94d4fd4a5c15042e34582ad3b39e8ed3269640d9b24ef9a30d23261ca80576,inventory only; see report for traced paths
apps/api/test/tradeflowkit-import-plan.test.ts,tests,61,3805,17fa81a9213895d5a6117bb242268114d432cc0a99228317e44e37613318c18c,inventory only; see report for traced paths
apps/api/test/tradeflowkit-import-static.test.ts,tests,323,14154,35240c0bca16f8ca10abe235a5281de87556a5a4aade89402f036b0f9d5404bb,inventory only; see report for traced paths
apps/api/test/tradeflowkit-lead-messaging-static.test.ts,tests,32,1923,452b56216bde68621828a81d75057cd033dbc5b6585ff53fda6f3cfeb5e290b3,inventory only; see report for traced paths
apps/api/test/tradeflowkit-lead-messaging.test.ts,tests,152,7947,5021de21efc796d42dd39832dfc6c46a8c1adbfc8853aadf20f7b1943b136e76,inventory only; see report for traced paths
apps/api/test/tradeflowkit-lead-operations-static.test.ts,tests,136,6579,2f8d01cba194d36fca002d2761a4aea9e86153870e8c6007cfbcd0692eeec88a,inventory only; see report for traced paths
apps/api/test/tradeflowkit-lead-operations.test.ts,tests,309,15528,0d9f26bc514c8ac655846e84cfe3c228433cefdaf48d2f1ad306324c11df07b8,inventory only; see report for traced paths
apps/api/test/tradeflowkit-payment-provider.test.ts,tests,59,3192,8e47b5ab77dee7f6cc293c7b0df42fae1c3718b6caf4170833a1e3430120c04c,inventory only; see report for traced paths
apps/api/test/tradeflowkit-public-intake.test.ts,tests,187,7712,7e0c6932c9c6a71e324d6f8acccd40b8e739fcc4408a820a0a4e78eec6d95aef,inventory only; see report for traced paths
apps/api/test/tradeflowkit-record-imports.test.ts,tests,261,13182,e3d8b5e289922f0dcfbe6c8f7249fc00cb3612c8b05e0b11215fd2cd92d568e3,inventory only; see report for traced paths
apps/api/test/tradeflowkit-recurring-jobs.test.ts,tests,141,7523,0b3969962ab73008eb70dea019beeb374079b8c44e7d8766e6c00cf901f3c8c5,inventory only; see report for traced paths
apps/api/test/tradeflowkit-retention-static.test.ts,tests,44,2821,f92a82732e31042f62e946669b4dfcf552818ca9cbc6b6ab6a9936991b3a3007,inventory only; see report for traced paths
apps/api/test/tradeflowkit-retention.test.ts,tests,197,11025,6fe5a45ed0b7d23f361109fce6a0670818b6dc71b84f6669edaa4c60032b15ac,inventory only; see report for traced paths
apps/api/test/tradeflowkit-revenue-flow.test.ts,tests,194,8900,c88d44086f84593fec94e4a97caf68f96b4acb9e9a5b6a3c8a94d450b91490ad,inventory only; see report for traced paths
apps/api/test/tradeflowkit-revenue-ui-static.test.ts,tests,114,6365,c4f01af563e2c7aef5e2fc25a087cdcbd6a04a2405bd9f88878a2b819e5e6c67,inventory only; see report for traced paths
apps/api/test/tradeflowkit-safe-bulk-operations-static.test.ts,tests,45,2673,f9e4ad75c7b060321edaab274973441667a77b7e507e776c8dbaf89c977fd8f7,inventory only; see report for traced paths
apps/api/test/tradeflowkit-safe-bulk-operations.test.ts,tests,292,15856,0c610665fcad5df1aa52570d0392920930200bd953ce5cbb2867c420337640f1,inventory only; see report for traced paths
apps/api/test/tradeflowkit-saved-views-static.test.ts,tests,42,2186,16a6022ebb973acd23aacc1f8e4edbfb1cf2f91dc7ec7379cd58243eea28214c,inventory only; see report for traced paths
apps/api/test/tradeflowkit-saved-views.test.ts,tests,183,10066,d22d3e64a32851009a57cf9ebeda66fc9377434b288b0c37ce328f6fa1620fc4,inventory only; see report for traced paths
apps/api/test/tradeflowkit-shared-runtime-leads.test.ts,tests,169,7793,0c1f01f8855aa5dbf29f240c8284bf2824e93a18022dd9b6f46ee0d65bdbd6db,inventory only; see report for traced paths
apps/api/test/tradeflowkit-state5-workflow.test.ts,tests,412,20332,e7b795f436bf274f358caf4226714c8d4c87de59be96678a3f8a2e326a7bd3d5,inventory only; see report for traced paths
apps/api/test/tradeflowkit-stripe-settlement.test.ts,tests,207,8192,8633c25f95a4d17599e208c025a3c536a336fd4d79d174daaab283994ae897e1,inventory only; see report for traced paths
apps/api/test/tradeflowkit-work-management-static.test.ts,tests,47,2292,b312960952c7b9394d9e789912427a486df5dd8a9eab13c95ca458988c6289a2,inventory only; see report for traced paths
apps/api/test/tradeflowkit-work-management.test.ts,tests,448,18586,16250e70de796fbe44190bf0e6db18ec0c65b5f60e60fb068d36cb48f81d1b7c,inventory only; see report for traced paths
apps/api/test/unicode-glyph-pages.test.ts,tests,134,5776,2103f8563a5b668763007b5ae39d59ae7130e90ab1f181dbc8747651385ad929,inventory only; see report for traced paths
apps/api/test/unicode-glyph.test.tsx,tests,84,3880,ab5b86935eaeea04dc19636667c188930a94ad15815fc981469ac5d5bddc3614,inventory only; see report for traced paths
apps/api/test/viewer-normalization.test.ts,tests,86,3621,ee9ef6cb44d6ea296ee05f7c6fea94e0e675b7f92b7083a4ab42864a2caab755,inventory only; see report for traced paths
apps/modules/brandforgeos/source/artifacts/api-server/build.mjs,quarantined-import,126,3581,8133e19ab8526b0f65b5fb0a54911176758f5973b25f01b682a79e76ed8bb54a,inventory only; see report for traced paths
apps/modules/brandforgeos/source/artifacts/api-server/src/app.ts,quarantined-import,51,1338,a0ffa1e4ab11718b3b66049463228f53383a0827409be2efd29196134c5a824c,inventory only; see report for traced paths
apps/modules/brandforgeos/source/artifacts/api-server/src/index.ts,quarantined-import,25,536,750554a43e8e1e1f6007ab872107ae44a4870b586da35b320eed8b9907fc2dcd,inventory only; see report for traced paths
apps/modules/brandforgeos/source/artifacts/api-server/src/lib/auth.ts,quarantined-import,86,2404,e91fcba5c5a0209ed82522663faf97e15d2ac1ffc175574bede4a3063f1c2e43,inventory only; see report for traced paths
apps/modules/brandforgeos/source/artifacts/api-server/src/lib/logger.ts,quarantined-import,20,441,61936304bfdbd72987ee561605fb9da3fecad8d2a52c5c9f8557734855d1a4a0,inventory only; see report for traced paths
apps/modules/brandforgeos/source/artifacts/api-server/src/lib/plan-limits.ts,quarantined-import,79,4276,4e4f40023972068b91b2425438bc1d3819ca98a019dbeb621ea8b80a9f3bd0e8,inventory only; see report for traced paths
apps/modules/brandforgeos/source/artifacts/api-server/src/lib/tenant-auth.ts,quarantined-import,53,1854,5f25690b43217d027be8636be717c3e73217eea6374ce52196ebec1f65941c8f,inventory only; see report for traced paths
apps/modules/brandforgeos/source/artifacts/api-server/src/middlewares/authMiddleware.ts,quarantined-import,87,1986,cf380bb3f54abd17df51e1d575404c4b4bf10c8d20dc0b0128c2ce1c2ca1c22c,inventory only; see report for traced paths
apps/modules/brandforgeos/source/artifacts/api-server/src/routes/admin.ts,quarantined-import,265,11907,6beff860d07ccad48ee639631b388581bc4008f4c8c446f5820c9d901e57bf01,inventory only; see report for traced paths
apps/modules/brandforgeos/source/artifacts/api-server/src/routes/ai.ts,quarantined-import,152,6268,12e1b888953f2233fe0bf386ce408cc740a83e203cea2098bbed1bbccff5168e,inventory only; see report for traced paths
apps/modules/brandforgeos/source/artifacts/api-server/src/routes/auth.ts,quarantined-import,272,7840,c3d3b961bd3a8801e866cd2f25892838211377be4e3bfa4b4d15aff1cb4311de,inventory only; see report for traced paths
apps/modules/brandforgeos/source/artifacts/api-server/src/routes/billing.ts,quarantined-import,255,11240,fd5bb490a0b0270ca1ba497c01dd21474762479b4c4efa2a02861e2fb0b79518,inventory only; see report for traced paths
apps/modules/brandforgeos/source/artifacts/api-server/src/routes/brands.ts,quarantined-import,79,3066,48ec453d6429ac5340e0eedd7a0a1c3c6ccecab2939f1158569a7db55f3a3b17,inventory only; see report for traced paths
apps/modules/brandforgeos/source/artifacts/api-server/src/routes/calendarItems.ts,quarantined-import,48,2701,b66f78eb374c6d53e3821a637e9bbf7eef8c5b23c5bf6b196b3780cc595d8939,inventory only; see report for traced paths
apps/modules/brandforgeos/source/artifacts/api-server/src/routes/campaigns.ts,quarantined-import,61,3317,b6d9bc34129fe69105a6f38d2304681352b1e6c87013c33eaffebff8ac0eaf88,inventory only; see report for traced paths
apps/modules/brandforgeos/source/artifacts/api-server/src/routes/copyAssets.ts,quarantined-import,52,2846,191f072527d33c7533fc545b8b3a68aa2e3ef1c2e3174993d69b0ab2f3e2ada5,inventory only; see report for traced paths
apps/modules/brandforgeos/source/artifacts/api-server/src/routes/dashboard.ts,quarantined-import,99,4362,dd6f86afa2165aed57e9cc1f652d6e6e81b33c63c3879bfb091e4a42c7bc5c71,inventory only; see report for traced paths
apps/modules/brandforgeos/source/artifacts/api-server/src/routes/health.ts,quarantined-import,11,299,1130cb50b1ef56817252701546b05190a1a609113b9db77cef2a67dce36a8eef,inventory only; see report for traced paths
apps/modules/brandforgeos/source/artifacts/api-server/src/routes/index.ts,quarantined-import,38,1301,f1add49364c845d34092052773bb4783e2629e90586bf3bcec9ec9f3761de96d,inventory only; see report for traced paths
apps/modules/brandforgeos/source/artifacts/api-server/src/routes/integrationsHub.ts,quarantined-import,141,6831,89c4a5f2878c1e0d7b14dd601de43a0cda451a197cdd16184d44a78151ee2550,inventory only; see report for traced paths
apps/modules/brandforgeos/source/artifacts/api-server/src/routes/notificationsRoutes.ts,quarantined-import,80,3262,cfe59e9e5b12fb9552ee09cd2921bfc9f291693f1cda8dad8160dab45a61500e,inventory only; see report for traced paths
apps/modules/brandforgeos/source/artifacts/api-server/src/routes/personas.ts,quarantined-import,45,2473,242843c3167ec186b525adc5edbbf68a096e3400ae6416d3d3b77135ea81e8c0,inventory only; see report for traced paths
apps/modules/brandforgeos/source/artifacts/api-server/src/routes/reportsRoutes.ts,quarantined-import,116,4472,03b3afff940523728020b84a85392001b116498b44b3b12971d96586a496c380,inventory only; see report for traced paths
apps/modules/brandforgeos/source/artifacts/api-server/src/routes/templatesMarketplace.ts,quarantined-import,81,3417,bb3b44c9a695970dbb5a4277f8b808f3078958171ab6064c7d45997265baf2ed,inventory only; see report for traced paths
apps/modules/brandforgeos/source/artifacts/api-server/src/routes/tenants.ts,quarantined-import,226,7211,9ce69a18207e26609ee68d44b5c2629af8164bf09f948548fb05f7a8ff112b8c,inventory only; see report for traced paths
apps/modules/brandforgeos/source/artifacts/brandforge/src/App.tsx,quarantined-import,77,3184,cc2c1d0c9bb83b052c46868650d46d435cad7615b514be35ba87c4cba61ca881,inventory only; see report for traced paths
apps/modules/brandforgeos/source/artifacts/brandforge/src/components/app-layout.tsx,quarantined-import,12,325,14344cac57878b31c6657bbbd8dc6b37af5313fb2673fbbad47a48bc88ebf63e,inventory only; see report for traced paths
apps/modules/brandforgeos/source/artifacts/brandforge/src/components/app-sidebar.tsx,quarantined-import,205,8041,ab6a3d49aa8c7716fbfe8c2bf80292633f565b47478deebf169a1bde07beeb5a,inventory only; see report for traced paths
apps/modules/brandforgeos/source/artifacts/brandforge/src/components/ui/accordion.tsx,quarantined-import,55,2056,fff47c151b7b1beedd3cdd38f1bb80b28b0152a7d4e323a50b519471dba5206c,inventory only; see report for traced paths
apps/modules/brandforgeos/source/artifacts/brandforge/src/components/ui/alert-dialog.tsx,quarantined-import,139,4558,954aa5d2030eac91726054666e81113f22a709fc3d2786e5e6907384ede58dc3,inventory only; see report for traced paths
apps/modules/brandforgeos/source/artifacts/brandforge/src/components/ui/alert.tsx,quarantined-import,59,1657,dfac5998c66e5651323d913a1a3d4548e9a3cad94819950e0f6ab36c6ea92c15,inventory only; see report for traced paths
apps/modules/brandforgeos/source/artifacts/brandforge/src/components/ui/aspect-ratio.tsx,quarantined-import,5,145,62f29cd87c19f52d403dc2d17823849db2c8cbd541c9f96de20ef13e58d379db,inventory only; see report for traced paths
apps/modules/brandforgeos/source/artifacts/brandforge/src/components/ui/avatar.tsx,quarantined-import,50,1469,4ee6fbff6d693bf5b76f1b30e4cd55de6c6343c46a51e636c3e3b8a911fa7ec0,inventory only; see report for traced paths
apps/modules/brandforgeos/source/artifacts/brandforge/src/components/ui/badge.tsx,quarantined-import,43,1565,8e1871d6160d067a687beb25f850fa12dfc30d19356fdaa27ae6f7fd17e1fe02,inventory only; see report for traced paths
apps/modules/brandforgeos/source/artifacts/brandforge/src/components/ui/breadcrumb.tsx,quarantined-import,115,2827,76807d2c1be3d1e5e0e055ffbecd8451acfc71db6a7aa3c8660631d7603d517f,inventory only; see report for traced paths
apps/modules/brandforgeos/source/artifacts/brandforge/src/components/ui/button-group.tsx,quarantined-import,83,2292,f42ab464f85e682be5dd43e069543ddfbc0938d856665304092a5eba3d4cd0c9,inventory only; see report for traced paths
apps/modules/brandforgeos/source/artifacts/brandforge/src/components/ui/button.tsx,quarantined-import,65,2421,d0a176bc30348fb86aa581029fe6091db105aca2e372fd12a5fb98b3606a073b,inventory only; see report for traced paths
apps/modules/brandforgeos/source/artifacts/brandforge/src/components/ui/calendar.tsx,quarantined-import,213,7782,c95bd7c60cd25365707126852c718ea6ebdd1be2c487cb7c5d88e4be14ad4634,inventory only; see report for traced paths
apps/modules/brandforgeos/source/artifacts/brandforge/src/components/ui/card.tsx,quarantined-import,76,1904,c58a39198aab485b7bec9dde033dca0b25be3fce06c00a101c2561dceff775a1,inventory only; see report for traced paths
apps/modules/brandforgeos/source/artifacts/brandforge/src/components/ui/carousel.tsx,quarantined-import,260,6470,d48a52f0bc5161c47ee818c88bebedea98c14742a1e4d3c76639a612ddbb376a,inventory only; see report for traced paths
apps/modules/brandforgeos/source/artifacts/brandforge/src/components/ui/chart.tsx,quarantined-import,367,11130,e38a709f24713b27f4fc90ddb140b90f784bb5dbfc81ae4c89f8b34b20bdfcc6,inventory only; see report for traced paths
apps/modules/brandforgeos/source/artifacts/brandforge/src/components/ui/checkbox.tsx,quarantined-import,28,1059,a90725bcc6583cbced083484e8051582284f5374acc1585e0a742f1c21925cad,inventory only; see report for traced paths
apps/modules/brandforgeos/source/artifacts/brandforge/src/components/ui/collapsible.tsx,quarantined-import,11,340,bc854800960ef4129d4679a7c4a6b5091e7038adc03698e4529d0c9b5af0d831,inventory only; see report for traced paths
apps/modules/brandforgeos/source/artifacts/brandforge/src/components/ui/command.tsx,quarantined-import,153,5040,65332ac050fabef0c860273d8d97be14a6a33b8d3b7cfb1599aded26622f0246,inventory only; see report for traced paths
apps/modules/brandforgeos/source/artifacts/brandforge/src/components/ui/context-menu.tsx,quarantined-import,198,7604,f875c1dc21224f223d27962338e983589c014a6980bd03c5f1b651ebb7471345,inventory only; see report for traced paths
apps/modules/brandforgeos/source/artifacts/brandforge/src/components/ui/dialog.tsx,quarantined-import,120,3955,8a4215777ab3e381c840c0708818dbf4799d6fe3ba44f39cbae0da0b3e0bcab1,inventory only; see report for traced paths
apps/modules/brandforgeos/source/artifacts/brandforge/src/components/ui/drawer.tsx,quarantined-import,116,3123,9710f71dcf19d52d2e757ea2f364a03b4bd4546161f4bbebfdd8a829a382748a,inventory only; see report for traced paths
apps/modules/brandforgeos/source/artifacts/brandforge/src/components/ui/dropdown-menu.tsx,quarantined-import,201,7807,8d02514fbfde8abddd519887fa2332fe151428f54c0f46d07466e77a49b2b70f,inventory only; see report for traced paths
apps/modules/brandforgeos/source/artifacts/brandforge/src/components/ui/empty.tsx,quarantined-import,104,2500,954873c4438f866bc417e36f7745000c16a8851b59609bdc310bb027c2918953,inventory only; see report for traced paths
apps/modules/brandforgeos/source/artifacts/brandforge/src/components/ui/field.tsx,quarantined-import,244,6288,a4808670f918794e5402bf9753e9009a75a29868a1f9ff4f399260a0a3513381,inventory only; see report for traced paths
apps/modules/brandforgeos/source/artifacts/brandforge/src/components/ui/form.tsx,quarantined-import,176,4351,377975a4e6a9da67a52d097d59a03a398e9023a45cd5a5cc79de25b6bb6a4a92,inventory only; see report for traced paths
apps/modules/brandforgeos/source/artifacts/brandforge/src/components/ui/hover-card.tsx,quarantined-import,27,1264,7bef587e8c6ff88faae02c1dc58572a794f88950459edb4a409070f5ef7bc290,inventory only; see report for traced paths
apps/modules/brandforgeos/source/artifacts/brandforge/src/components/ui/input-group.tsx,quarantined-import,168,5139,6d7a49acb2cbb08a0abb911f41deb0d097d2b1a1a8647959c5ebbd4fe37aaa75,inventory only; see report for traced paths
apps/modules/brandforgeos/source/artifacts/brandforge/src/components/ui/input-otp.tsx,quarantined-import,69,2212,d7699cf34d1a4cfd88c3da711cf6a193cd72e1f5b0ffc6b392fe9f35d0125f29,inventory only; see report for traced paths
apps/modules/brandforgeos/source/artifacts/brandforge/src/components/ui/input.tsx,quarantined-import,22,790,cacc180f0367350b3fe134949e04a562e027878131faadabeb300148c6cd84fb,inventory only; see report for traced paths
apps/modules/brandforgeos/source/artifacts/brandforge/src/components/ui/item.tsx,quarantined-import,193,4687,f93d19a3e63b621b16d8ffaabb531c10b3b5611153e14079a187a9d76a78fab8,inventory only; see report for traced paths
apps/modules/brandforgeos/source/artifacts/brandforge/src/components/ui/kbd.tsx,quarantined-import,28,890,dd4b76a2c84f23bb410a1361c8355332ad8d0e99bc348cec8fd626c26c50540c,inventory only; see report for traced paths
apps/modules/brandforgeos/source/artifacts/brandforge/src/components/ui/label.tsx,quarantined-import,26,750,8253ee4179284de5d037eee03b55f4499b04ff41ddfa60b3176ea28d4bdc301c,inventory only; see report for traced paths
apps/modules/brandforgeos/source/artifacts/brandforge/src/components/ui/menubar.tsx,quarantined-import,254,8862,95dff8f7a917b42de3f413df3c5f7615cf158ae4ed9129642eff59ba9d352d0c,inventory only; see report for traced paths
apps/modules/brandforgeos/source/artifacts/brandforge/src/components/ui/navigation-menu.tsx,quarantined-import,128,5252,f8ba72ac1edf867f20e940b5b99212d98ebd7d5a2132eaf6a98130209080bb2e,inventory only; see report for traced paths
apps/modules/brandforgeos/source/artifacts/brandforge/src/components/ui/pagination.tsx,quarantined-import,117,2868,e3cc6dfb9d84cf94a00b1c61e188ff19ab9cc5558ef046944d90bd6e2de55d31,inventory only; see report for traced paths
apps/modules/brandforgeos/source/artifacts/brandforge/src/components/ui/popover.tsx,quarantined-import,31,1373,c700d123e6729b734ac3b13a44947d2ef9180b56dc9a72e8a1768ea8b943bc93,inventory only; see report for traced paths
apps/modules/brandforgeos/source/artifacts/brandforge/src/components/ui/progress.tsx,quarantined-import,28,820,0e52f6bdff8b18385effd7845819cbe78fbe565e76509c08d9e072ddd474c566,inventory only; see report for traced paths
apps/modules/brandforgeos/source/artifacts/brandforge/src/components/ui/radio-group.tsx,quarantined-import,42,1452,7fe8ffedbabac6b82d277b086b774f9ee57d9184d1ab13452d77ceda489c5c99,inventory only; see report for traced paths
apps/modules/brandforgeos/source/artifacts/brandforge/src/components/ui/resizable.tsx,quarantined-import,45,1768,bbb236cf580525f2f1f7e40404d34c03cf806c02eee8404891f72fcf5034ec31,inventory only; see report for traced paths
apps/modules/brandforgeos/source/artifacts/brandforge/src/components/ui/scroll-area.tsx,quarantined-import,46,1688,5bbf2efc963f2a62d9f9d41fdf2a96f798ad409ee2a1fdb1fe51da947d882dc7,inventory only; see report for traced paths
apps/modules/brandforgeos/source/artifacts/brandforge/src/components/ui/select.tsx,quarantined-import,159,5904,41c332da1a05575ee9f45650301efcdaa62b01b237c831d779ab23f034f535c7,inventory only; see report for traced paths
apps/modules/brandforgeos/source/artifacts/brandforge/src/components/ui/separator.tsx,quarantined-import,29,785,1e2f9c2eab409bf25614f4e0b495b9a67646e92a0a7d1a033afaada64fdb1b78,inventory only; see report for traced paths
apps/modules/brandforgeos/source/artifacts/brandforge/src/components/ui/sheet.tsx,quarantined-import,140,4420,72edc44a754350bb77fcd9bfd621f3b8b98fba5e85aa72d7555912b1e2ea6faf,inventory only; see report for traced paths
apps/modules/brandforgeos/source/artifacts/brandforge/src/components/ui/sidebar.tsx,quarantined-import,727,22573,3a36ba9f139af5708d6aa1f0fc620085e4b2e9fcc1e58e35ee1933a0c9ac07ce,inventory only; see report for traced paths
apps/modules/brandforgeos/source/artifacts/brandforge/src/components/ui/skeleton.tsx,quarantined-import,15,281,91e3bb69a8b91319442ae4aa4203407044b90bd43703c3aa8f011d43f844fe43,inventory only; see report for traced paths
apps/modules/brandforgeos/source/artifacts/brandforge/src/components/ui/slider.tsx,quarantined-import,26,1063,f2c30f700b5a8dfd342413ca266f7618b39dac0ca50e7101adefd0b68afb3478,inventory only; see report for traced paths
apps/modules/brandforgeos/source/artifacts/brandforge/src/components/ui/sonner.tsx,quarantined-import,31,925,16ab4f1f4c538f3991751b31c64d930b44a4d20caef51629ee13c3517db9a986,inventory only; see report for traced paths
apps/modules/brandforgeos/source/artifacts/brandforge/src/components/ui/spinner.tsx,quarantined-import,16,347,cbf9073613aed22ffd4ba21219adc1d1b8dce311d4280800f772b5eae587eeff,inventory only; see report for traced paths
apps/modules/brandforgeos/source/artifacts/brandforge/src/components/ui/switch.tsx,quarantined-import,27,1175,08711f3d92da7c10c8f84d30984870628331e66212fb9f618da24d1a803a4dee,inventory only; see report for traced paths
apps/modules/brandforgeos/source/artifacts/brandforge/src/components/ui/table.tsx,quarantined-import,120,2979,865e3fca4936c02b58beab4509abcb468449fd2ee2ebdc3aebdd23ee3bfd982b,inventory only; see report for traced paths
apps/modules/brandforgeos/source/artifacts/brandforge/src/components/ui/tabs.tsx,quarantined-import,53,1930,8134e14b016e1f3846640c2bc8a2c6438c289da6b8ce1d04362a101ef62d45a7,inventory only; see report for traced paths
apps/modules/brandforgeos/source/artifacts/brandforge/src/components/ui/textarea.tsx,quarantined-import,22,671,c3b95caa4b59e88f09752932dc93d289f9e3758fd0eff9b029f8e6d453dcea03,inventory only; see report for traced paths
apps/modules/brandforgeos/source/artifacts/brandforge/src/components/ui/toast.tsx,quarantined-import,127,4972,2da684420d53b7826485853a5f433bc794eb8a3fa3ca99db7cabb59974dfff38,inventory only; see report for traced paths
apps/modules/brandforgeos/source/artifacts/brandforge/src/components/ui/toaster.tsx,quarantined-import,33,805,d336e69dc56f72df1da448f1f39eedddb3b7e0dd0e5a69ca5be8db7acb32b7e4,inventory only; see report for traced paths
apps/modules/brandforgeos/source/artifacts/brandforge/src/components/ui/toggle-group.tsx,quarantined-import,61,1814,04c1ac2983a3b790295fae9a0c475b32c61d6c49954e65eb38b54fa9af09f9dc,inventory only; see report for traced paths
apps/modules/brandforgeos/source/artifacts/brandforge/src/components/ui/toggle.tsx,quarantined-import,43,1529,950f6552560c82c4f7c8ad15568acb0ce59ee6305afe8b2df92a0b4c60a1d478,inventory only; see report for traced paths
apps/modules/brandforgeos/source/artifacts/brandforge/src/components/ui/tooltip.tsx,quarantined-import,32,1299,f3b91d8e764ae4bf78e0bf44a62cd8ef2503a251a7824ee062f0cd864caffdf6,inventory only; see report for traced paths
apps/modules/brandforgeos/source/artifacts/brandforge/src/hooks/use-mobile.tsx,quarantined-import,19,584,d2377fbad5ad2bdf7fa896a68c36ac8bf4aa74a974b2061f77b41ae58d623001,inventory only; see report for traced paths
apps/modules/brandforgeos/source/artifacts/brandforge/src/hooks/use-toast.ts,quarantined-import,191,4086,52580e80b7d8e7dfc0eee27f3bc8dfa209e32fe8dc96b8e3e79ed61666348dd7,inventory only; see report for traced paths
apps/modules/brandforgeos/source/artifacts/brandforge/src/index.css,quarantined-import,193,6335,1801130ed339a2dbbcc28af9e9f225bb8bd5dc27f62aaaad897a7908a27834ad,inventory only; see report for traced paths
apps/modules/brandforgeos/source/artifacts/brandforge/src/lib/api-hooks.ts,quarantined-import,368,12919,c1c0e6dbbd134b9778b6263c28663077551fc70417f9652d304cce4a85652c27,inventory only; see report for traced paths
apps/modules/brandforgeos/source/artifacts/brandforge/src/lib/tenant-context.tsx,quarantined-import,46,1400,7e2f67de5b13d819bbe745bb63fa90fc67efe486303450aaef9423d68fcf29df,inventory only; see report for traced paths
apps/modules/brandforgeos/source/artifacts/brandforge/src/lib/utils.ts,quarantined-import,6,172,74a147991a119f1c4cdc25a4d9b22713632fa32eb136e55ab6939b006d71b9d6,inventory only; see report for traced paths
apps/modules/brandforgeos/source/artifacts/brandforge/src/main.tsx,quarantined-import,5,162,5df52f8fa0b617b6ff92334adc5551e01c4bf771c5a27c6abe58ad162c347b80,inventory only; see report for traced paths
apps/modules/brandforgeos/source/artifacts/brandforge/src/pages/admin.tsx,quarantined-import,558,29313,2ce4ad0d96f8189b02e833e0d8e4dbcaa9b2f931aa888d481051005b95861c12,inventory only; see report for traced paths
apps/modules/brandforgeos/source/artifacts/brandforge/src/pages/ai-workflows.tsx,quarantined-import,251,13704,88260283dbda97d9e2cf93f4d46b31e87937e94ae0428113268340868033e44f,inventory only; see report for traced paths
apps/modules/brandforgeos/source/artifacts/brandforge/src/pages/analytics.tsx,quarantined-import,297,16942,1a1aa2101dbf8fd9437d17780daf031e63abe90b80a6cf44d3ea543e1c8ce3a5,inventory only; see report for traced paths
apps/modules/brandforgeos/source/artifacts/brandforge/src/pages/brand-detail.tsx,quarantined-import,95,5508,d244f15a560d09c9faa59f3c1f2068082c19c0dd47a8cef1d274a85ca0527237,inventory only; see report for traced paths
apps/modules/brandforgeos/source/artifacts/brandforge/src/pages/brands.tsx,quarantined-import,118,6399,413f16850ae423a36b2cba5e1f7140f0fb02a181af29b7f3b4d628352bab204f,inventory only; see report for traced paths
apps/modules/brandforgeos/source/artifacts/brandforge/src/pages/calendar.tsx,quarantined-import,312,18334,b162b37f04e65fa179ab5904e81356ef22c30ec622817e4e6eddca92c8ae29af,inventory only; see report for traced paths
apps/modules/brandforgeos/source/artifacts/brandforge/src/pages/campaign-detail.tsx,quarantined-import,286,15897,85966e6c8d9c9a8d4022250a74f565950942038c6822fcc39b7f6c5340f255b8,inventory only; see report for traced paths
apps/modules/brandforgeos/source/artifacts/brandforge/src/pages/campaigns.tsx,quarantined-import,200,12633,a48667d7c64fe82a07ec4c79996febfaa790314ccf09c0b3bf809c050ebce1fa,inventory only; see report for traced paths
apps/modules/brandforgeos/source/artifacts/brandforge/src/pages/copy-studio.tsx,quarantined-import,379,22845,65124d94583796618552545f96b45420f51b42903d9e9a67fbfff6ab098ca7dc,inventory only; see report for traced paths
apps/modules/brandforgeos/source/artifacts/brandforge/src/pages/dashboard.tsx,quarantined-import,302,16708,9d02729190004bf580f668de7355dd51e460632172a392b4f59ae5d6be3a6aab,inventory only; see report for traced paths
apps/modules/brandforgeos/source/artifacts/brandforge/src/pages/home.tsx,quarantined-import,392,25798,119a61138df694ca04afd09e24f64ae5f4c1dc9f63706b7b20ae43edc0d43d19,inventory only; see report for traced paths
apps/modules/brandforgeos/source/artifacts/brandforge/src/pages/integrations.tsx,quarantined-import,203,10028,247d6fe272f892bdb7cd4968c644593b5e009b196262a602251de45d0011bbd3,inventory only; see report for traced paths
apps/modules/brandforgeos/source/artifacts/brandforge/src/pages/legal.tsx,quarantined-import,97,5981,b5ef57bc0808ec56dce9cfdded8bb5a028b607644c27130812ff28261aaa7eee,inventory only; see report for traced paths
apps/modules/brandforgeos/source/artifacts/brandforge/src/pages/login.tsx,quarantined-import,33,1378,c1f7b6b98804eb1edf604563075328764911b1ea8470c5db003c10a7233329ee,inventory only; see report for traced paths
apps/modules/brandforgeos/source/artifacts/brandforge/src/pages/not-found.tsx,quarantined-import,21,732,d6ce1dabff2cb0630606c8502200a8bb531b7aebb7c864d8863ef896df350dac,inventory only; see report for traced paths
apps/modules/brandforgeos/source/artifacts/brandforge/src/pages/onboarding.tsx,quarantined-import,321,17682,bc33b05f0d34e953c5aec7c7601f15b8619fdf3482b64bd5efd0e74563754cae,inventory only; see report for traced paths
apps/modules/brandforgeos/source/artifacts/brandforge/src/pages/pricing.tsx,quarantined-import,201,11397,920bc5d75996b302c0b18d38d0f49a985d23e46b6356b5e3d6de73b3f35017d3,inventory only; see report for traced paths
apps/modules/brandforgeos/source/artifacts/brandforge/src/pages/reports.tsx,quarantined-import,284,16927,283cd5276e8cd6e8409355c9e872c0315d3d34d52545a80182094eb797e0c316,inventory only; see report for traced paths
apps/modules/brandforgeos/source/artifacts/brandforge/src/pages/settings.tsx,quarantined-import,417,24311,0fe8cd226b9d9d3c4a2b973a487c91d79943edc800cb8d5c9af29b66c5747afc,inventory only; see report for traced paths
apps/modules/brandforgeos/source/artifacts/brandforge/src/pages/strategy.tsx,quarantined-import,135,7312,2ae64ad417904fa3f8dc943d72770de49f297a2baf404abeb058cc30e1365338,inventory only; see report for traced paths
apps/modules/brandforgeos/source/artifacts/brandforge/src/pages/templates.tsx,quarantined-import,229,13183,1f962c1a180d17712f46e1a7a5b4ad4f147d4ac801a1c1d1c2d5faf515f3575c,inventory only; see report for traced paths
apps/modules/brandforgeos/source/artifacts/brandforge/vite.config.ts,quarantined-import,75,1837,207f543908486c29a1a207a8f2cd3dd5e8be7e5410db76cb4ec1c91453d72a66,inventory only; see report for traced paths
apps/modules/brandforgeos/source/lib/api-client-react/src/custom-fetch.ts,quarantined-import,371,11748,162976e9d0bb8860ff32b9c25e3126e947a0badd5af8f0be91d2f5d564423a26,inventory only; see report for traced paths
apps/modules/brandforgeos/source/lib/api-client-react/src/generated/api.schemas.ts,quarantined-import,533,10927,5830137c73cf48fc139630f2117f1824afcb18a257bb44ceb7f12b0a18b13fb5,inventory only; see report for traced paths
apps/modules/brandforgeos/source/lib/api-client-react/src/generated/api.ts,quarantined-import,3980,111603,3d7b77bab1ca911c89914f1798efdb76786e35e147447d97a76c5f4765fbae7e,inventory only; see report for traced paths
apps/modules/brandforgeos/source/lib/api-client-react/src/index.ts,quarantined-import,4,198,b3d4fdd4278127eaa4ee3c253b59ac636392f290459e44eb33dd2beaff4fcb5c,inventory only; see report for traced paths
apps/modules/brandforgeos/source/lib/api-spec/orval.config.ts,quarantined-import,72,1875,4405fcf774d84ca551c4f39ac6f5ce009d2eda68119327be5b96077d534eed7b,inventory only; see report for traced paths
apps/modules/brandforgeos/source/lib/api-zod/src/generated/api.ts,quarantined-import,950,25960,85836243f0ccf9492142f3fd14b76c8351ae25c97abb3a58ed11848adf95c43e,inventory only; see report for traced paths
apps/modules/brandforgeos/source/lib/api-zod/src/generated/types/activityItem.ts,quarantined-import,19,367,a86e3d3e6cd02b899655c74f4a803849b6c548c25460df358fa5e309a3eea1e0,inventory only; see report for traced paths
apps/modules/brandforgeos/source/lib/api-zod/src/generated/types/analyticsData.ts,quarantined-import,17,544,994a2d1ec42282cb22bebda469f062fd913680dbbf759b1ce818f3c6baa2e98a,inventory only; see report for traced paths
apps/modules/brandforgeos/source/lib/api-zod/src/generated/types/authUser.ts,quarantined-import,19,379,9a4258e31a8aded3c9e706a28af9a90745cb761161e0f8df7ee0edfa5cecbea5,inventory only; see report for traced paths
apps/modules/brandforgeos/source/lib/api-zod/src/generated/types/authUserEnvelope.ts,quarantined-import,12,246,c05b352ad7091d9696951b07de77cbfcbf85e25a86df79df7b7ab91dc96fb0a1,inventory only; see report for traced paths
apps/modules/brandforgeos/source/lib/api-zod/src/generated/types/authorizationSessionHeaderParameter.ts,quarantined-import,9,194,26607d004d63b924bed8adfc32c3fb2f071a70ab00884a5c27ced60360afcb7f,inventory only; see report for traced paths
apps/modules/brandforgeos/source/lib/api-zod/src/generated/types/beginBrowserLoginParams.ts,quarantined-import,11,202,90d2f552d393e4b69dc78b5e076aafd309cf36a0cb70290b525f66735e9dbced,inventory only; see report for traced paths
apps/modules/brandforgeos/source/lib/api-zod/src/generated/types/brand.ts,quarantined-import,32,699,35e96ea6d7761252040dffa5f9b545d039bfa7a3408110caa3f26db10044ae59,inventory only; see report for traced paths
apps/modules/brandforgeos/source/lib/api-zod/src/generated/types/calendarItem.ts,quarantined-import,25,508,c8aab0bc6fec8bfacf179d6920bf9e09da4c6439111f009bd0a6da262f44a6ce,inventory only; see report for traced paths
apps/modules/brandforgeos/source/lib/api-zod/src/generated/types/campaign.ts,quarantined-import,34,721,20732249d5becaf2f01eff070d9bd9796dc5f87cceb90c240d1774b344c96a58,inventory only; see report for traced paths
apps/modules/brandforgeos/source/lib/api-zod/src/generated/types/campaignIdea.ts,quarantined-import,16,313,915b29a88134d5a7df6fc485a117751c2ae203f6584d6184967837b931c5af82,inventory only; see report for traced paths
apps/modules/brandforgeos/source/lib/api-zod/src/generated/types/campaignPerformanceItem.ts,quarantined-import,14,266,67c002a3e7f0042cd922a6979daaff9ab268c043a4725dee96a602c0feab1aa1,inventory only; see report for traced paths
apps/modules/brandforgeos/source/lib/api-zod/src/generated/types/channelBreakdownItem.ts,quarantined-import,12,217,8cde09e699005a939542bad9ece93f8ad4ab09500d7fc0e8aaa29b2b759d99b0,inventory only; see report for traced paths
apps/modules/brandforgeos/source/lib/api-zod/src/generated/types/copyAsset.ts,quarantined-import,25,495,ae4aeb1eae51514ff46a3e169ac7ee20bb7d03bf18f8c8dd798283213ffd8c6f,inventory only; see report for traced paths
apps/modules/brandforgeos/source/lib/api-zod/src/generated/types/copyVariant.ts,quarantined-import,12,208,0e591b1925433887f093bf461a248693d66a7b99525898be11d18051558a4917,inventory only; see report for traced paths
apps/modules/brandforgeos/source/lib/api-zod/src/generated/types/createBrandBody.ts,quarantined-import,20,412,746cce5b9f019dd1938bfe9b2b89c31ba375a7df164c690892f44d450f4868e3,inventory only; see report for traced paths
apps/modules/brandforgeos/source/lib/api-zod/src/generated/types/createCalendarItemBody.ts,quarantined-import,20,401,50e5106cd78b449107cc5a6ac685b1abade217dc7cc93550a31d0360db063b35,inventory only; see report for traced paths
apps/modules/brandforgeos/source/lib/api-zod/src/generated/types/createCampaignBody.ts,quarantined-import,23,456,8ce633890ccd71c0de01609c63115f4ee12c8f1f5b2b03a90555b3ec84b7b66a,inventory only; see report for traced paths
apps/modules/brandforgeos/source/lib/api-zod/src/generated/types/createCopyAssetBody.ts,quarantined-import,20,387,1f9ba28bfd87fbae6e9e77562a85de3d199d5b48082c9ef1ca693adb0002e87a,inventory only; see report for traced paths
apps/modules/brandforgeos/source/lib/api-zod/src/generated/types/createPersonaBody.ts,quarantined-import,20,393,0db496974c5017b00a9ad45c24c9a0345e0a294b65d8126f783432c3732394e2,inventory only; see report for traced paths
apps/modules/brandforgeos/source/lib/api-zod/src/generated/types/createTenantBody.ts,quarantined-import,14,263,b31f09326c065b0d7389f84a75b40bf5a729727d1ab85d29a585699f61e68bd8,inventory only; see report for traced paths
apps/modules/brandforgeos/source/lib/api-zod/src/generated/types/dashboardSummary.ts,quarantined-import,23,630,45e588a6ca027a5dd15a9bc4accd5f84cd6db59c608aad6f5267eac2e14abd85,inventory only; see report for traced paths
apps/modules/brandforgeos/source/lib/api-zod/src/generated/types/errorEnvelope.ts,quarantined-import,11,190,cd70f6702e1c2c75392ca7f848cbbb17a7ed7820f6c779541a3133edd2c01e8d,inventory only; see report for traced paths
apps/modules/brandforgeos/source/lib/api-zod/src/generated/types/generateAiCopyBody.ts,quarantined-import,19,365,4b6d4af8519511c512d411716033b455f9ee96810e06263167522f84660d0aa3,inventory only; see report for traced paths
apps/modules/brandforgeos/source/lib/api-zod/src/generated/types/generateCampaignIdeasBody.ts,quarantined-import,14,270,4a9931b2808d7740e172f38b4603303f30e4a6c8b551da6d1c62cf337001b72f,inventory only; see report for traced paths
apps/modules/brandforgeos/source/lib/api-zod/src/generated/types/generateStrategyBody.ts,quarantined-import,14,269,4acd181440a28a6b45a99eec243208fbbca422bd8f59c3008b72249aee6f8c0b,inventory only; see report for traced paths
apps/modules/brandforgeos/source/lib/api-zod/src/generated/types/generatedCampaignIdeas.ts,quarantined-import,12,260,e2d2db91f784bdcbbfe295b3212e477119cbbd7a84c876a56d17a44de41cd3bf,inventory only; see report for traced paths
apps/modules/brandforgeos/source/lib/api-zod/src/generated/types/generatedCopy.ts,quarantined-import,12,251,4bba52fa908e2fcfb5a6de9004fa693eb4c19fdf356d46f968a0c654023bdc10,inventory only; see report for traced paths
apps/modules/brandforgeos/source/lib/api-zod/src/generated/types/generatedStrategy.ts,quarantined-import,13,240,631107f98a7351ec7f355b4b6a07425836a738cba995f1eacbcbbb781158438a,inventory only; see report for traced paths
apps/modules/brandforgeos/source/lib/api-zod/src/generated/types/getAnalyticsParams.ts,quarantined-import,11,195,694f6c42e838734a8f952a6c3161a01eed8aa24cfd6faff23f1819fef1cc9b33,inventory only; see report for traced paths
apps/modules/brandforgeos/source/lib/api-zod/src/generated/types/getRecentActivityParams.ts,quarantined-import,11,199,6212378c676062c5b6c64425aee9e4e86892898b1155ebf04265aa4a29f4ed6a,inventory only; see report for traced paths
apps/modules/brandforgeos/source/lib/api-zod/src/generated/types/handleBrowserLoginCallbackParams.ts,quarantined-import,13,243,f81d3b2c1d13e0d1fecd343b3265ef8d91e757d7809445fd7a1b1de8d8c65071,inventory only; see report for traced paths
apps/modules/brandforgeos/source/lib/api-zod/src/generated/types/healthStatus.ts,quarantined-import,11,190,75a8a4a2d3b18e2194a4618288af7a14e64c7730dce81edf86d2b455739fd538,inventory only; see report for traced paths
apps/modules/brandforgeos/source/lib/api-zod/src/generated/types/index.ts,quarantined-import,61,2124,6e5fedd122c76095a4457f761a2f0b1a720f0a9d8331ce71d4b8f9bfbff6e9ee,inventory only; see report for traced paths
apps/modules/brandforgeos/source/lib/api-zod/src/generated/types/listCalendarItemsParams.ts,quarantined-import,13,240,a8f6e4ad7db9aea1828c474f77d42be3133ae0ca171c9b63b30ba36ae98b7cdd,inventory only; see report for traced paths
apps/modules/brandforgeos/source/lib/api-zod/src/generated/types/listCampaignsParams.ts,quarantined-import,11,196,2aff79bb4a7a7cba8ff926d642e04d444b19a339119c7f740a58e03a15049307,inventory only; see report for traced paths
apps/modules/brandforgeos/source/lib/api-zod/src/generated/types/listCopyAssetsParams.ts,quarantined-import,12,219,ac4751c2775cb900e3585b1d6992c4afcb51acdf929ca47efa0c128c30305a29,inventory only; see report for traced paths
apps/modules/brandforgeos/source/lib/api-zod/src/generated/types/logoutSuccess.ts,quarantined-import,12,259,69f34cc39189e47a6267ac347b0b53c1271bb300680f680613baad299f7d1cc4,inventory only; see report for traced paths
apps/modules/brandforgeos/source/lib/api-zod/src/generated/types/member.ts,quarantined-import,21,406,b9704a9a6958d62d6e604053acd7e11f3bbadd649a3511368650013e2c70457e,inventory only; see report for traced paths
apps/modules/brandforgeos/source/lib/api-zod/src/generated/types/mobileTokenExchangeRequest.ts,quarantined-import,20,405,125fa5afd11507693e16acac7495f6c1e75d4fe5ece922ae2b80f6c036c8831a,inventory only; see report for traced paths
apps/modules/brandforgeos/source/lib/api-zod/src/generated/types/mobileTokenExchangeSuccess.ts,quarantined-import,11,203,da2246f6e28378093bbd3bea8164a6c736011bddc8c5c08f6186368c07ca0d79,inventory only; see report for traced paths
apps/modules/brandforgeos/source/lib/api-zod/src/generated/types/onboardingData.ts,quarantined-import,37,869,7713d2fb50ecbb64f74bd828c870f1413e7145741c68142ee0d059b86c47a4fe,inventory only; see report for traced paths
apps/modules/brandforgeos/source/lib/api-zod/src/generated/types/onboardingInput.ts,quarantined-import,23,479,80f87a5e7e04d9e7a179847907d75a66f96eb4dc65164c4ab75e0b9d76f5a6de,inventory only; see report for traced paths
apps/modules/brandforgeos/source/lib/api-zod/src/generated/types/persona.ts,quarantined-import,30,632,0ea15b725f76859a4671f8e7b9efe95c01d228d8628b898765e3975d7dd1b036,inventory only; see report for traced paths
apps/modules/brandforgeos/source/lib/api-zod/src/generated/types/statusCount.ts,quarantined-import,12,207,960f4d6f1f9d067beb2823d099d10365d1aba616c5683172133dad875af63dfb,inventory only; see report for traced paths
apps/modules/brandforgeos/source/lib/api-zod/src/generated/types/tenant.ts,quarantined-import,22,441,104d27c1608e6d480ee64322d2f0f006ce1c674710aafa1e675fcef20ead6d50,inventory only; see report for traced paths
apps/modules/brandforgeos/source/lib/api-zod/src/generated/types/timeSeriesPoint.ts,quarantined-import,12,209,42265a5e78e7fa1be82c953277a515fd28f1322c5c9bac9a2957d7847c3533be,inventory only; see report for traced paths
apps/modules/brandforgeos/source/lib/api-zod/src/generated/types/updateBrandBody.ts,quarantined-import,20,411,2a07f08028a1cfafcc4f4e5d2c579da5aa09386a64fd23db8825a61f04e3d16c,inventory only; see report for traced paths
apps/modules/brandforgeos/source/lib/api-zod/src/generated/types/updateCalendarItemBody.ts,quarantined-import,16,313,2179359517693263c38eef7d5dfa31175c1be8f4499d620bd5f227fba62db7e9,inventory only; see report for traced paths
apps/modules/brandforgeos/source/lib/api-zod/src/generated/types/updateCampaignBody.ts,quarantined-import,22,434,9c9b010dd83846ebe1ddc2d65a3648483673c47daa610c630921c9b511eff879,inventory only; see report for traced paths
apps/modules/brandforgeos/source/lib/api-zod/src/generated/types/updateCopyAssetBody.ts,quarantined-import,16,299,a348e5e852e08addc834edc40cb0e953159ff3bbb144697d8d2075cae6e5c6ac,inventory only; see report for traced paths
apps/modules/brandforgeos/source/lib/api-zod/src/generated/types/updatePersonaBody.ts,quarantined-import,19,371,341146e195abac88d03f9ffc4624efe7d2cc56aa2365d9dc3b2acc319b4e15ba,inventory only; see report for traced paths
apps/modules/brandforgeos/source/lib/api-zod/src/generated/types/updateTenantBody.ts,quarantined-import,13,241,249cf3a9b881f7a17f5f08603c8c1031bbd0cdd4e814c87e33d910736f212a8d,inventory only; see report for traced paths
apps/modules/brandforgeos/source/lib/api-zod/src/generated/types/usageData.ts,quarantined-import,15,333,b5dedfbc65aca64aed52b006994139dd19708c5296851852bb8fd328de1c30ee,inventory only; see report for traced paths
apps/modules/brandforgeos/source/lib/api-zod/src/generated/types/usageHistoryItem.ts,quarantined-import,13,229,6718368901ca0e05015e2b48a1b181bc4f0983340e5a04d4a339d652c847ef1b,inventory only; see report for traced paths
apps/modules/brandforgeos/source/lib/api-zod/src/index.ts,quarantined-import,2,70,89699bd2b0a25ca0b01a66c59639489e641f63060c4f0fe2747f4c20a6ef9141,inventory only; see report for traced paths
apps/modules/brandforgeos/source/lib/db/drizzle.config.ts,quarantined-import,14,366,fe5188330c72c0f21a8a5b5f0caccbf8e434ad2f2640bffbcf70655ff98a9b36,inventory only; see report for traced paths
apps/modules/brandforgeos/source/lib/db/src/index.ts,quarantined-import,16,432,fce8835334260a94de751c8c586eb1141348aaa143bb2a711a46b6ea5520b83e,inventory only; see report for traced paths
apps/modules/brandforgeos/source/lib/db/src/schema/addOnPurchases.ts,quarantined-import,18,908,308c9ff7742e71f4682e062d481257e82d5adf51a9efff27502c625a4a3618f2,inventory only; see report for traced paths
apps/modules/brandforgeos/source/lib/db/src/schema/aiWorkflows.ts,quarantined-import,17,826,2173f2307e992eaa013d627a0af73e332d5050d52835e76917499a6cb41d8a40,inventory only; see report for traced paths
apps/modules/brandforgeos/source/lib/db/src/schema/auditLogs.ts,quarantined-import,21,980,b27d8087adc0e130d7746944b93093c33cdf8b31ec32b4faeadc954ed786551f,inventory only; see report for traced paths
apps/modules/brandforgeos/source/lib/db/src/schema/auth.ts,quarantined-import,28,1157,11f621d7641cf0e3b2d6f3ce8d46c1c4c838485011338bc6a9dbb22d3df66b0b,inventory only; see report for traced paths
apps/modules/brandforgeos/source/lib/db/src/schema/billingProfiles.ts,quarantined-import,23,1054,f312ee27e9ccb96f2ed5f7f392138ace0d9dfc202f44d8ee1beccdfc51e0fd8c,inventory only; see report for traced paths
apps/modules/brandforgeos/source/lib/db/src/schema/brands.ts,quarantined-import,25,1197,93cefd2242f779de4d8e74c0fc16d4c78f5b2446b23febd786697c67f63b1d96,inventory only; see report for traced paths
apps/modules/brandforgeos/source/lib/db/src/schema/calendarItems.ts,quarantined-import,25,1428,d72370d17dd94c65676e89b8001340ce9b46e19f63c4300be48e1e1506270544,inventory only; see report for traced paths
apps/modules/brandforgeos/source/lib/db/src/schema/campaignMetrics.ts,quarantined-import,24,1198,f48bc52bd68be6f9b2b46f9fe864422a01dcbc5da4775e4beb80eacbacb87e66,inventory only; see report for traced paths
apps/modules/brandforgeos/source/lib/db/src/schema/campaignTasks.ts,quarantined-import,18,954,7b5611a500956c384bc675a5fae80781f998de8e0808da5b5f521049ed037f77,inventory only; see report for traced paths
apps/modules/brandforgeos/source/lib/db/src/schema/campaigns.ts,quarantined-import,28,1403,91ecfe809b7dc76833eb505f39701fde614539a921c65e2423bec556e2aac16f,inventory only; see report for traced paths
apps/modules/brandforgeos/source/lib/db/src/schema/comments.ts,quarantined-import,14,633,3b3e6331e044f7f6d15638420368f10923227730e4dacc076999a0b542152480,inventory only; see report for traced paths
apps/modules/brandforgeos/source/lib/db/src/schema/conversations.ts,quarantined-import,17,635,1c20074593bb76d189c270651670a1ab4918911b28941ef85535c58cc93a1fc1,inventory only; see report for traced paths
apps/modules/brandforgeos/source/lib/db/src/schema/copyAssets.ts,quarantined-import,25,1372,a58b6857ab1bc38adc0ab2ee28011820f8f3b6089497e45e1cff0887ce014a3e,inventory only; see report for traced paths
apps/modules/brandforgeos/source/lib/db/src/schema/creditPacks.ts,quarantined-import,15,723,698942b53bdf9779befa685708abc31a58f40d3e64b59b7d2ae93d5d04a4ca62,inventory only; see report for traced paths
apps/modules/brandforgeos/source/lib/db/src/schema/exportJobs.ts,quarantined-import,19,871,7a4a54fb3315096dabbad915c6575d0d403ab28141722bd0a229109c563bbba5,inventory only; see report for traced paths
apps/modules/brandforgeos/source/lib/db/src/schema/featureFlags.ts,quarantined-import,14,692,0c274f9d37eb6f2975a87841f714bcbf8437bf5d9d86ac89fc4e28696dfb9867,inventory only; see report for traced paths
apps/modules/brandforgeos/source/lib/db/src/schema/index.ts,quarantined-import,30,946,c983f7351b20cca967f72abb8acee4e27ed7e94d6d1156736fc57c3d9ce5ab0e,inventory only; see report for traced paths
apps/modules/brandforgeos/source/lib/db/src/schema/integrations.ts,quarantined-import,21,1080,1da38b973f6f80e4e5e311da5b6233083e66a00e9d377ce3f525fea95915d59f,inventory only; see report for traced paths
apps/modules/brandforgeos/source/lib/db/src/schema/invoices.ts,quarantined-import,19,925,16f6a170fb118266a09256b3d5c96db935a82b14e2c80ccc36bf13def7e7c305,inventory only; see report for traced paths
apps/modules/brandforgeos/source/lib/db/src/schema/landingPages.ts,quarantined-import,20,1093,6d46966021a1cfb8a5fdf7d27940e5aa5bdd7e7768a83b7d22218cdc7750f969,inventory only; see report for traced paths
apps/modules/brandforgeos/source/lib/db/src/schema/leadSubmissions.ts,quarantined-import,22,980,1ffc440ab1178904a729bdb568b18af0eb1f05755879378366c022b9e0b0a279,inventory only; see report for traced paths
apps/modules/brandforgeos/source/lib/db/src/schema/memberships.ts,quarantined-import,19,994,92a2e097c8d9fa106d31f4826dc810aafec59260e49fd97ab5db3d83bdf3a3f2,inventory only; see report for traced paths
apps/modules/brandforgeos/source/lib/db/src/schema/messages.ts,quarantined-import,23,822,e80ffb68ca56c04a2c103db27652824c11130fdbb66bb81acbd7ac0a1a3c48a6,inventory only; see report for traced paths
apps/modules/brandforgeos/source/lib/db/src/schema/notifications.ts,quarantined-import,15,689,852d3c5c4df8b3a4585ad6558c1da9d5e630deaec3e1b9c01358854bb02e1a68,inventory only; see report for traced paths
apps/modules/brandforgeos/source/lib/db/src/schema/offers.ts,quarantined-import,16,741,19269db557291a92fae3b1ed6e28ca27c50003f36a9220d2efa1832952eb8437,inventory only; see report for traced paths
apps/modules/brandforgeos/source/lib/db/src/schema/personas.ts,quarantined-import,24,1137,f8c0faa89b5cdfff80573ee6b09c51d4fb2493c1c5945a52f3ba0933874d3a9c,inventory only; see report for traced paths
apps/modules/brandforgeos/source/lib/db/src/schema/recommendations.ts,quarantined-import,21,960,740bc96307711879c8f1f2faefe4b19c4129b77d1fb2f188840e884c05a700f5,inventory only; see report for traced paths
apps/modules/brandforgeos/source/lib/db/src/schema/reports.ts,quarantined-import,23,1182,c90f566adec5a602203053d0a969ad3030ca64783103c0b5c515cc7901ab079b,inventory only; see report for traced paths
apps/modules/brandforgeos/source/lib/db/src/schema/subscriptions.ts,quarantined-import,22,1311,54d55c46d929a32270b0abf47487b5048012c5ab6e25ce1cfd0535da6b3a9aa6,inventory only; see report for traced paths
apps/modules/brandforgeos/source/lib/db/src/schema/syncJobs.ts,quarantined-import,19,942,d150111e4b965df77a56abc3e5fa3bf2c9c36a9482e1b38737ed0d6c7d717f6d,inventory only; see report for traced paths
apps/modules/brandforgeos/source/lib/db/src/schema/templates.ts,quarantined-import,21,1033,cb9763f86723080e614876279f3e43c337ed6add951f47d2622d5b979d1965e8,inventory only; see report for traced paths
apps/modules/brandforgeos/source/lib/db/src/schema/tenants.ts,quarantined-import,31,1792,685030d8e471c0c3a51306c0b758292fa7569ed2dde12ded6b7d1263d430f240,inventory only; see report for traced paths
apps/modules/brandforgeos/source/lib/db/src/schema/usageRecords.ts,quarantined-import,18,901,a812e3391aa9fe1f87a847c4fc545909671da947e06f7e2a7a84f6f27cbebf48,inventory only; see report for traced paths
apps/modules/brandforgeos/source/lib/integrations-openai-ai-react/src/audio/audio-playback-worklet.js,quarantined-import,111,3168,a1b88b3ae915245f6dd219b7aa91a8b172590ce6931747b3f95113904c7efd63,inventory only; see report for traced paths
apps/modules/brandforgeos/source/lib/integrations-openai-ai-react/src/audio/audio-utils.ts,quarantined-import,38,1193,46f35ee1f7256cd77d650c99fc7733898b2bf3767a90686711b9f84531a9c089,inventory only; see report for traced paths
apps/modules/brandforgeos/source/lib/integrations-openai-ai-react/src/audio/index.ts,quarantined-import,45,1485,1a95afe5dd2b03161e9ce505a449426261a21ab28de545b12d65a0b74962c2ac,inventory only; see report for traced paths
apps/modules/brandforgeos/source/lib/integrations-openai-ai-react/src/audio/useAudioPlayback.ts,quarantined-import,108,3679,82bece5ba3ef4dedfc69273a8d58c258197ff79a08d6a324cf802f2df34d472e,inventory only; see report for traced paths
apps/modules/brandforgeos/source/lib/integrations-openai-ai-react/src/audio/useVoiceRecorder.ts,quarantined-import,72,2163,b85779d9fa6ebeff87b95d1325b6644962f0d42c92a0d2bd013544c9d9cf0fa0,inventory only; see report for traced paths
apps/modules/brandforgeos/source/lib/integrations-openai-ai-react/src/audio/useVoiceStream.ts,quarantined-import,392,10261,181eefae6549f09c5718b15c00b7869c6fa4788cb344d82f7b23dc2d0e5203f2,inventory only; see report for traced paths
apps/modules/brandforgeos/source/lib/integrations-openai-ai-react/src/index.ts,quarantined-import,4,312,76ca7c2600cda00588193642ce9fb6963da95acba442fda0041590f2aa7ff2a3,inventory only; see report for traced paths
apps/modules/brandforgeos/source/lib/integrations-openai-ai-server/src/audio/client.ts,quarantined-import,251,8197,e540172882ab8235a0967fa9f336e3749017fc1740babec1e61e36c37447a6a8,inventory only; see report for traced paths
apps/modules/brandforgeos/source/lib/integrations-openai-ai-server/src/audio/index.ts,quarantined-import,13,242,9cc78eb1ec57939c6d9d473a31374f1b2f64f8bd7349d066af62476c0eca44a9,inventory only; see report for traced paths
apps/modules/brandforgeos/source/lib/integrations-openai-ai-server/src/batch/index.ts,quarantined-import,6,113,72d79c4574464aee97892cae2b4771cc36c83975be96344d516d391c1ee24b02,inventory only; see report for traced paths
apps/modules/brandforgeos/source/lib/integrations-openai-ai-server/src/batch/utils.ts,quarantined-import,139,4003,7c3796bbce9039d86b645e68e7b8fd76fdd623398c88242abf58c011c6ae8b0b,inventory only; see report for traced paths
apps/modules/brandforgeos/source/lib/integrations-openai-ai-server/src/client.ts,quarantined-import,18,567,8aaaee1c542f3bea1400db293c898344ec57a0e8037bdbaf18926d848748d357,inventory only; see report for traced paths
apps/modules/brandforgeos/source/lib/integrations-openai-ai-server/src/image/client.ts,quarantined-import,62,1624,a7390c155e164c68af0b379007e872abb7fda3b697e9ac6593418c783930959b,inventory only; see report for traced paths
apps/modules/brandforgeos/source/lib/integrations-openai-ai-server/src/image/index.ts,quarantined-import,1,69,7a6427ea3f384c1f5cb42f13c11cdd7f82bd4f16f583523320caf643404d5c39,inventory only; see report for traced paths
apps/modules/brandforgeos/source/lib/integrations-openai-ai-server/src/index.ts,quarantined-import,3,195,1269146a2a37fb2a5e705b3f3feb51413cb836ec10cb3c4ae0bbeb9d48cccd90,inventory only; see report for traced paths
apps/modules/brandforgeos/source/lib/integrations/openai_ai_integrations/src/client/audio/audio-playback-worklet.js,quarantined-import,112,3170,ec06132bc8cb7e0741f404b01b7be76a3849e3c172f12fc313e8a9bcb0d55582,inventory only; see report for traced paths
apps/modules/brandforgeos/source/lib/integrations/openai_ai_integrations/src/client/audio/audio-utils.ts,quarantined-import,36,1122,d5e6500286a22c5402ad4f5de1cad68677516c1bd1442ef79c3428461753b064,inventory only; see report for traced paths
apps/modules/brandforgeos/source/lib/integrations/openai_ai_integrations/src/client/audio/index.ts,quarantined-import,45,1418,a21cdc7c61b274eee23a4bff034e420ed1daca8cd1cf534c239a297952c2ac1c,inventory only; see report for traced paths
apps/modules/brandforgeos/source/lib/integrations/openai_ai_integrations/src/client/audio/useAudioPlayback.ts,quarantined-import,105,3600,5ec6631a9ec23296fb32066d7f1462fed3bbe175c1df9101243ada321187f27a,inventory only; see report for traced paths
apps/modules/brandforgeos/source/lib/integrations/openai_ai_integrations/src/client/audio/useVoiceRecorder.ts,quarantined-import,52,1602,74be00fc0ff9ed10a127df3a92609a00b5c22c7695410848d1990166a7a99c3c,inventory only; see report for traced paths
apps/modules/brandforgeos/source/lib/integrations/openai_ai_integrations/src/server/audio/client.ts,quarantined-import,239,7815,71a26eb93190b6a5b9eac9c7188c16bd6152554d0f0fa59f5cb1027fc59abc1c,inventory only; see report for traced paths
apps/modules/brandforgeos/source/lib/integrations/openai_ai_integrations/src/server/audio/index.ts,quarantined-import,14,291,6fb696a321e531f250acb18c8c5c935b149cb92dda7c36735dd4bfed1345f5d1,inventory only; see report for traced paths
apps/modules/brandforgeos/source/lib/integrations/openai_ai_integrations/src/server/batch/index.ts,quarantined-import,6,113,72d79c4574464aee97892cae2b4771cc36c83975be96344d516d391c1ee24b02,inventory only; see report for traced paths
apps/modules/brandforgeos/source/lib/integrations/openai_ai_integrations/src/server/batch/utils.ts,quarantined-import,167,5237,abc640cb7bff9853cf7ac6d447fed74f4b7355b929eae22b57cc4d556d94520f,inventory only; see report for traced paths
apps/modules/brandforgeos/source/lib/integrations/openai_ai_integrations/src/server/image/client.ts,quarantined-import,58,1467,65c01204647fb438ed5c1c2405acff63826d5ed07e29f7e3f22e41f78efe9a1e,inventory only; see report for traced paths
apps/modules/brandforgeos/source/lib/integrations/openai_ai_integrations/src/server/image/index.ts,quarantined-import,2,118,17d78de27a8f8d4776f5a1bba1b807cdb6a566c0c4e263ac9ce00e5d3e661da9,inventory only; see report for traced paths
apps/modules/brandforgeos/source/lib/replit-auth-web/src/index.ts,quarantined-import,2,84,70a120dc719c0ee3185dc015d89fd85c4890c691b5b93bb53d5ad40eb567f866,inventory only; see report for traced paths
apps/modules/brandforgeos/source/lib/replit-auth-web/src/use-auth.ts,quarantined-import,60,1465,8ecad9f71a814842cb20e0b9070db6739fe90cb7372b3be3f48cea06e900bd22,inventory only; see report for traced paths
apps/modules/brandforgeos/source/scripts/post-merge.sh,quarantined-import,4,76,482bb77382d90ec72e3e6a4172ccb0b0811d466f3e3f7b0f71f79b37940c4662,inventory only; see report for traced paths
apps/modules/brandforgeos/source/scripts/src/hello.ts,quarantined-import,1,47,867b8e4cd892bd51bf01ca72884a70d28750b5d475b38d060f0721a18c2553fa,inventory only; see report for traced paths
apps/modules/callcommand-ai/source/artifacts/api-server/build.mjs,quarantined-import,126,3581,8133e19ab8526b0f65b5fb0a54911176758f5973b25f01b682a79e76ed8bb54a,inventory only; see report for traced paths
apps/modules/callcommand-ai/source/artifacts/api-server/src/app.ts,quarantined-import,56,1335,1d14aaabe5207c2ad0fc27260d0a8eabed007712b23badc6d5cae5e09b064cff,inventory only; see report for traced paths
apps/modules/callcommand-ai/source/artifacts/api-server/src/index.ts,quarantined-import,25,536,750554a43e8e1e1f6007ab872107ae44a4870b586da35b320eed8b9907fc2dcd,inventory only; see report for traced paths
apps/modules/callcommand-ai/source/artifacts/api-server/src/lib/businessHours.ts,quarantined-import,89,3208,d952f782d7c28f55b716389cefbf297e6b2c1616d595ae31c378f66f852fd71a,inventory only; see report for traced paths
apps/modules/callcommand-ai/source/artifacts/api-server/src/lib/escalation.ts,quarantined-import,81,2646,c583ee3ad18fb700ec5c1dd3cd5a4ad0796ebd0e603afa1c335134c41ef29693,inventory only; see report for traced paths
apps/modules/callcommand-ai/source/artifacts/api-server/src/lib/intakeEngine.ts,quarantined-import,104,3719,777969c3e1219b4bdfea35d547596e6ca020982fd949577a2aa2b81c4335381d,inventory only; see report for traced paths
apps/modules/callcommand-ai/source/artifacts/api-server/src/lib/logger.ts,quarantined-import,20,441,61936304bfdbd72987ee561605fb9da3fecad8d2a52c5c9f8557734855d1a4a0,inventory only; see report for traced paths
apps/modules/callcommand-ai/source/artifacts/api-server/src/lib/objectAcl.ts,quarantined-import,137,3564,fd81ca3ea0b6bcb456fe4900cc0ef489dcd0bc83c5acbd1541ef243e1efa7dfb,inventory only; see report for traced paths
apps/modules/callcommand-ai/source/artifacts/api-server/src/lib/objectStorage.ts,quarantined-import,267,7492,f28c19d3fce008b92866221bca060e1aa5b038525c2d28c6b28105727944cf3a,inventory only; see report for traced paths
apps/modules/callcommand-ai/source/artifacts/api-server/src/lib/phoneNumbers.ts,quarantined-import,42,1507,52e7be2013b2366c3d4a8bc11fd2591088a2353f288198bcacc10e08a182eb45,inventory only; see report for traced paths
apps/modules/callcommand-ai/source/artifacts/api-server/src/lib/plans.ts,quarantined-import,45,1083,723dfb2cb6ac10093c95bf4c5be77887ab3cb75badd9e669184bbacd03e89644,inventory only; see report for traced paths
apps/modules/callcommand-ai/source/artifacts/api-server/src/lib/productModes.ts,quarantined-import,546,20085,c3b38728322ce4b9b36a370d0fd9cd8e9cb88004227c5e56c7ccc43f76e4958b,inventory only; see report for traced paths
apps/modules/callcommand-ai/source/artifacts/api-server/src/lib/safeWebhook.ts,quarantined-import,110,3490,b1004890b42dce08d1023b1f1644820c59b1fd6a0d7e5185e54be7aee2426ca3,inventory only; see report for traced paths
apps/modules/callcommand-ai/source/artifacts/api-server/src/lib/twilio.ts,quarantined-import,127,4559,e03329a1052a78042889acbe1386dd88f87a3e19f2b53d883f630b1e6ea12d4b,inventory only; see report for traced paths
apps/modules/callcommand-ai/source/artifacts/api-server/src/middlewares/clerkProxyMiddleware.ts,quarantined-import,91,3554,1c9b3e2a9bb9738b551b43eb589878ad378dafa4ba98c6b731e6a29eb03438cb,inventory only; see report for traced paths
apps/modules/callcommand-ai/source/artifacts/api-server/src/middlewares/requireAuth.ts,quarantined-import,102,2993,470b84f8be9320bcb563b1af7e37348ede5af2f1481f8d56109d12e87848bee1,inventory only; see report for traced paths
apps/modules/callcommand-ai/source/artifacts/api-server/src/middlewares/requireIngestionToken.ts,quarantined-import,79,2499,cf65f31efbd1669fbff055cbc083bc6e8e4fe10a927d448bd06016d4da7c7594,inventory only; see report for traced paths
apps/modules/callcommand-ai/source/artifacts/api-server/src/routes/actionItems.ts,quarantined-import,85,2525,50b497e637a90542130a711703db5f1347b8aeac98496ae381875b923eed1f7a,inventory only; see report for traced paths
apps/modules/callcommand-ai/source/artifacts/api-server/src/routes/automationRules.ts,quarantined-import,187,5205,86d9c9e2e039d07d41444c0e4f6237273de6efb1cc7f19e5cce2062e89b5e52a,inventory only; see report for traced paths
apps/modules/callcommand-ai/source/artifacts/api-server/src/routes/billing.ts,quarantined-import,84,2333,9d96cdf4c350d7b61ab4cf41dbecd8278d89db098a6846016bfbdd2eee377ce0,inventory only; see report for traced paths
apps/modules/callcommand-ai/source/artifacts/api-server/src/routes/calls.ts,quarantined-import,538,16542,aa4e4d2cfe0fa2e16f50c1b66266709d13d7cd665496886dc87bb1ed50eb468f,inventory only; see report for traced paths
apps/modules/callcommand-ai/source/artifacts/api-server/src/routes/channels.ts,quarantined-import,463,15738,b9f7ef4b0c149577aee419dcfdc9cfb0cad0f6c8f0e18e21bfdf07ed75a7b426,inventory only; see report for traced paths
apps/modules/callcommand-ai/source/artifacts/api-server/src/routes/flowLogs.ts,quarantined-import,56,1506,7d70e3722b5350309c90277d7832e42a02f9c18b4a9f9d0356cc3ee695647d2e,inventory only; see report for traced paths
apps/modules/callcommand-ai/source/artifacts/api-server/src/routes/flows.ts,quarantined-import,274,8645,7d1899e92160920cb530aa770bfd9de9d7427564d779e879e8ee40dc077947c2,inventory only; see report for traced paths
apps/modules/callcommand-ai/source/artifacts/api-server/src/routes/followups.ts,quarantined-import,97,2604,90b214e8607d50af558f830876c0b18a0f97f8ea7ba5a5867c39ab1a36706ae0,inventory only; see report for traced paths
apps/modules/callcommand-ai/source/artifacts/api-server/src/routes/health.ts,quarantined-import,11,299,1130cb50b1ef56817252701546b05190a1a609113b9db77cef2a67dce36a8eef,inventory only; see report for traced paths
apps/modules/callcommand-ai/source/artifacts/api-server/src/routes/index.ts,quarantined-import,56,1931,8a8e4b87a517ade2c538eb2de0285f374fef927bb9cb2156e02301c08e0f430f,inventory only; see report for traced paths
apps/modules/callcommand-ai/source/artifacts/api-server/src/routes/ingest.ts,quarantined-import,363,12014,ee7c0ca1158826670feed7ff707d7f1256cb55e61aa06954079b23233a7fd643,inventory only; see report for traced paths
apps/modules/callcommand-ai/source/artifacts/api-server/src/routes/ingestionToken.ts,quarantined-import,69,1955,646a908350f812e4f39cfeed3c4fbf33d706659fc1a31ab3e5c9592e15d4075a,inventory only; see report for traced paths
apps/modules/callcommand-ai/source/artifacts/api-server/src/routes/integrations.ts,quarantined-import,192,5296,1a7a0fa65d18e932b8ec3e62cb8e329984a93ad9774a7ce9ccd7ee40cd00d21d,inventory only; see report for traced paths
apps/modules/callcommand-ai/source/artifacts/api-server/src/routes/leads.ts,quarantined-import,82,2218,ff66fde45c4ca8c89f0e390f8bc160019a006dafb12ed0977e8ceda492640cf3,inventory only; see report for traced paths
apps/modules/callcommand-ai/source/artifacts/api-server/src/routes/liveSessions.ts,quarantined-import,271,8265,4ea4cb42c0984af419802e2df2e563fce084ef6f54543feb0bbcba31b175078f,inventory only; see report for traced paths
apps/modules/callcommand-ai/source/artifacts/api-server/src/routes/me.ts,quarantined-import,65,1921,6b5bba5490f0c0a13cfcaca5771b2e857c59e13d99c74a48f2ab5d31acfac1b5,inventory only; see report for traced paths
apps/modules/callcommand-ai/source/artifacts/api-server/src/routes/receptionistProfiles.ts,quarantined-import,276,9482,44601b8f744493945fddaa29d5541784fa2518544b9925628da12bdee604ee35,inventory only; see report for traced paths
apps/modules/callcommand-ai/source/artifacts/api-server/src/routes/setup.ts,quarantined-import,306,9782,9164d04cd1fa46fb7b4096c40b66edc21d70fc4e50d71337f4a2a978fe1dc0ce,inventory only; see report for traced paths
apps/modules/callcommand-ai/source/artifacts/api-server/src/routes/simulate.ts,quarantined-import,489,15755,8eb8a5952c9b9fab25c0357829d285ff577a98f547b745ce62dc02c91d8b5286,inventory only; see report for traced paths
apps/modules/callcommand-ai/source/artifacts/api-server/src/routes/stats.ts,quarantined-import,310,9955,b66cde0d17500d2168f98d453e0d958d9d56e50f5b94d414c1fad75f06d9080e,inventory only; see report for traced paths
apps/modules/callcommand-ai/source/artifacts/api-server/src/routes/storage.ts,quarantined-import,210,6719,5a0962143cc9e17685e5e0d17bb38970cfea891f9b47d297ec3d72a3eeb3a782,inventory only; see report for traced paths
apps/modules/callcommand-ai/source/artifacts/api-server/src/routes/switchboard.ts,quarantined-import,163,5224,763fab4e9f1aef64b7ac9088f5ea2cb2f862cf7ab8829155828c87ece9d712f0,inventory only; see report for traced paths
apps/modules/callcommand-ai/source/artifacts/api-server/src/routes/tasks.ts,quarantined-import,89,2530,a1e3309f62429cdc36fdfe7a071d3a1cd10b412d295d04815d26c1cbb4bab901,inventory only; see report for traced paths
apps/modules/callcommand-ai/source/artifacts/api-server/src/routes/tickets.ts,quarantined-import,82,2246,80d80e1c80b81a94abed218974e9ce62b2c1b53473803560e26012a45732aebb,inventory only; see report for traced paths
apps/modules/callcommand-ai/source/artifacts/api-server/src/routes/transferTargets.ts,quarantined-import,174,5433,7a9315e1907f8f79876bad174df29b8e6cc0aefd2c12065ae55cdb03f207e4c8,inventory only; see report for traced paths
apps/modules/callcommand-ai/source/artifacts/api-server/src/routes/twilio.ts,quarantined-import,1377,44430,95f4fd422335cfd2b134909f31aa9fee5c3f879ade0b896bf16de6f69ec82ff6,inventory only; see report for traced paths
apps/modules/callcommand-ai/source/artifacts/api-server/src/services/actions.ts,quarantined-import,326,10484,bed1e8a4eb0c7c7706f6647b9ba8953dae227057420f6f5a970f65b8f680c07f,inventory only; see report for traced paths
apps/modules/callcommand-ai/source/artifacts/api-server/src/services/aiAnalysis.ts,quarantined-import,312,13630,31c72dcc08486655e97474e5156124113bc0bc8738baf022f2180e33c2456084,inventory only; see report for traced paths
apps/modules/callcommand-ai/source/artifacts/api-server/src/services/callPipeline.ts,quarantined-import,191,6310,d7f189da783994a2399ef58acff99c32fd389e72a392be502dd1a4a69e5ca8b0,inventory only; see report for traced paths
apps/modules/callcommand-ai/source/artifacts/api-server/src/services/flowEngine.ts,quarantined-import,501,16300,9c9b3b799b603b2339bc0caa5464c643f5bf3409648b240bad3921fae38cb265,inventory only; see report for traced paths
apps/modules/callcommand-ai/source/artifacts/api-server/src/services/liveReceptionist.ts,quarantined-import,333,11870,1b90812337eb836d6eddb60f3df5e20a8e70069c02cfe495decec0c3ad9f1170,inventory only; see report for traced paths
apps/modules/callcommand-ai/source/artifacts/api-server/src/services/liveReceptionistObjects.ts,quarantined-import,163,5410,c6c0a5b5a06e56654f47db5d2aca3a89f0c8d675510ead8425668bd8fe6af439,inventory only; see report for traced paths
apps/modules/callcommand-ai/source/artifacts/api-server/src/services/pdf.ts,quarantined-import,201,4948,ea58d2f4ad83758a460b6da4d4da600d1913d962c3fa47f478454d10e9b821ce,inventory only; see report for traced paths
apps/modules/callcommand-ai/source/artifacts/api-server/src/services/rulesEngine.ts,quarantined-import,204,6002,2b7b1f4f4618054a0905e6b8072fb91fdcb44fb4e3e7723038c7a39d5e1d0ad7,inventory only; see report for traced paths
apps/modules/callcommand-ai/source/artifacts/api-server/src/services/telephony/asteriskProvider.ts,quarantined-import,24,862,e30ea234bbfb7cd9d26361792195519793956f1eaf9e62ad97ca2d6e4913826c,inventory only; see report for traced paths
apps/modules/callcommand-ai/source/artifacts/api-server/src/services/telephony/freepbxProvider.ts,quarantined-import,25,905,959433bd966e89e9f98fb69fbf1eaf2efbadb981023f42475de459c24a15f689,inventory only; see report for traced paths
apps/modules/callcommand-ai/source/artifacts/api-server/src/services/telephony/index.ts,quarantined-import,5,234,c1d35369b4ca9d71e67c618db539be5e803a58b337b94f47f63c0962f137432b,inventory only; see report for traced paths
apps/modules/callcommand-ai/source/artifacts/api-server/src/services/telephony/sipProvider.ts,quarantined-import,25,884,707dd76f5a1d3001b756b6d8615a3fe3ad2ea43e3824b7b33a8844fe8984c3f8,inventory only; see report for traced paths
apps/modules/callcommand-ai/source/artifacts/api-server/src/services/telephony/twilioProvider.ts,quarantined-import,349,11611,00136728a5c96d942b6654174683328a9d5f0db16089ee6506f60d4e142a84f9,inventory only; see report for traced paths
apps/modules/callcommand-ai/source/artifacts/api-server/src/services/telephony/types.ts,quarantined-import,129,4461,9d9aae78a62588b2a9e338f1bfece2314128296dc3f169f2e56d7a1a7988c528,inventory only; see report for traced paths
apps/modules/callcommand-ai/source/artifacts/api-server/src/services/twilioControl.ts,quarantined-import,155,4826,113e9956bd2a4b7db30c98cd6983941e7e8c3f106cac3038cf2caa3ca4fe74fe,inventory only; see report for traced paths
apps/modules/callcommand-ai/source/artifacts/callcommand/src/App.tsx,quarantined-import,248,9665,f069f8a46677ba1c7b8b30886920fef314a787ab92457bce9dbc8423b14c2cf3,inventory only; see report for traced paths
apps/modules/callcommand-ai/source/artifacts/callcommand/src/components/layout.tsx,quarantined-import,212,9210,3c01067f6ff5637b1e8692adb1691bdbcfdb53f5d549dc6e6e37837e4409615d,inventory only; see report for traced paths
apps/modules/callcommand-ai/source/artifacts/callcommand/src/components/ui/accordion.tsx,quarantined-import,55,2056,fff47c151b7b1beedd3cdd38f1bb80b28b0152a7d4e323a50b519471dba5206c,inventory only; see report for traced paths
apps/modules/callcommand-ai/source/artifacts/callcommand/src/components/ui/alert-dialog.tsx,quarantined-import,139,4558,954aa5d2030eac91726054666e81113f22a709fc3d2786e5e6907384ede58dc3,inventory only; see report for traced paths
apps/modules/callcommand-ai/source/artifacts/callcommand/src/components/ui/alert.tsx,quarantined-import,59,1657,dfac5998c66e5651323d913a1a3d4548e9a3cad94819950e0f6ab36c6ea92c15,inventory only; see report for traced paths
apps/modules/callcommand-ai/source/artifacts/callcommand/src/components/ui/aspect-ratio.tsx,quarantined-import,5,145,62f29cd87c19f52d403dc2d17823849db2c8cbd541c9f96de20ef13e58d379db,inventory only; see report for traced paths
apps/modules/callcommand-ai/source/artifacts/callcommand/src/components/ui/avatar.tsx,quarantined-import,50,1469,4ee6fbff6d693bf5b76f1b30e4cd55de6c6343c46a51e636c3e3b8a911fa7ec0,inventory only; see report for traced paths
apps/modules/callcommand-ai/source/artifacts/callcommand/src/components/ui/badge.tsx,quarantined-import,43,1565,8e1871d6160d067a687beb25f850fa12dfc30d19356fdaa27ae6f7fd17e1fe02,inventory only; see report for traced paths
apps/modules/callcommand-ai/source/artifacts/callcommand/src/components/ui/breadcrumb.tsx,quarantined-import,115,2827,76807d2c1be3d1e5e0e055ffbecd8451acfc71db6a7aa3c8660631d7603d517f,inventory only; see report for traced paths
apps/modules/callcommand-ai/source/artifacts/callcommand/src/components/ui/button-group.tsx,quarantined-import,83,2292,f42ab464f85e682be5dd43e069543ddfbc0938d856665304092a5eba3d4cd0c9,inventory only; see report for traced paths
apps/modules/callcommand-ai/source/artifacts/callcommand/src/components/ui/button.tsx,quarantined-import,65,2421,d0a176bc30348fb86aa581029fe6091db105aca2e372fd12a5fb98b3606a073b,inventory only; see report for traced paths
apps/modules/callcommand-ai/source/artifacts/callcommand/src/components/ui/calendar.tsx,quarantined-import,213,7782,c95bd7c60cd25365707126852c718ea6ebdd1be2c487cb7c5d88e4be14ad4634,inventory only; see report for traced paths
apps/modules/callcommand-ai/source/artifacts/callcommand/src/components/ui/card.tsx,quarantined-import,76,1904,c58a39198aab485b7bec9dde033dca0b25be3fce06c00a101c2561dceff775a1,inventory only; see report for traced paths
apps/modules/callcommand-ai/source/artifacts/callcommand/src/components/ui/carousel.tsx,quarantined-import,260,6470,d48a52f0bc5161c47ee818c88bebedea98c14742a1e4d3c76639a612ddbb376a,inventory only; see report for traced paths
apps/modules/callcommand-ai/source/artifacts/callcommand/src/components/ui/chart.tsx,quarantined-import,367,11130,e38a709f24713b27f4fc90ddb140b90f784bb5dbfc81ae4c89f8b34b20bdfcc6,inventory only; see report for traced paths
apps/modules/callcommand-ai/source/artifacts/callcommand/src/components/ui/checkbox.tsx,quarantined-import,28,1059,a90725bcc6583cbced083484e8051582284f5374acc1585e0a742f1c21925cad,inventory only; see report for traced paths
apps/modules/callcommand-ai/source/artifacts/callcommand/src/components/ui/collapsible.tsx,quarantined-import,11,340,bc854800960ef4129d4679a7c4a6b5091e7038adc03698e4529d0c9b5af0d831,inventory only; see report for traced paths
apps/modules/callcommand-ai/source/artifacts/callcommand/src/components/ui/command.tsx,quarantined-import,153,5040,65332ac050fabef0c860273d8d97be14a6a33b8d3b7cfb1599aded26622f0246,inventory only; see report for traced paths
apps/modules/callcommand-ai/source/artifacts/callcommand/src/components/ui/context-menu.tsx,quarantined-import,198,7604,f875c1dc21224f223d27962338e983589c014a6980bd03c5f1b651ebb7471345,inventory only; see report for traced paths
apps/modules/callcommand-ai/source/artifacts/callcommand/src/components/ui/dialog.tsx,quarantined-import,120,3955,8a4215777ab3e381c840c0708818dbf4799d6fe3ba44f39cbae0da0b3e0bcab1,inventory only; see report for traced paths
apps/modules/callcommand-ai/source/artifacts/callcommand/src/components/ui/drawer.tsx,quarantined-import,116,3123,9710f71dcf19d52d2e757ea2f364a03b4bd4546161f4bbebfdd8a829a382748a,inventory only; see report for traced paths
apps/modules/callcommand-ai/source/artifacts/callcommand/src/components/ui/dropdown-menu.tsx,quarantined-import,201,7807,8d02514fbfde8abddd519887fa2332fe151428f54c0f46d07466e77a49b2b70f,inventory only; see report for traced paths
apps/modules/callcommand-ai/source/artifacts/callcommand/src/components/ui/empty.tsx,quarantined-import,104,2500,954873c4438f866bc417e36f7745000c16a8851b59609bdc310bb027c2918953,inventory only; see report for traced paths
apps/modules/callcommand-ai/source/artifacts/callcommand/src/components/ui/field.tsx,quarantined-import,244,6288,a4808670f918794e5402bf9753e9009a75a29868a1f9ff4f399260a0a3513381,inventory only; see report for traced paths
apps/modules/callcommand-ai/source/artifacts/callcommand/src/components/ui/form.tsx,quarantined-import,176,4351,377975a4e6a9da67a52d097d59a03a398e9023a45cd5a5cc79de25b6bb6a4a92,inventory only; see report for traced paths
apps/modules/callcommand-ai/source/artifacts/callcommand/src/components/ui/hover-card.tsx,quarantined-import,27,1264,7bef587e8c6ff88faae02c1dc58572a794f88950459edb4a409070f5ef7bc290,inventory only; see report for traced paths
apps/modules/callcommand-ai/source/artifacts/callcommand/src/components/ui/input-group.tsx,quarantined-import,168,5139,6d7a49acb2cbb08a0abb911f41deb0d097d2b1a1a8647959c5ebbd4fe37aaa75,inventory only; see report for traced paths
apps/modules/callcommand-ai/source/artifacts/callcommand/src/components/ui/input-otp.tsx,quarantined-import,69,2212,d7699cf34d1a4cfd88c3da711cf6a193cd72e1f5b0ffc6b392fe9f35d0125f29,inventory only; see report for traced paths
apps/modules/callcommand-ai/source/artifacts/callcommand/src/components/ui/input.tsx,quarantined-import,22,790,cacc180f0367350b3fe134949e04a562e027878131faadabeb300148c6cd84fb,inventory only; see report for traced paths
apps/modules/callcommand-ai/source/artifacts/callcommand/src/components/ui/item.tsx,quarantined-import,193,4687,f93d19a3e63b621b16d8ffaabb531c10b3b5611153e14079a187a9d76a78fab8,inventory only; see report for traced paths
apps/modules/callcommand-ai/source/artifacts/callcommand/src/components/ui/kbd.tsx,quarantined-import,28,890,dd4b76a2c84f23bb410a1361c8355332ad8d0e99bc348cec8fd626c26c50540c,inventory only; see report for traced paths
apps/modules/callcommand-ai/source/artifacts/callcommand/src/components/ui/label.tsx,quarantined-import,26,750,8253ee4179284de5d037eee03b55f4499b04ff41ddfa60b3176ea28d4bdc301c,inventory only; see report for traced paths
apps/modules/callcommand-ai/source/artifacts/callcommand/src/components/ui/menubar.tsx,quarantined-import,254,8862,95dff8f7a917b42de3f413df3c5f7615cf158ae4ed9129642eff59ba9d352d0c,inventory only; see report for traced paths
apps/modules/callcommand-ai/source/artifacts/callcommand/src/components/ui/navigation-menu.tsx,quarantined-import,128,5252,f8ba72ac1edf867f20e940b5b99212d98ebd7d5a2132eaf6a98130209080bb2e,inventory only; see report for traced paths
apps/modules/callcommand-ai/source/artifacts/callcommand/src/components/ui/pagination.tsx,quarantined-import,117,2868,e3cc6dfb9d84cf94a00b1c61e188ff19ab9cc5558ef046944d90bd6e2de55d31,inventory only; see report for traced paths
apps/modules/callcommand-ai/source/artifacts/callcommand/src/components/ui/popover.tsx,quarantined-import,31,1373,c700d123e6729b734ac3b13a44947d2ef9180b56dc9a72e8a1768ea8b943bc93,inventory only; see report for traced paths
apps/modules/callcommand-ai/source/artifacts/callcommand/src/components/ui/progress.tsx,quarantined-import,28,820,0e52f6bdff8b18385effd7845819cbe78fbe565e76509c08d9e072ddd474c566,inventory only; see report for traced paths
apps/modules/callcommand-ai/source/artifacts/callcommand/src/components/ui/radio-group.tsx,quarantined-import,42,1452,7fe8ffedbabac6b82d277b086b774f9ee57d9184d1ab13452d77ceda489c5c99,inventory only; see report for traced paths
apps/modules/callcommand-ai/source/artifacts/callcommand/src/components/ui/resizable.tsx,quarantined-import,45,1768,bbb236cf580525f2f1f7e40404d34c03cf806c02eee8404891f72fcf5034ec31,inventory only; see report for traced paths
apps/modules/callcommand-ai/source/artifacts/callcommand/src/components/ui/scroll-area.tsx,quarantined-import,46,1688,5bbf2efc963f2a62d9f9d41fdf2a96f798ad409ee2a1fdb1fe51da947d882dc7,inventory only; see report for traced paths
apps/modules/callcommand-ai/source/artifacts/callcommand/src/components/ui/select.tsx,quarantined-import,159,5904,41c332da1a05575ee9f45650301efcdaa62b01b237c831d779ab23f034f535c7,inventory only; see report for traced paths
apps/modules/callcommand-ai/source/artifacts/callcommand/src/components/ui/separator.tsx,quarantined-import,29,785,1e2f9c2eab409bf25614f4e0b495b9a67646e92a0a7d1a033afaada64fdb1b78,inventory only; see report for traced paths
apps/modules/callcommand-ai/source/artifacts/callcommand/src/components/ui/sheet.tsx,quarantined-import,140,4420,72edc44a754350bb77fcd9bfd621f3b8b98fba5e85aa72d7555912b1e2ea6faf,inventory only; see report for traced paths
apps/modules/callcommand-ai/source/artifacts/callcommand/src/components/ui/sidebar.tsx,quarantined-import,727,22573,3a36ba9f139af5708d6aa1f0fc620085e4b2e9fcc1e58e35ee1933a0c9ac07ce,inventory only; see report for traced paths
apps/modules/callcommand-ai/source/artifacts/callcommand/src/components/ui/skeleton.tsx,quarantined-import,15,281,91e3bb69a8b91319442ae4aa4203407044b90bd43703c3aa8f011d43f844fe43,inventory only; see report for traced paths
apps/modules/callcommand-ai/source/artifacts/callcommand/src/components/ui/slider.tsx,quarantined-import,26,1063,f2c30f700b5a8dfd342413ca266f7618b39dac0ca50e7101adefd0b68afb3478,inventory only; see report for traced paths
apps/modules/callcommand-ai/source/artifacts/callcommand/src/components/ui/sonner.tsx,quarantined-import,31,925,16ab4f1f4c538f3991751b31c64d930b44a4d20caef51629ee13c3517db9a986,inventory only; see report for traced paths
apps/modules/callcommand-ai/source/artifacts/callcommand/src/components/ui/spinner.tsx,quarantined-import,16,347,cbf9073613aed22ffd4ba21219adc1d1b8dce311d4280800f772b5eae587eeff,inventory only; see report for traced paths
apps/modules/callcommand-ai/source/artifacts/callcommand/src/components/ui/switch.tsx,quarantined-import,27,1175,08711f3d92da7c10c8f84d30984870628331e66212fb9f618da24d1a803a4dee,inventory only; see report for traced paths
apps/modules/callcommand-ai/source/artifacts/callcommand/src/components/ui/table.tsx,quarantined-import,120,2979,865e3fca4936c02b58beab4509abcb468449fd2ee2ebdc3aebdd23ee3bfd982b,inventory only; see report for traced paths
apps/modules/callcommand-ai/source/artifacts/callcommand/src/components/ui/tabs.tsx,quarantined-import,53,1930,8134e14b016e1f3846640c2bc8a2c6438c289da6b8ce1d04362a101ef62d45a7,inventory only; see report for traced paths
apps/modules/callcommand-ai/source/artifacts/callcommand/src/components/ui/textarea.tsx,quarantined-import,22,671,c3b95caa4b59e88f09752932dc93d289f9e3758fd0eff9b029f8e6d453dcea03,inventory only; see report for traced paths
apps/modules/callcommand-ai/source/artifacts/callcommand/src/components/ui/toast.tsx,quarantined-import,127,4972,2da684420d53b7826485853a5f433bc794eb8a3fa3ca99db7cabb59974dfff38,inventory only; see report for traced paths
apps/modules/callcommand-ai/source/artifacts/callcommand/src/components/ui/toaster.tsx,quarantined-import,33,805,d336e69dc56f72df1da448f1f39eedddb3b7e0dd0e5a69ca5be8db7acb32b7e4,inventory only; see report for traced paths
apps/modules/callcommand-ai/source/artifacts/callcommand/src/components/ui/toggle-group.tsx,quarantined-import,61,1814,04c1ac2983a3b790295fae9a0c475b32c61d6c49954e65eb38b54fa9af09f9dc,inventory only; see report for traced paths
apps/modules/callcommand-ai/source/artifacts/callcommand/src/components/ui/toggle.tsx,quarantined-import,43,1529,950f6552560c82c4f7c8ad15568acb0ce59ee6305afe8b2df92a0b4c60a1d478,inventory only; see report for traced paths
apps/modules/callcommand-ai/source/artifacts/callcommand/src/components/ui/tooltip.tsx,quarantined-import,32,1299,f3b91d8e764ae4bf78e0bf44a62cd8ef2503a251a7824ee062f0cd864caffdf6,inventory only; see report for traced paths
apps/modules/callcommand-ai/source/artifacts/callcommand/src/hooks/use-mobile.tsx,quarantined-import,19,584,d2377fbad5ad2bdf7fa896a68c36ac8bf4aa74a974b2061f77b41ae58d623001,inventory only; see report for traced paths
apps/modules/callcommand-ai/source/artifacts/callcommand/src/hooks/use-toast.ts,quarantined-import,191,4086,52580e80b7d8e7dfc0eee27f3bc8dfa209e32fe8dc96b8e3e79ed61666348dd7,inventory only; see report for traced paths
apps/modules/callcommand-ai/source/artifacts/callcommand/src/index.css,quarantined-import,197,5832,65593a339a0a4dcdfb45cc47ea4b77b0dca2edb5d2fbc3a2244f128a77ae2fca,inventory only; see report for traced paths
apps/modules/callcommand-ai/source/artifacts/callcommand/src/lib/callStatus.ts,quarantined-import,57,1878,5b980f40070584d8b4100c2bf7e7b4a2c4367482cfefab1bd501f1e874d902c0,inventory only; see report for traced paths
apps/modules/callcommand-ai/source/artifacts/callcommand/src/lib/utils.ts,quarantined-import,6,172,74a147991a119f1c4cdc25a4d9b22713632fa32eb136e55ab6939b006d71b9d6,inventory only; see report for traced paths
apps/modules/callcommand-ai/source/artifacts/callcommand/src/main.tsx,quarantined-import,5,162,5df52f8fa0b617b6ff92334adc5551e01c4bf771c5a27c6abe58ad162c347b80,inventory only; see report for traced paths
apps/modules/callcommand-ai/source/artifacts/callcommand/src/pages/automation-rules.tsx,quarantined-import,263,9394,8c41671526879ae1aefa1254ab2df148c7fa3ba567909cd939199205519e294b,inventory only; see report for traced paths
apps/modules/callcommand-ai/source/artifacts/callcommand/src/pages/billing.tsx,quarantined-import,114,5212,86b35937d237074aa23e97b3b13fe66199a91d58ae8778f066141dd7a136d19a,inventory only; see report for traced paths
apps/modules/callcommand-ai/source/artifacts/callcommand/src/pages/call-detail.tsx,quarantined-import,598,24334,a865b4f4087b5e3345c25bae986d30d9de7a86f236e89829e0afd9878788ad3f,inventory only; see report for traced paths
apps/modules/callcommand-ai/source/artifacts/callcommand/src/pages/calls.tsx,quarantined-import,216,9716,e509093a607480205b87f633c5aa7abf4728f061e35f22a353a29ebacd72584b,inventory only; see report for traced paths
apps/modules/callcommand-ai/source/artifacts/callcommand/src/pages/channels.tsx,quarantined-import,748,29958,c832e9404a753dc6530b8bdd1f3eadab75e6f2a69eaa51777c7e3d7a3e16f749,inventory only; see report for traced paths
apps/modules/callcommand-ai/source/artifacts/callcommand/src/pages/dashboard.tsx,quarantined-import,440,14622,826da570e7799a6446c810cf02c87ba090b677b89f17a9af16dbbc467886a00c,inventory only; see report for traced paths
apps/modules/callcommand-ai/source/artifacts/callcommand/src/pages/flow-detail.tsx,quarantined-import,435,15253,0f327bb9e7ef8aeff1c292dc7e08a48c294df5c0f0082f07a8970c9102df341a,inventory only; see report for traced paths
apps/modules/callcommand-ai/source/artifacts/callcommand/src/pages/flows.tsx,quarantined-import,285,10027,e1b5066abc178ca9ca6aee0afec377ceaa6bd538eac84ef5e1cf2f85a0c4b61e,inventory only; see report for traced paths
apps/modules/callcommand-ai/source/artifacts/callcommand/src/pages/integrations.tsx,quarantined-import,374,14516,f5a9f28983596aac2ed149e0ca3669b4cb561d68db9f1bb6618006b0070dfc7f,inventory only; see report for traced paths
apps/modules/callcommand-ai/source/artifacts/callcommand/src/pages/landing.tsx,quarantined-import,139,9057,d0264b2f72cc79529979dfc65493523c95addde9540b1351f8baef43b96e8830,inventory only; see report for traced paths
apps/modules/callcommand-ai/source/artifacts/callcommand/src/pages/leads.tsx,quarantined-import,140,5397,a65ee4871f7270b146a4fb50c904bf11d8fd2422ce4ca28c94168f6651076511,inventory only; see report for traced paths
apps/modules/callcommand-ai/source/artifacts/callcommand/src/pages/not-found.tsx,quarantined-import,21,732,d6ce1dabff2cb0630606c8502200a8bb531b7aebb7c864d8863ef896df350dac,inventory only; see report for traced paths
apps/modules/callcommand-ai/source/artifacts/callcommand/src/pages/receptionist-profiles.tsx,quarantined-import,554,20756,4bd425d37764adf6563e86cdbfc0e1839100832683eaff6ba75a14003d4fd5a4,inventory only; see report for traced paths
apps/modules/callcommand-ai/source/artifacts/callcommand/src/pages/settings.tsx,quarantined-import,77,3459,502e94b7ec513d9ff68f9285abf491f3a756038d6514329f47480195991911c2,inventory only; see report for traced paths
apps/modules/callcommand-ai/source/artifacts/callcommand/src/pages/setup-telephony.tsx,quarantined-import,366,13028,c07bc421d7b5b5e956f0b5d213e6fb251f6911939bdbe1cba9d3434d62091e4f,inventory only; see report for traced paths
apps/modules/callcommand-ai/source/artifacts/callcommand/src/pages/simulate-live-call.tsx,quarantined-import,387,13618,e9a323efc723a2b1ac960b843a6e6ee22d1905655b7a1e85d2ade17a7b9799a3,inventory only; see report for traced paths
apps/modules/callcommand-ai/source/artifacts/callcommand/src/pages/simulate.tsx,quarantined-import,285,10969,f58592c683e74690f5a1b65e60ef65ea31785494bf99a23f3728ad581c4f49ed,inventory only; see report for traced paths
apps/modules/callcommand-ai/source/artifacts/callcommand/src/pages/switchboard.tsx,quarantined-import,566,21128,24b7b5944c39b87fc5d3ba23a574c5f350d53f64661db40d139e1425ea76152f,inventory only; see report for traced paths
apps/modules/callcommand-ai/source/artifacts/callcommand/src/pages/tasks.tsx,quarantined-import,149,5686,09f005906eeaef7d42b39b1e5147afcd7e6661c325a639a23eea6d4b98c47dac,inventory only; see report for traced paths
apps/modules/callcommand-ai/source/artifacts/callcommand/src/pages/tickets.tsx,quarantined-import,144,5370,e892ecae043bb93915dda85cd7c7f9aca5a6c9154b333f2b285224bf108528ef,inventory only; see report for traced paths
apps/modules/callcommand-ai/source/artifacts/callcommand/src/pages/transfer-targets.tsx,quarantined-import,352,12055,342ad3aba210df687de905b655aed6fafc9258b91e0f572ffbe152e7f364bd37,inventory only; see report for traced paths
apps/modules/callcommand-ai/source/artifacts/callcommand/src/pages/upload.tsx,quarantined-import,213,8413,b0a38080173d0f7965a182c1eb7721057112b48ed4bfe7bb759daaf49c7499bf,inventory only; see report for traced paths
apps/modules/callcommand-ai/source/artifacts/callcommand/vite.config.ts,quarantined-import,75,1855,3f952f3953424cda577882ac020c6d33bcc531911534be6b2cca6a95cc1b7c8a,inventory only; see report for traced paths
apps/modules/callcommand-ai/source/lib/api-client-react/src/custom-fetch.ts,quarantined-import,371,11748,162976e9d0bb8860ff32b9c25e3126e947a0badd5af8f0be91d2f5d564423a26,inventory only; see report for traced paths
apps/modules/callcommand-ai/source/lib/api-client-react/src/generated/api.schemas.ts,quarantined-import,1182,26903,5d1579e5856b786ecd7d9462475c595f6816ab4267737244586f4345bf1c093d,inventory only; see report for traced paths
apps/modules/callcommand-ai/source/lib/api-client-react/src/generated/api.ts,quarantined-import,6050,172218,e0d02820c277b2843b59ed2d59f4a04ab73acf6d7d386dcbd0b262e8312fd8b6,inventory only; see report for traced paths
apps/modules/callcommand-ai/source/lib/api-client-react/src/index.ts,quarantined-import,4,198,b3d4fdd4278127eaa4ee3c253b59ac636392f290459e44eb33dd2beaff4fcb5c,inventory only; see report for traced paths
apps/modules/callcommand-ai/source/lib/api-spec/orval.config.ts,quarantined-import,72,1875,4405fcf774d84ca551c4f39ac6f5ce009d2eda68119327be5b96077d534eed7b,inventory only; see report for traced paths
apps/modules/callcommand-ai/source/lib/api-zod/src/generated/api.ts,quarantined-import,1944,59196,95c61c863f414dc08c2f677cb1d85a79e3a6c70e3f66d0f9dd12e165c573f022,inventory only; see report for traced paths
apps/modules/callcommand-ai/source/lib/api-zod/src/generated/types/actionItem.ts,quarantined-import,21,406,2d17549fde7059da54356f7f1bf05a71f689a4289de84aa44fbcc3a25e03bcd4,inventory only; see report for traced paths
apps/modules/callcommand-ai/source/lib/api-zod/src/generated/types/addLiveSessionNoteBody.ts,quarantined-import,11,199,80c6b9be212890bfc7b073ad18677bbbe62b52c74a6e13f59ec1a325bd6f28fa,inventory only; see report for traced paths
apps/modules/callcommand-ai/source/lib/api-zod/src/generated/types/applyProductModeBody.ts,quarantined-import,11,199,a9bf50f9317b8a47df1a56bcf8de0474643782ef13d7548c523ad30a46292ecc,inventory only; see report for traced paths
apps/modules/callcommand-ai/source/lib/api-zod/src/generated/types/applyProductModeResponse.ts,quarantined-import,14,281,b9397ab10f37fa2741078932c68034e076e2440157211d8db9e8e28d0cc74779,inventory only; see report for traced paths
apps/modules/callcommand-ai/source/lib/api-zod/src/generated/types/automationRule.ts,quarantined-import,22,571,5e3ce3d507cea4dcd1794f12a4c4bcb8e7b4899cd0c5bfe341e6c96dc6571900,inventory only; see report for traced paths
apps/modules/callcommand-ai/source/lib/api-zod/src/generated/types/automationRuleActionsItem.ts,quarantined-import,9,205,25ed1fc76320f963cf2fd88971c74acb8f09da00479f57036fe589c7d6129f50,inventory only; see report for traced paths
apps/modules/callcommand-ai/source/lib/api-zod/src/generated/types/automationRuleConditions.ts,quarantined-import,9,204,16d2255eb2c8ad373201d473060fe893377af12c0154ad1e1c4cafebc6f3154b,inventory only; see report for traced paths
apps/modules/callcommand-ai/source/lib/api-zod/src/generated/types/automationRuleList.ts,quarantined-import,10,245,4a47f44871f38a3ceaf8dc0793a3b98ab654e831a0d2250193ed32c9efd788ff,inventory only; see report for traced paths
apps/modules/callcommand-ai/source/lib/api-zod/src/generated/types/billingPlan.ts,quarantined-import,14,270,50c77ebb3c19e99cd0b052eac7d0215d07de09bb04f852b6d08aa838631771fc,inventory only; see report for traced paths
apps/modules/callcommand-ai/source/lib/api-zod/src/generated/types/call.ts,quarantined-import,68,1690,39af4c38d94b3af2a012ae86b1f116fcc6d423a4c7f2f1e9c4bd5ee88d8e2c32,inventory only; see report for traced paths
apps/modules/callcommand-ai/source/lib/api-zod/src/generated/types/callCrmJson.ts,quarantined-import,12,222,21caf00b0e1ae87e57756598b463dec2c5ff7a6336646c8872e2ea766459699b,inventory only; see report for traced paths
apps/modules/callcommand-ai/source/lib/api-zod/src/generated/types/callFlow.ts,quarantined-import,24,502,a67179dab038a341048db8a5d8845772b6791790072f4207b5dd62b728a97d86,inventory only; see report for traced paths
apps/modules/callcommand-ai/source/lib/api-zod/src/generated/types/callFlowList.ts,quarantined-import,10,221,384f8b66f8b3b00ab446af319f535d957a0612219346b30cd7655bda45e4c64e,inventory only; see report for traced paths
apps/modules/callcommand-ai/source/lib/api-zod/src/generated/types/callList.ts,quarantined-import,10,205,b664bd66c7df1990949ec7536d8033ec8be8dd6ded1666e3d80d2acd037c0274,inventory only; see report for traced paths
apps/modules/callcommand-ai/source/lib/api-zod/src/generated/types/channel.ts,quarantined-import,51,1311,83b6385861518964bb39c87c1e918d201d04090f9e5bcc0a20150e8960475fe2,inventory only; see report for traced paths
apps/modules/callcommand-ai/source/lib/api-zod/src/generated/types/channelBusinessHours.ts,quarantined-import,12,231,093017cb00cebba577858420c69c7c44419c3c1482659d8d5d7147746bc2f6fb,inventory only; see report for traced paths
apps/modules/callcommand-ai/source/lib/api-zod/src/generated/types/channelList.ts,quarantined-import,10,217,3f76be3e5524790683a42b0973aa9c7726efdb69acb620950c210ca0b8d23442,inventory only; see report for traced paths
apps/modules/callcommand-ai/source/lib/api-zod/src/generated/types/checkoutSession.ts,quarantined-import,15,291,a6d751780cd1e0936b3d3b2c37c1a1bb045a2db97dbe67c6f516bff3f38d5cf1,inventory only; see report for traced paths
apps/modules/callcommand-ai/source/lib/api-zod/src/generated/types/createAutomationRuleBody.ts,quarantined-import,17,546,1a39a1c93745b27ec84b3db8bb4dd85195cfdfad91ad0c755ecf36b80016aa9a,inventory only; see report for traced paths
apps/modules/callcommand-ai/source/lib/api-zod/src/generated/types/createAutomationRuleBodyActionsItem.ts,quarantined-import,9,215,e0078be950c17a5dd25dc19d7b79f0ac4a5687822c7c6ff4aa1a9d0def616a3c,inventory only; see report for traced paths
apps/modules/callcommand-ai/source/lib/api-zod/src/generated/types/createAutomationRuleBodyConditions.ts,quarantined-import,9,214,47b2349e8116a540e560333db585c827f914fd943e790a9e2a3492e18d3c886e,inventory only; see report for traced paths
apps/modules/callcommand-ai/source/lib/api-zod/src/generated/types/createCallBody.ts,quarantined-import,12,226,f395114edf48e05a8b110a988ce2741bbcfe6e6806c23560d59a6ce49bd046d0,inventory only; see report for traced paths
apps/modules/callcommand-ai/source/lib/api-zod/src/generated/types/createCallFlowBody.ts,quarantined-import,18,445,918414d51306eb79d20519d907f6a0d622a971a3ce0a072f6a91043b7b783b68,inventory only; see report for traced paths
apps/modules/callcommand-ai/source/lib/api-zod/src/generated/types/createCallFlowBodyNodesItem.ts,quarantined-import,21,542,aa833bfac4be2a3634c5b522332f243211a51f3cddae7f9b1be3488db1e9a700,inventory only; see report for traced paths
apps/modules/callcommand-ai/source/lib/api-zod/src/generated/types/createCallFlowBodyNodesItemConfig.ts,quarantined-import,9,213,0279294d384b8bdbd215db0bc7b8bd49457fa9b0d6c8d6ecf44997757c64cfdd,inventory only; see report for traced paths
apps/modules/callcommand-ai/source/lib/api-zod/src/generated/types/createChannelBody.ts,quarantined-import,46,1257,d6e423efaac65f6f2cdc9eb5bb8c18d1b298f0cf125b86672e096b88dfbeb5a0,inventory only; see report for traced paths
apps/modules/callcommand-ai/source/lib/api-zod/src/generated/types/createChannelBodyBusinessHours.ts,quarantined-import,12,241,589ecf7bb0df4d1a9ee7ca43b9d591816ca484ddb569aa4f10052211f67bf31b,inventory only; see report for traced paths
apps/modules/callcommand-ai/source/lib/api-zod/src/generated/types/createCheckoutBody.ts,quarantined-import,11,195,ad3ea563aa3c434a995e6fab60ade05dd9bdf1f970d05206294cb2153b36e10b,inventory only; see report for traced paths
apps/modules/callcommand-ai/source/lib/api-zod/src/generated/types/createIntegrationBody.ts,quarantined-import,14,260,8fbde96bacc6d9a88cda1014fd4acaa7bf450a77488b8a2efbf3665d8be3c66a,inventory only; see report for traced paths
apps/modules/callcommand-ai/source/lib/api-zod/src/generated/types/createReceptionistProfileBody.ts,quarantined-import,34,884,26ea88c666100e4e592e699e0e42092da1615fbb35e4944445ed7a1fe4d0bd0c,inventory only; see report for traced paths
apps/modules/callcommand-ai/source/lib/api-zod/src/generated/types/createTransferTargetBody.ts,quarantined-import,27,704,2af7d2e7b3c33b34296b120098fd621b484ea16d6b0a43abae04333160cd76a7,inventory only; see report for traced paths
apps/modules/callcommand-ai/source/lib/api-zod/src/generated/types/createTransferTargetBodyBusinessHours.ts,quarantined-import,14,253,9b42ae868a219976cb2856506a9bbf1ff5365f7b6bc841c81c4d99c2fbc864ff,inventory only; see report for traced paths
apps/modules/callcommand-ai/source/lib/api-zod/src/generated/types/dashboardStats.ts,quarantined-import,31,986,b88d8f3dd4403130416d4b0df701604efb754bc13dee572172aa89ead43dba21,inventory only; see report for traced paths
apps/modules/callcommand-ai/source/lib/api-zod/src/generated/types/dashboardStatsCallsByChannelItem.ts,quarantined-import,14,275,db5ca5311c4520f381342394201b1a6395163cb16b2ebb53ff929076f4c96359,inventory only; see report for traced paths
apps/modules/callcommand-ai/source/lib/api-zod/src/generated/types/dashboardStatsConversionFunnel.ts,quarantined-import,13,248,aca55c367c885c2af12fc1d72726cb23442e05f05babf717939111d5eb9a9375,inventory only; see report for traced paths
apps/modules/callcommand-ai/source/lib/api-zod/src/generated/types/error.ts,quarantined-import,11,183,55e3d29994660f090df1708254f4e02941804efc98bfbd42e00dd5c0d7df17fa,inventory only; see report for traced paths
apps/modules/callcommand-ai/source/lib/api-zod/src/generated/types/escalationRules.ts,quarantined-import,15,348,770c4d41cc7062d019a1640c6655329f949751abb13e2061b5296a5f654a5051,inventory only; see report for traced paths
apps/modules/callcommand-ai/source/lib/api-zod/src/generated/types/flowExecutionResult.ts,quarantined-import,21,458,18180218645fc1b06753150d643fd6aeedfa4be9e4f3f4722d616d8a637ee0e6,inventory only; see report for traced paths
apps/modules/callcommand-ai/source/lib/api-zod/src/generated/types/flowLog.ts,quarantined-import,31,674,9e12123beea4e2f7e063117b009e25bf61d8d961fc24b57b6322c0380b3af8c4,inventory only; see report for traced paths
apps/modules/callcommand-ai/source/lib/api-zod/src/generated/types/flowLogDetail.ts,quarantined-import,12,224,05c9d3e57d409713e69e181c8c6f47480e8da12f4fa1dc7cb9b22aa2ce661faf,inventory only; see report for traced paths
apps/modules/callcommand-ai/source/lib/api-zod/src/generated/types/flowLogList.ts,quarantined-import,10,217,66eceddc07d25774f7fa9b23bc6b11a1116f344587c52db17b1b92958fdb3d3d,inventory only; see report for traced paths
apps/modules/callcommand-ai/source/lib/api-zod/src/generated/types/flowNode.ts,quarantined-import,22,479,97ac43fccef218e7ffccea9e6e69a12f7af9b6cfe8c008583cedf67e57b4624e,inventory only; see report for traced paths
apps/modules/callcommand-ai/source/lib/api-zod/src/generated/types/flowNodeConfig.ts,quarantined-import,9,194,6400628e40b66424435e3e9582f60ca48bfc8ccb043c712e1ddf29954a01f87e,inventory only; see report for traced paths
apps/modules/callcommand-ai/source/lib/api-zod/src/generated/types/followup.ts,quarantined-import,21,401,4584142cf09ecc85e9573065c73aa7f9158ceb5d4b3fd1e6e30ca98722810c35,inventory only; see report for traced paths
apps/modules/callcommand-ai/source/lib/api-zod/src/generated/types/followupList.ts,quarantined-import,10,221,cee7d8341ad722fb015fe3b0b48b51b28ab4eba37a30c0de2d2f03ca275488f5,inventory only; see report for traced paths
apps/modules/callcommand-ai/source/lib/api-zod/src/generated/types/healthStatus.ts,quarantined-import,11,191,b209bb39d84f9a4dc3d270fff76507fee0f7435075bf4aeeee352e086ad18412,inventory only; see report for traced paths
apps/modules/callcommand-ai/source/lib/api-zod/src/generated/types/index.ts,quarantined-import,128,4924,46cd83a501fe712e69758709e0f40573c9febbc3c52f4ca60204dce8f239a3c3,inventory only; see report for traced paths
apps/modules/callcommand-ai/source/lib/api-zod/src/generated/types/ingestionEvent.ts,quarantined-import,19,372,4fc9f257944fb914a0ec94bc48b50625a4fe2c4db40ac75732280db346490822,inventory only; see report for traced paths
apps/modules/callcommand-ai/source/lib/api-zod/src/generated/types/ingestionEventList.ts,quarantined-import,10,245,d94db549658ce25ad06b93f56abcac01202178f39d2c9a9ca99b70cc317678f1,inventory only; see report for traced paths
apps/modules/callcommand-ai/source/lib/api-zod/src/generated/types/ingestionTokenResponse.ts,quarantined-import,15,387,f0c18ca0bf1b2e698e0dc4269ddaf7dc039fc47b7a11502c0abcf0b09f72d27f,inventory only; see report for traced paths
apps/modules/callcommand-ai/source/lib/api-zod/src/generated/types/ingestionTokenResponseEndpoints.ts,quarantined-import,13,246,19a0ba353adee88c7f71501482300a98ee2e3034aa97b46a0094b7f017695ded,inventory only; see report for traced paths
apps/modules/callcommand-ai/source/lib/api-zod/src/generated/types/intakeField.ts,quarantined-import,16,303,62337eff7c87320df3d8aca3a5a9761f3ce0647d880abac86b3e67d2150967ef,inventory only; see report for traced paths
apps/modules/callcommand-ai/source/lib/api-zod/src/generated/types/intakeSchema.ts,quarantined-import,12,249,35b3aafef510e4d3d6c54200f50f6adb8c0a4ab4f3419749e43d65a451043154,inventory only; see report for traced paths
apps/modules/callcommand-ai/source/lib/api-zod/src/generated/types/integration.ts,quarantined-import,18,323,1434835ccb336e29e79ebe5a79e48858b9b29f5e44b81a8ac615dffc6160d104,inventory only; see report for traced paths
apps/modules/callcommand-ai/source/lib/api-zod/src/generated/types/integrationList.ts,quarantined-import,10,233,aa0afb9fee842fda8518b18749ebdc32beef4b4e2c6344ddb1fc11d193792153,inventory only; see report for traced paths
apps/modules/callcommand-ai/source/lib/api-zod/src/generated/types/lead.ts,quarantined-import,26,524,7206e3bba49bc2a959ff2a20bf11758d1ea04d1d64c01192894ca9931f51b739,inventory only; see report for traced paths
apps/modules/callcommand-ai/source/lib/api-zod/src/generated/types/leadList.ts,quarantined-import,10,205,b9e4e599db726a2c87f953adebfbf22d7ccd266752cbd95f56ba70dc01b1dd7c,inventory only; see report for traced paths
apps/modules/callcommand-ai/source/lib/api-zod/src/generated/types/listCallsParams.ts,quarantined-import,13,230,116ffb2ea26a0d7fa91025861bc5ea6c0387cca883f5eff234b901a1fce945aa,inventory only; see report for traced paths
apps/modules/callcommand-ai/source/lib/api-zod/src/generated/types/listTelephonyEventsParams.ts,quarantined-import,11,203,1526e96243c89680b271e1c833fa4c935db14727a73b972b7735d13ed7949f9d,inventory only; see report for traced paths
apps/modules/callcommand-ai/source/lib/api-zod/src/generated/types/liveCallSession.ts,quarantined-import,60,1657,dbae99a923b0190ab510625d6d48c7164ae2b23cbfa327d4a16cb26aab09406e,inventory only; see report for traced paths
apps/modules/callcommand-ai/source/lib/api-zod/src/generated/types/liveCallSessionCollectedData.ts,quarantined-import,12,239,09fae3a8577bca53b109ad6a8b3060393f14b2abc94b33a3d31e8952cb430e36,inventory only; see report for traced paths
apps/modules/callcommand-ai/source/lib/api-zod/src/generated/types/liveCallSessionCreatedObjectIds.ts,quarantined-import,12,242,c14dc98d833a74d06fe0c304db33032435d4d4f65940323efd1a1cd38e410506,inventory only; see report for traced paths
apps/modules/callcommand-ai/source/lib/api-zod/src/generated/types/liveCallSessionList.ts,quarantined-import,10,249,221e6adb08f3a7337b4b9d5f5e69768791e2818cb068ce07d477b4bb6fcefa2a,inventory only; see report for traced paths
apps/modules/callcommand-ai/source/lib/api-zod/src/generated/types/liveCallSessionSummary.ts,quarantined-import,52,1463,9ae3079c7b719190b03a9c17911107936f71f551c10e7c9fd45ac719e229a810,inventory only; see report for traced paths
apps/modules/callcommand-ai/source/lib/api-zod/src/generated/types/liveCallSessionSummaryCollectedData.ts,quarantined-import,14,251,f9d2c1e8e1f670efcc686792a755e8b354e18dd791dbd25b8f84319365d4cced,inventory only; see report for traced paths
apps/modules/callcommand-ai/source/lib/api-zod/src/generated/types/liveCallSessionSummaryCreatedObjectIds.ts,quarantined-import,14,254,2ca1d7b7606dea0ea26d38a2b8a26172c1981ec1f7adf53ff6744d9fa25f506e,inventory only; see report for traced paths
apps/modules/callcommand-ai/source/lib/api-zod/src/generated/types/liveSessionNote.ts,quarantined-import,13,237,0601482dfa49f98291d5fde12a9b83d7d2be15b971454161560e52fde5dd5a1f,inventory only; see report for traced paths
apps/modules/callcommand-ai/source/lib/api-zod/src/generated/types/me.ts,quarantined-import,25,549,6afc4f1371713de58c2c8d0cee37f8ab838fb8e09b3dcfe6f0fe987cb43fd424,inventory only; see report for traced paths
apps/modules/callcommand-ai/source/lib/api-zod/src/generated/types/meRole.ts,quarantined-import,19,386,ecf03944cabb1cb1c42644e1cbe2bd3abefe0e55b7700a6c686f54316d9c4a46,inventory only; see report for traced paths
apps/modules/callcommand-ai/source/lib/api-zod/src/generated/types/productMode.ts,quarantined-import,15,356,e0e307c4790b978052cbe003e5c021aea2251fe4d516e16db795974a850ab454,inventory only; see report for traced paths
apps/modules/callcommand-ai/source/lib/api-zod/src/generated/types/productModeChannelDefault.ts,quarantined-import,17,349,a3fd46c4372d319281d716d7b015b9e8858820fd7df29bc4d49fec0084360db6,inventory only; see report for traced paths
apps/modules/callcommand-ai/source/lib/api-zod/src/generated/types/productModeList.ts,quarantined-import,10,233,2bffb120a98a7af70dece9dfb6e9abbbeff7d634d4aaf5305f48720839fbac6b,inventory only; see report for traced paths
apps/modules/callcommand-ai/source/lib/api-zod/src/generated/types/receptionistProfile.ts,quarantined-import,34,836,f9d5cf9a840901c5433dceadd952d373e8dde61b7481bb1b419099459c7916b6,inventory only; see report for traced paths
apps/modules/callcommand-ai/source/lib/api-zod/src/generated/types/receptionistProfileList.ts,quarantined-import,10,265,4c34b37d6740330db3691e4326cc2e95a744d8046e51ccfcf54e8bce89a49a30,inventory only; see report for traced paths
apps/modules/callcommand-ai/source/lib/api-zod/src/generated/types/requestUploadUrlBody.ts,quarantined-import,13,238,bfeb0c3276b71bdc9c201765aad6c0077b2d34244888d299968696579b215c63,inventory only; see report for traced paths
apps/modules/callcommand-ai/source/lib/api-zod/src/generated/types/requestUploadUrlResponse.ts,quarantined-import,12,229,3e0326a60c99cc52d6bff9146f248049766c75c68106cc2e4c46ecc21f8790f3,inventory only; see report for traced paths
apps/modules/callcommand-ai/source/lib/api-zod/src/generated/types/ruleExecutionResult.ts,quarantined-import,15,378,bee3c79c1d7bb659e3f0e52feac8c21f38e0012c6d80b5cd9f497e2b764cfb95,inventory only; see report for traced paths
apps/modules/callcommand-ai/source/lib/api-zod/src/generated/types/ruleExecutionResultLogItem.ts,quarantined-import,16,311,81a84fa5e4631bf6511bd33654eed0c91a748913140e91eedbf58a554f5b3d21,inventory only; see report for traced paths
apps/modules/callcommand-ai/source/lib/api-zod/src/generated/types/sendFollowupBody.ts,quarantined-import,16,322,49a9f6bff6ea48a15dca16b8324bb333dd875eb02bf7c0016f5fdda0bf914a7c,inventory only; see report for traced paths
apps/modules/callcommand-ai/source/lib/api-zod/src/generated/types/sendWebhookBody.ts,quarantined-import,11,201,79fcb25b754511e3293b41141be2f486aae3192297ccbf133fa2e4aa9668d775,inventory only; see report for traced paths
apps/modules/callcommand-ai/source/lib/api-zod/src/generated/types/sentimentBucket.ts,quarantined-import,12,215,c5ca3a5b5a2fc1d66eebd10655fbdf84acf1aebe82511b6d63b16b0e51845c17,inventory only; see report for traced paths
apps/modules/callcommand-ai/source/lib/api-zod/src/generated/types/setupState.ts,quarantined-import,17,369,9b2eeac8863466d71e75b630ad1285e48f2747fc517c2c4220c80f09adf55031,inventory only; see report for traced paths
apps/modules/callcommand-ai/source/lib/api-zod/src/generated/types/simulateCallBody.ts,quarantined-import,24,528,e214a07d56b07fdba1e6bdc869a472b4d5c035902c1566c8e9e30bc2af9968bd,inventory only; see report for traced paths
apps/modules/callcommand-ai/source/lib/api-zod/src/generated/types/simulatedLiveCallSayBody.ts,quarantined-import,11,201,ee94e18a8addb64426021ac4ba6084fe3616f2f2491872bf5c28034413287a2e,inventory only; see report for traced paths
apps/modules/callcommand-ai/source/lib/api-zod/src/generated/types/simulatedLiveCallTurn.ts,quarantined-import,17,477,680c776d9b8f82394d7524e9c5f73bb402de92115463f98f0b012be2c5fc8417,inventory only; see report for traced paths
apps/modules/callcommand-ai/source/lib/api-zod/src/generated/types/simulatedLiveCallTurnDecision.ts,quarantined-import,12,240,6295aa810a4c77c6921ef9bc91adfe3c3c4a539cd454f3f4d19ffd0f73516542,inventory only; see report for traced paths
apps/modules/callcommand-ai/source/lib/api-zod/src/generated/types/startSimulatedLiveCallBody.ts,quarantined-import,18,403,7bc37b1195c4bd5fd7be6d871367b3626bdaad49808af1c70bd2a8fac525860c,inventory only; see report for traced paths
apps/modules/callcommand-ai/source/lib/api-zod/src/generated/types/switchboardChannelEntry.ts,quarantined-import,15,435,46b6e2dbf3862a47fb5d3aaed87f325c4a6d5d53712ec9238fad8352cf6d26dc,inventory only; see report for traced paths
apps/modules/callcommand-ai/source/lib/api-zod/src/generated/types/switchboardChannelEntryRecentCallsItem.ts,quarantined-import,27,611,fb7a2cd53df30b24485e75c813950029de126f668eecdc32b0763326ec033bd5,inventory only; see report for traced paths
apps/modules/callcommand-ai/source/lib/api-zod/src/generated/types/switchboardResponse.ts,quarantined-import,15,432,1de567f3f5c9c27631c89043b8fcf72738b6a29c9d740911b763c8cf6b199e23,inventory only; see report for traced paths
apps/modules/callcommand-ai/source/lib/api-zod/src/generated/types/tagCount.ts,quarantined-import,12,202,e491d6ddb8f9107a612d4e7b49eb11d4eda8d67c6be3a4e8b1f600359fab1673,inventory only; see report for traced paths
apps/modules/callcommand-ai/source/lib/api-zod/src/generated/types/task.ts,quarantined-import,24,482,d7596b5f8e5254f6a7e026b84e22cd0f3e26a0d53391e3151d2b0bb515f7282a,inventory only; see report for traced paths
apps/modules/callcommand-ai/source/lib/api-zod/src/generated/types/taskList.ts,quarantined-import,10,205,c9ffa9f858ef1021a5e3dac1b8f6219a92d022a99461b7a81292dd879e048883,inventory only; see report for traced paths
apps/modules/callcommand-ai/source/lib/api-zod/src/generated/types/telephonyEvent.ts,quarantined-import,24,567,dfc8aeadfc2dcd4545fee80040e2e3c2d45a2a44e6f737f0d928d2002b8e75d2,inventory only; see report for traced paths
apps/modules/callcommand-ai/source/lib/api-zod/src/generated/types/telephonyEventList.ts,quarantined-import,10,245,0c38914d8b2eae7685ae5989b9a4eb655e4a1c033def37264ce8df47d9287b3c,inventory only; see report for traced paths
apps/modules/callcommand-ai/source/lib/api-zod/src/generated/types/telephonyEventRawPayload.ts,quarantined-import,12,235,149a8c3a06e0c62097d07aabf146afcba83b8683f18bfe896bedd8cfae31d62f,inventory only; see report for traced paths
apps/modules/callcommand-ai/source/lib/api-zod/src/generated/types/ticket.ts,quarantined-import,23,459,2852db1291969c17ec3fef976be3cc25f8a719e90de0a98e247f9a72611003f9,inventory only; see report for traced paths
apps/modules/callcommand-ai/source/lib/api-zod/src/generated/types/ticketList.ts,quarantined-import,10,213,f59c8ec9a0682cce34a317b95c132f67ff3fe4dceea07515707ac64572d7d3a9,inventory only; see report for traced paths
apps/modules/callcommand-ai/source/lib/api-zod/src/generated/types/transferLiveSessionBody.ts,quarantined-import,13,251,1dd31d03ea28c45f195fb339e463e422a816b1e7d45a48c1b828bc5eeb3674a9,inventory only; see report for traced paths
apps/modules/callcommand-ai/source/lib/api-zod/src/generated/types/transferTarget.ts,quarantined-import,29,682,e1c3421e3e6e589d2060b6359126f963a4aa65b4a5ce7fa73966a482cfad01f1,inventory only; see report for traced paths
apps/modules/callcommand-ai/source/lib/api-zod/src/generated/types/transferTargetBusinessHours.ts,quarantined-import,12,238,14978b142a48c3e278a16b5fc0bc0a0f40f801cf95b5307e7664668d40d00b5f,inventory only; see report for traced paths
apps/modules/callcommand-ai/source/lib/api-zod/src/generated/types/transferTargetList.ts,quarantined-import,10,245,65ee3340f4cb1756b7ef44edf818ea130cd150076e8035221325a1e524dc1c32,inventory only; see report for traced paths
apps/modules/callcommand-ai/source/lib/api-zod/src/generated/types/twilioStatus.ts,quarantined-import,17,408,c311bf066f3d7263d0b9586dff6d5d9510f9ff6b876038c3d57d95d19caec2d4,inventory only; see report for traced paths
apps/modules/callcommand-ai/source/lib/api-zod/src/generated/types/twilioStatusWebhooks.ts,quarantined-import,14,266,49a8095b72fd25d35b56c19522de0651131de17c592a36d37641d2b036c10607,inventory only; see report for traced paths
apps/modules/callcommand-ai/source/lib/api-zod/src/generated/types/updateActionItemBody.ts,quarantined-import,17,339,b6f031f12d824af63ec54dfe5a8a8e2893704443222107fce82dec9c50cb7229,inventory only; see report for traced paths
apps/modules/callcommand-ai/source/lib/api-zod/src/generated/types/updateAutomationRuleBody.ts,quarantined-import,16,524,df283efdbff0a3a7d28f455a1650852b63da7aabce43c43bcf9767c4921a0e5c,inventory only; see report for traced paths
apps/modules/callcommand-ai/source/lib/api-zod/src/generated/types/updateAutomationRuleBodyActionsItem.ts,quarantined-import,9,215,c91dc6313a957ac393f388f51f07c823ed3c366945f4c94847fa7712a83d619f,inventory only; see report for traced paths
apps/modules/callcommand-ai/source/lib/api-zod/src/generated/types/updateAutomationRuleBodyConditions.ts,quarantined-import,9,214,42edbcfe939b619a107e6fe54f8f922289bb90d697ee62588eb71a9a612c0f49,inventory only; see report for traced paths
apps/modules/callcommand-ai/source/lib/api-zod/src/generated/types/updateCallFlowBody.ts,quarantined-import,18,446,c351abe412292734bd3776a8f543704dd5667772b092fbb0741f887d37e4df54,inventory only; see report for traced paths
apps/modules/callcommand-ai/source/lib/api-zod/src/generated/types/updateCallFlowBodyNodesItem.ts,quarantined-import,21,542,f49c54da8eefcb36b5cd67f0bf6e41a52b70e8a74049381ad5957b2368def606,inventory only; see report for traced paths
apps/modules/callcommand-ai/source/lib/api-zod/src/generated/types/updateCallFlowBodyNodesItemConfig.ts,quarantined-import,9,213,fd5b4302656aa9c96e96ef00179c42f221e2501576ec427759ccc63c2f391680,inventory only; see report for traced paths
apps/modules/callcommand-ai/source/lib/api-zod/src/generated/types/updateChannelBody.ts,quarantined-import,46,1259,96a299747402d43182ebf4928460996aa5f1df7aac7639f1112a8cf713285d06,inventory only; see report for traced paths
apps/modules/callcommand-ai/source/lib/api-zod/src/generated/types/updateChannelBodyBusinessHours.ts,quarantined-import,12,241,07a6d829127fa142f463529a2bbe89c36ba832f46a078d7143cf0c2774bd8735,inventory only; see report for traced paths
apps/modules/callcommand-ai/source/lib/api-zod/src/generated/types/updateIntegrationBody.ts,quarantined-import,13,245,1df0e9ad1d477c92dd802449a6621beaab835d4fe2b99087584033e72d5d649d,inventory only; see report for traced paths
apps/modules/callcommand-ai/source/lib/api-zod/src/generated/types/updateLeadBody.ts,quarantined-import,18,353,eeefb070ae3ecbfa77d65865c91f152185abc0a4f7301cdd3fcb64f3fd6584d4,inventory only; see report for traced paths
apps/modules/callcommand-ai/source/lib/api-zod/src/generated/types/updateReceptionistProfileBody.ts,quarantined-import,33,861,703ccb8b4d499f049cc5590a5cefb31f997b2acb6064c231e3430af5486512a4,inventory only; see report for traced paths
apps/modules/callcommand-ai/source/lib/api-zod/src/generated/types/updateTaskBody.ts,quarantined-import,16,311,81947b55c36c602aba23f4b2015f62b75608717589ead53be1c97e9ad8f21656,inventory only; see report for traced paths
apps/modules/callcommand-ai/source/lib/api-zod/src/generated/types/updateTicketBody.ts,quarantined-import,15,289,1bf23e1c8329fd2edf049be3b7dfb022f1cd1171943bc5d61ada5778779c07e5,inventory only; see report for traced paths
apps/modules/callcommand-ai/source/lib/api-zod/src/generated/types/updateTransferTargetBody.ts,quarantined-import,25,654,2a7027541c383e86e45e05d21aa8299cd09973ddae2457340f7ba074604a78ce,inventory only; see report for traced paths
apps/modules/callcommand-ai/source/lib/api-zod/src/generated/types/updateTransferTargetBodyBusinessHours.ts,quarantined-import,14,253,3ce45739f1e50e0ae692c0438df05baa6bdb4e766256c5a3c8f7b3ebd17985dc,inventory only; see report for traced paths
apps/modules/callcommand-ai/source/lib/api-zod/src/generated/types/webhookResult.ts,quarantined-import,15,284,2efbe83849f957ac54c66a8153a186a979930ae5dc9e260487b5f6d5922a4983,inventory only; see report for traced paths
apps/modules/callcommand-ai/source/lib/api-zod/src/index.ts,quarantined-import,2,84,c44d3ed651df733bd27e6fc5809fa215e9e127d9f45fb3947f58f6f572325ea4,inventory only; see report for traced paths
apps/modules/callcommand-ai/source/lib/db/drizzle.config.ts,quarantined-import,14,366,fe5188330c72c0f21a8a5b5f0caccbf8e434ad2f2640bffbcf70655ff98a9b36,inventory only; see report for traced paths
apps/modules/callcommand-ai/source/lib/db/src/index.ts,quarantined-import,17,466,415a45c30662d9bae877c16d8fb76832f42c28370bcba2070b5aa126341915d8,inventory only; see report for traced paths
apps/modules/callcommand-ai/source/lib/db/src/schema/actionItems.ts,quarantined-import,35,1097,f582ef17462ee4ff87704437b289c93cece30ea1a5e644ede538984488a684a2,inventory only; see report for traced paths
apps/modules/callcommand-ai/source/lib/db/src/schema/automationRules.ts,quarantined-import,57,1885,81dcf4e2fb3128f22fdf46278d017cf75e930634e4a55bbc210c5b7e97709a61,inventory only; see report for traced paths
apps/modules/callcommand-ai/source/lib/db/src/schema/callFlows.ts,quarantined-import,43,1258,90a237199f6204d2c874987702bb0b8112559a33339a378b5b066be029c4ed8a,inventory only; see report for traced paths
apps/modules/callcommand-ai/source/lib/db/src/schema/callRecords.ts,quarantined-import,112,3700,9d005709f61227944b07731aca6b887a64fbc330074854fc7facd662264b2ef7,inventory only; see report for traced paths
apps/modules/callcommand-ai/source/lib/db/src/schema/channels.ts,quarantined-import,108,3541,ef3b4cc73765375d6522a0bfa5a8f6126581855383d1349a3eeb2af9ae97f2c7,inventory only; see report for traced paths
apps/modules/callcommand-ai/source/lib/db/src/schema/flowLogs.ts,quarantined-import,45,1329,ff84206d9ccbb2336ad465e6d16e24c66b0342c53090f6e18931893b29ee3cb1,inventory only; see report for traced paths
apps/modules/callcommand-ai/source/lib/db/src/schema/flowNodes.ts,quarantined-import,94,2849,de42d79e9136683202b4713ca0347c270139a41d07c38f4a24e48be803425834,inventory only; see report for traced paths
apps/modules/callcommand-ai/source/lib/db/src/schema/followupLogs.ts,quarantined-import,37,1154,d3cd6df2cbcd07b256078beac3c7897092fa5de1a94db20841670a1d6d268677,inventory only; see report for traced paths
apps/modules/callcommand-ai/source/lib/db/src/schema/index.ts,quarantined-import,20,643,895c5ea90f9f5da20e10f8f093ad849ec5e803235ba5a7a0633621d9edb4d9c4,inventory only; see report for traced paths
apps/modules/callcommand-ai/source/lib/db/src/schema/ingestionEvents.ts,quarantined-import,37,1193,f6dfb0eb6730666e8ccd83352d1b988928a6664c976ac698601fdbe1ab127d8f,inventory only; see report for traced paths
apps/modules/callcommand-ai/source/lib/db/src/schema/integrations.ts,quarantined-import,32,1040,28bb3ecb23c2a94320c4f3520521f2d2c9357508d22e25c916047f89c9596918,inventory only; see report for traced paths
apps/modules/callcommand-ai/source/lib/db/src/schema/leads.ts,quarantined-import,45,1321,4372b967dd67a9bf349d32755c429b01708913051f7cf7bf9287014c59acfe55,inventory only; see report for traced paths
apps/modules/callcommand-ai/source/lib/db/src/schema/liveCallSessions.ts,quarantined-import,121,4680,b516b96c1d2ad7c8bffdb38bf54d7b85a52f6822b2201e918bd68228b8aeb55a,inventory only; see report for traced paths
apps/modules/callcommand-ai/source/lib/db/src/schema/receptionistProfiles.ts,quarantined-import,111,3671,fc598f0e13c98a4f45878bf0fe8972ea633b41a71d93a489c254379811a51364,inventory only; see report for traced paths
apps/modules/callcommand-ai/source/lib/db/src/schema/tasks.ts,quarantined-import,44,1337,83146a816a5198093fc27d028586858351dcf375eb05c48728a8f2af7c05bf72,inventory only; see report for traced paths
apps/modules/callcommand-ai/source/lib/db/src/schema/telephonyEvents.ts,quarantined-import,52,1888,017511e6390adcfcf1ee935b0a478018c5e8e7e840f25d2feeb31c86a65846ba,inventory only; see report for traced paths
apps/modules/callcommand-ai/source/lib/db/src/schema/tickets.ts,quarantined-import,44,1357,c363671f782ddeeb28932942e1bf77abf796fc2bae6804d649d55b66f0751024,inventory only; see report for traced paths
apps/modules/callcommand-ai/source/lib/db/src/schema/transferLogs.ts,quarantined-import,52,1632,724b5d67d2af9b9d55e08d01d3299aca38d34c12235f5ff431b8b7af44f80478,inventory only; see report for traced paths
apps/modules/callcommand-ai/source/lib/db/src/schema/transferTargets.ts,quarantined-import,56,1844,528f264a6f2b0a3a854db406fe5f04f71a820ba5c5a4270f03ae89d413836def,inventory only; see report for traced paths
apps/modules/callcommand-ai/source/lib/db/src/schema/uploadIntents.ts,quarantined-import,53,1715,7aa2180e37aa754d90c6cfb09447c37327ed0da6a86113251fae3b2c63e46976,inventory only; see report for traced paths
apps/modules/callcommand-ai/source/lib/db/src/schema/users.ts,quarantined-import,50,1701,7037c491f5ddc8c3b3f7a4901dfa65e6d7847e5c7c39bca3aa5bd9ad0aa84f6c,inventory only; see report for traced paths
apps/modules/callcommand-ai/source/lib/db/src/uploadIntents.ts,quarantined-import,93,3290,c85b93d570a04f7c7c03f0e4519f14da23340133a9c1bd47a076ac105f94d1ee,inventory only; see report for traced paths
apps/modules/callcommand-ai/source/lib/integrations-openai-ai-react/src/audio/audio-playback-worklet.js,quarantined-import,111,3168,a1b88b3ae915245f6dd219b7aa91a8b172590ce6931747b3f95113904c7efd63,inventory only; see report for traced paths
apps/modules/callcommand-ai/source/lib/integrations-openai-ai-react/src/audio/audio-utils.ts,quarantined-import,38,1193,46f35ee1f7256cd77d650c99fc7733898b2bf3767a90686711b9f84531a9c089,inventory only; see report for traced paths
apps/modules/callcommand-ai/source/lib/integrations-openai-ai-react/src/audio/index.ts,quarantined-import,45,1485,1a95afe5dd2b03161e9ce505a449426261a21ab28de545b12d65a0b74962c2ac,inventory only; see report for traced paths
apps/modules/callcommand-ai/source/lib/integrations-openai-ai-react/src/audio/useAudioPlayback.ts,quarantined-import,108,3679,82bece5ba3ef4dedfc69273a8d58c258197ff79a08d6a324cf802f2df34d472e,inventory only; see report for traced paths
apps/modules/callcommand-ai/source/lib/integrations-openai-ai-react/src/audio/useVoiceRecorder.ts,quarantined-import,72,2163,b85779d9fa6ebeff87b95d1325b6644962f0d42c92a0d2bd013544c9d9cf0fa0,inventory only; see report for traced paths
apps/modules/callcommand-ai/source/lib/integrations-openai-ai-react/src/audio/useVoiceStream.ts,quarantined-import,392,10261,181eefae6549f09c5718b15c00b7869c6fa4788cb344d82f7b23dc2d0e5203f2,inventory only; see report for traced paths
apps/modules/callcommand-ai/source/lib/integrations-openai-ai-react/src/index.ts,quarantined-import,4,312,76ca7c2600cda00588193642ce9fb6963da95acba442fda0041590f2aa7ff2a3,inventory only; see report for traced paths
apps/modules/callcommand-ai/source/lib/integrations-openai-ai-server/src/audio/client.ts,quarantined-import,251,8197,e540172882ab8235a0967fa9f336e3749017fc1740babec1e61e36c37447a6a8,inventory only; see report for traced paths
apps/modules/callcommand-ai/source/lib/integrations-openai-ai-server/src/audio/index.ts,quarantined-import,13,242,9cc78eb1ec57939c6d9d473a31374f1b2f64f8bd7349d066af62476c0eca44a9,inventory only; see report for traced paths
apps/modules/callcommand-ai/source/lib/integrations-openai-ai-server/src/batch/index.ts,quarantined-import,6,113,72d79c4574464aee97892cae2b4771cc36c83975be96344d516d391c1ee24b02,inventory only; see report for traced paths
apps/modules/callcommand-ai/source/lib/integrations-openai-ai-server/src/batch/utils.ts,quarantined-import,139,4003,7338bcf48fb6aff97ee293d419ca22c336ff5d0ac60c58224f2e392a88a00fbe,inventory only; see report for traced paths
apps/modules/callcommand-ai/source/lib/integrations-openai-ai-server/src/client.ts,quarantined-import,18,567,8aaaee1c542f3bea1400db293c898344ec57a0e8037bdbaf18926d848748d357,inventory only; see report for traced paths
apps/modules/callcommand-ai/source/lib/integrations-openai-ai-server/src/image/client.ts,quarantined-import,62,1624,a7390c155e164c68af0b379007e872abb7fda3b697e9ac6593418c783930959b,inventory only; see report for traced paths
apps/modules/callcommand-ai/source/lib/integrations-openai-ai-server/src/image/index.ts,quarantined-import,1,69,7a6427ea3f384c1f5cb42f13c11cdd7f82bd4f16f583523320caf643404d5c39,inventory only; see report for traced paths
apps/modules/callcommand-ai/source/lib/integrations-openai-ai-server/src/index.ts,quarantined-import,3,195,1269146a2a37fb2a5e705b3f3feb51413cb836ec10cb3c4ae0bbeb9d48cccd90,inventory only; see report for traced paths
apps/modules/callcommand-ai/source/lib/integrations/openai_ai_integrations/src/client/audio/audio-playback-worklet.js,quarantined-import,112,3170,ec06132bc8cb7e0741f404b01b7be76a3849e3c172f12fc313e8a9bcb0d55582,inventory only; see report for traced paths
apps/modules/callcommand-ai/source/lib/integrations/openai_ai_integrations/src/client/audio/audio-utils.ts,quarantined-import,36,1122,d5e6500286a22c5402ad4f5de1cad68677516c1bd1442ef79c3428461753b064,inventory only; see report for traced paths
apps/modules/callcommand-ai/source/lib/integrations/openai_ai_integrations/src/client/audio/index.ts,quarantined-import,45,1418,a21cdc7c61b274eee23a4bff034e420ed1daca8cd1cf534c239a297952c2ac1c,inventory only; see report for traced paths
apps/modules/callcommand-ai/source/lib/integrations/openai_ai_integrations/src/client/audio/useAudioPlayback.ts,quarantined-import,105,3600,5ec6631a9ec23296fb32066d7f1462fed3bbe175c1df9101243ada321187f27a,inventory only; see report for traced paths
apps/modules/callcommand-ai/source/lib/integrations/openai_ai_integrations/src/client/audio/useVoiceRecorder.ts,quarantined-import,52,1602,74be00fc0ff9ed10a127df3a92609a00b5c22c7695410848d1990166a7a99c3c,inventory only; see report for traced paths
apps/modules/callcommand-ai/source/lib/integrations/openai_ai_integrations/src/server/audio/client.ts,quarantined-import,239,7815,71a26eb93190b6a5b9eac9c7188c16bd6152554d0f0fa59f5cb1027fc59abc1c,inventory only; see report for traced paths
apps/modules/callcommand-ai/source/lib/integrations/openai_ai_integrations/src/server/audio/index.ts,quarantined-import,14,291,6fb696a321e531f250acb18c8c5c935b149cb92dda7c36735dd4bfed1345f5d1,inventory only; see report for traced paths
apps/modules/callcommand-ai/source/lib/integrations/openai_ai_integrations/src/server/batch/index.ts,quarantined-import,6,113,72d79c4574464aee97892cae2b4771cc36c83975be96344d516d391c1ee24b02,inventory only; see report for traced paths
apps/modules/callcommand-ai/source/lib/integrations/openai_ai_integrations/src/server/batch/utils.ts,quarantined-import,167,5237,cedf7fcfc6dd951c1def9adba67549be1ce797d353b34e20d2ab43e54ae1a187,inventory only; see report for traced paths
apps/modules/callcommand-ai/source/lib/integrations/openai_ai_integrations/src/server/image/client.ts,quarantined-import,58,1467,65c01204647fb438ed5c1c2405acff63826d5ed07e29f7e3f22e41f78efe9a1e,inventory only; see report for traced paths
apps/modules/callcommand-ai/source/lib/integrations/openai_ai_integrations/src/server/image/index.ts,quarantined-import,2,118,17d78de27a8f8d4776f5a1bba1b807cdb6a566c0c4e263ac9ce00e5d3e661da9,inventory only; see report for traced paths
apps/modules/callcommand-ai/source/lib/object-storage-web/src/ObjectUploader.tsx,quarantined-import,106,3732,cce8febce512f2ddaf25975d91832f31c1d6fba084b543fd73fe6b23f860c032,inventory only; see report for traced paths
apps/modules/callcommand-ai/source/lib/object-storage-web/src/index.ts,quarantined-import,2,95,50bca683704809e4c58125197744cf83fcfcbcf860c85795787295e5ea2d0071,inventory only; see report for traced paths
apps/modules/callcommand-ai/source/lib/object-storage-web/src/use-upload.ts,quarantined-import,172,4719,46688136ba2cdcd3936e22d13ac048d61c8e102095017ab69b8237f512f48ffe,inventory only; see report for traced paths
apps/modules/callcommand-ai/source/scripts/post-merge.sh,quarantined-import,4,76,482bb77382d90ec72e3e6a4172ccb0b0811d466f3e3f7b0f71f79b37940c4662,inventory only; see report for traced paths
apps/modules/callcommand-ai/source/scripts/smoke-phase3-hardening.sh,quarantined-import,144,6303,f79d5715cad2e977b49d58f85dabe6d12062a1a435e642ababe11eac6120b660,inventory only; see report for traced paths
apps/modules/callcommand-ai/source/scripts/src/gatePhase3LiveCall.ts,quarantined-import,854,29517,66575ee5435d6ea9f3610119ea7cc8c86074d5af156ce54ae4074285bcedfcbf,inventory only; see report for traced paths
apps/modules/callcommand-ai/source/scripts/src/hello.ts,quarantined-import,1,47,867b8e4cd892bd51bf01ca72884a70d28750b5d475b38d060f0721a18c2553fa,inventory only; see report for traced paths
apps/modules/callcommand-ai/source/scripts/src/normalizeCallFileUrls.ts,quarantined-import,147,4372,6be6de79316179eea0887ed45f7af8d80b69c6f56c309891139bed86848620b3,inventory only; see report for traced paths
apps/modules/callcommand-ai/source/scripts/src/uploadHardeningSmoke.ts,quarantined-import,256,8661,1f4d9a17eb3fb6899924b494b17b4331d4c0fc5a7f1372230e5c6454ddbacd30,inventory only; see report for traced paths
apps/modules/faultlinelab/source/artifacts/api-server/build.mjs,quarantined-import,132,3958,60964c0ff041293d5baa893164eaf5006ac75b1c9831fb54dd0bc4dd30f47d27,inventory only; see report for traced paths
apps/modules/faultlinelab/source/artifacts/api-server/src/app.ts,quarantined-import,113,3441,1f86a233154c70a84f5234f7c1bd6a3b5cba18a5077ae2e42116466ed5278390,inventory only; see report for traced paths
apps/modules/faultlinelab/source/artifacts/api-server/src/index.ts,quarantined-import,65,1902,39bc715113c2a1805d7bb465f1b1db7cacead7cc9baae3ff1bcb0174ee7120eb,inventory only; see report for traced paths
apps/modules/faultlinelab/source/artifacts/api-server/src/lib/catalogEvents.ts,quarantined-import,50,1664,c522c531e3f9f9fd6b241cb5f1f2fff64cc63720b80e462dce7410fa855a760f,inventory only; see report for traced paths
apps/modules/faultlinelab/source/artifacts/api-server/src/lib/crossPromoRetention.test.ts,quarantined-import,138,4511,058f2ae0216a5a873a0128c04f12c839f3594b77e718cd86f9945e31029ad6e4,inventory only; see report for traced paths
apps/modules/faultlinelab/source/artifacts/api-server/src/lib/crossPromoRetention.ts,quarantined-import,45,1319,bb86f0e091739f1c6756daccd2c0884bfedb2d430efdbaa0a8509654076a9573,inventory only; see report for traced paths
apps/modules/faultlinelab/source/artifacts/api-server/src/lib/e2eAuthToken.ts,quarantined-import,60,2195,ed0aa79d8726cccc20c88b09321102f19b948a78947989ac09d1c09d81cf94d6,inventory only; see report for traced paths
apps/modules/faultlinelab/source/artifacts/api-server/src/lib/email.ts,quarantined-import,54,1555,91ba77a4a3dd1ccbb9e19fcc01f73ee03ddf6abfa68ebd76e50e0cd4754a012c,inventory only; see report for traced paths
apps/modules/faultlinelab/source/artifacts/api-server/src/lib/entitlementsPayload.test.ts,quarantined-import,105,3809,b057ac9914aee706cbaffd489defe215ab7d5ecff310dcc552600fa602c65fbf,inventory only; see report for traced paths
apps/modules/faultlinelab/source/artifacts/api-server/src/lib/entitlementsPayload.ts,quarantined-import,141,5068,6839a54687562cef907a3dcfb905bf34797eeb3cf10b088599b69c57a739de17,inventory only; see report for traced paths
apps/modules/faultlinelab/source/artifacts/api-server/src/lib/grantEntitlement.ts,quarantined-import,114,3434,57cdc7eef7c3b762d386bac37e2e91410f8a38352507087e84f513c6017cd1e2,inventory only; see report for traced paths
apps/modules/faultlinelab/source/artifacts/api-server/src/lib/logger.ts,quarantined-import,20,441,61936304bfdbd72987ee561605fb9da3fecad8d2a52c5c9f8557734855d1a4a0,inventory only; see report for traced paths
apps/modules/faultlinelab/source/artifacts/api-server/src/lib/objectAcl.ts,quarantined-import,137,3564,fd81ca3ea0b6bcb456fe4900cc0ef489dcd0bc83c5acbd1541ef243e1efa7dfb,inventory only; see report for traced paths
apps/modules/faultlinelab/source/artifacts/api-server/src/lib/objectStorage.ts,quarantined-import,267,7507,b47424f8a853e03d7d742985463aaa8a3ed95e1eac3b2aa85d173de2ce76e995,inventory only; see report for traced paths
apps/modules/faultlinelab/source/artifacts/api-server/src/lib/operatorOsRole.ts,quarantined-import,95,3338,c516ae0f4dd5e816edbee025df55e439c037ca2a299fa32b65cc2eb176a1186e,inventory only; see report for traced paths
apps/modules/faultlinelab/source/artifacts/api-server/src/lib/operatorOsSso.ts,quarantined-import,321,11831,15574b5a4b3ab38f2a80d608bad831510e29e33ed520332bd8d0574b33a94488,inventory only; see report for traced paths
apps/modules/faultlinelab/source/artifacts/api-server/src/lib/sessionCookie.ts,quarantined-import,112,3720,b4b7cb2e0abd4cd2765419bc26ec9625192f6b97980c93fd6fbfcd8702cff0a8,inventory only; see report for traced paths
apps/modules/faultlinelab/source/artifacts/api-server/src/lib/ssoConfig.ts,quarantined-import,97,3733,8d030b5d94ad66ba7dd7a6a0b6f9529b03cfd1ab1665a82700bc0f58aecca98f,inventory only; see report for traced paths
apps/modules/faultlinelab/source/artifacts/api-server/src/lib/stripeEventHandler.test.ts,quarantined-import,442,13861,1783af24a35d8288babc5f98dde3711c50466ab82a14f7764297b10192cb7fb8,inventory only; see report for traced paths
apps/modules/faultlinelab/source/artifacts/api-server/src/lib/stripeEventHandler.ts,quarantined-import,109,3543,c39328f684c31974b063bb72be9427cb9a7b2c9769eff378e49057a24405c179,inventory only; see report for traced paths
apps/modules/faultlinelab/source/artifacts/api-server/src/lib/subscriptionRenewalNotices.test.ts,quarantined-import,426,14267,f6fbb7defee6ed7d0161cef4527e110c5bd6f52f8071112d7d0792955bc303c1,inventory only; see report for traced paths
apps/modules/faultlinelab/source/artifacts/api-server/src/lib/subscriptionRenewalNotices.ts,quarantined-import,476,17263,1eb97823cdda7699f58d8f982ea785fa0fedad3ca7bb5d060f17fbee7305d4fe,inventory only; see report for traced paths
apps/modules/faultlinelab/source/artifacts/api-server/src/lib/userSync.merge.test.ts,quarantined-import,166,5667,a041d442d7219a54b05e326c0140fb9ab00e2a1c152f74b71af1b928be83b68e,inventory only; see report for traced paths
apps/modules/faultlinelab/source/artifacts/api-server/src/lib/userSync.ts,quarantined-import,448,17174,6f7f62d87d24d9e85e9568fc7f9cbed2db80a0159f93462cd393499a4570e987,inventory only; see report for traced paths
apps/modules/faultlinelab/source/artifacts/api-server/src/middlewares/clerkProxyMiddleware.ts,quarantined-import,64,2351,11924d8b026451f80940d142837d6ad48bc68b7bedea34222d93fda7226b29bd,inventory only; see report for traced paths
apps/modules/faultlinelab/source/artifacts/api-server/src/middlewares/requireAuth.test.ts,quarantined-import,174,6207,d8b1acf4b4e888de71fa974a9648563f1a5b99d5db3109615c33ec0cd9c66392,inventory only; see report for traced paths
apps/modules/faultlinelab/source/artifacts/api-server/src/middlewares/requireAuth.ts,quarantined-import,123,4470,6fa5d1bd9fd29fdc774fd9efd8958c60be88d3a088bb434a09082e1c3d9fa18b,inventory only; see report for traced paths
apps/modules/faultlinelab/source/artifacts/api-server/src/routes/account.ts,quarantined-import,183,6622,358caa4fe8094048523d43a7078524d7c05eb982008d8adaea41969b2e652f3d,inventory only; see report for traced paths
apps/modules/faultlinelab/source/artifacts/api-server/src/routes/admin.role.test.ts,quarantined-import,90,2583,e9235cfafd18083cc344cd001cdd1f48da5ac23eb4989a15cc552484631d4f5f,inventory only; see report for traced paths
apps/modules/faultlinelab/source/artifacts/api-server/src/routes/admin.ts,quarantined-import,672,22907,3935c4ad4ac34449cc35e028f8f86335e6a251642550c9d66d61de68b73d0065,inventory only; see report for traced paths
apps/modules/faultlinelab/source/artifacts/api-server/src/routes/crossPromo.test.ts,quarantined-import,388,14134,f9b96055efb17f12e6f053afffcdc7eaa7646410a65191bed6cd89e5a92ea527,inventory only; see report for traced paths
apps/modules/faultlinelab/source/artifacts/api-server/src/routes/crossPromo.ts,quarantined-import,257,9128,54729ebf3c26a9de337a6aff886bb337b723878528f909a5640180a51f3dc580,inventory only; see report for traced paths
apps/modules/faultlinelab/source/artifacts/api-server/src/routes/emailPreferences.test.ts,quarantined-import,240,7784,27a547b74ef2eaaa8de18e9e54f23e0eb5bbf2376c4d371b1b4fea221cc5a10e,inventory only; see report for traced paths
apps/modules/faultlinelab/source/artifacts/api-server/src/routes/emailPreferences.ts,quarantined-import,140,5564,e61240968b9c8f88132f4c885244ae3d6d82780c8243a6ea83ec4b0fda04d7be,inventory only; see report for traced paths
apps/modules/faultlinelab/source/artifacts/api-server/src/routes/health.ts,quarantined-import,11,299,1130cb50b1ef56817252701546b05190a1a609113b9db77cef2a67dce36a8eef,inventory only; see report for traced paths
apps/modules/faultlinelab/source/artifacts/api-server/src/routes/index.ts,quarantined-import,24,770,3d74533d3b72ac0f1af099760351073f1566851e120b1194f512baac0dec7a9e,inventory only; see report for traced paths
apps/modules/faultlinelab/source/artifacts/api-server/src/routes/operatoros.test.ts,quarantined-import,189,6172,e74d6d14e1b797673a9b1a80aaa3531590102cd0c9390baa124c3fd31d6e9901,inventory only; see report for traced paths
apps/modules/faultlinelab/source/artifacts/api-server/src/routes/operatoros.ts,quarantined-import,132,4358,9d59bd81f172bcaa6702eda5c05742796ceb55bc8010c9e1a829520dddeb9a09,inventory only; see report for traced paths
apps/modules/faultlinelab/source/artifacts/api-server/src/routes/profile.ts,quarantined-import,199,6704,cb90831737fba80382f234a3c0b4955fd5d2a7bd390611998b089a6b977d1a10,inventory only; see report for traced paths
apps/modules/faultlinelab/source/artifacts/api-server/src/routes/sso.test.ts,quarantined-import,417,18441,ee383cddb5f3a991b293fc1e9af1192a1c6ebcec4497793dc06c35db411ecf5c,inventory only; see report for traced paths
apps/modules/faultlinelab/source/artifacts/api-server/src/routes/sso.ts,quarantined-import,138,5230,4b996b617b4fe3ee1cc9b7c9ac07eb897f09e961d6921d00e2bd4017e02250c0,inventory only; see report for traced paths
apps/modules/faultlinelab/source/artifacts/api-server/src/routes/storage.ts,quarantined-import,43,1505,c1efcd8d261b9b4f199c4b6e0e0736463632a550062a41cb81d1f95547d741e2,inventory only; see report for traced paths
apps/modules/faultlinelab/source/artifacts/api-server/src/routes/stripe.ts,quarantined-import,369,13252,8e849b7ea06d928e29fc2540ef112701d91a6141f0d3b236ba3646ce0a6a5f92,inventory only; see report for traced paths
apps/modules/faultlinelab/source/artifacts/api-server/src/stripeClient.ts,quarantined-import,83,2404,477c82b93d2e5211ee80f4628a06f55b716e3cf7169897b0ef45da70d6a9ff15,inventory only; see report for traced paths
apps/modules/faultlinelab/source/artifacts/api-server/src/stripeStorage.ts,quarantined-import,85,2758,990db53172a32acf6fd71a8f32da3f3655a3030ad2f3b0d4109dba90fea950f6,inventory only; see report for traced paths
apps/modules/faultlinelab/source/artifacts/api-server/src/webhookHandlers.ts,quarantined-import,17,641,0dbb60e9e9a67c2d18aac8319d6a487382557c2bc490aad22f3f5ca368b1a1f8,inventory only; see report for traced paths
apps/modules/faultlinelab/source/artifacts/api-server/vitest.config.ts,quarantined-import,9,185,5444ad3054b846c4c2ecb2aedaf62a01274a7ee4b7d2816b703a85cdb00079dc,inventory only; see report for traced paths
apps/modules/faultlinelab/source/artifacts/faultline-lab/public/sw.js,quarantined-import,49,1222,bdeb341f52a0e81de6b366d3554d50e39e603a42524709fceab225411ae312de,inventory only; see report for traced paths
apps/modules/faultlinelab/source/artifacts/faultline-lab/scripts/generate-og.ts,quarantined-import,258,9708,41d0e32204b7d21e8807761f1d07f9eae1db6e9e15a7c1ac22bb4250e44a6594,inventory only; see report for traced paths
apps/modules/faultlinelab/source/artifacts/faultline-lab/scripts/generate-sitemap.ts,quarantined-import,98,3420,7a386e66aeb66efdd0e8764904295d6e56fd61bb8eb3a521ea9a7f4f92fbe64f,inventory only; see report for traced paths
apps/modules/faultlinelab/source/artifacts/faultline-lab/scripts/prerender-seo.ts,quarantined-import,166,6209,761b85205fc55b058b31599ea23662c0c5e5256de1aae3b8eeb99e74734fe6f5,inventory only; see report for traced paths
apps/modules/faultlinelab/source/artifacts/faultline-lab/src/App.tsx,quarantined-import,369,12672,654e18966f0de900238df248c736a78963eb576c5c3594b5bfc407803ae2333d,inventory only; see report for traced paths
apps/modules/faultlinelab/source/artifacts/faultline-lab/src/components/AccessDeniedScreen.tsx,quarantined-import,74,2992,82e28547b7e841a64ab75f021d1bc1fda21d3aed4ab1f782d13ef6b48143279b,inventory only; see report for traced paths
apps/modules/faultlinelab/source/artifacts/faultline-lab/src/components/AccountScreen.tsx,quarantined-import,168,6187,d044e45b53df7fe82484cefe4acdc3b49a75bd9b70e9d66a5f98d5a8f01273bf,inventory only; see report for traced paths
apps/modules/faultlinelab/source/artifacts/faultline-lab/src/components/AdminCaseAuthoringPanel.tsx,quarantined-import,344,11361,d897afc2fe91cf0f649c71bc4d0b4905b2e1f6a61bc35cc6eb6313ce8a16f563,inventory only; see report for traced paths
apps/modules/faultlinelab/source/artifacts/faultline-lab/src/components/AdminPanel.tsx,quarantined-import,115,4590,9ad81b78855f099fddc27fea8adf5cafb9a2c1322bc2c4ee8bcff691708c4844,inventory only; see report for traced paths
apps/modules/faultlinelab/source/artifacts/faultline-lab/src/components/AuthScreen.tsx,quarantined-import,92,3837,22e2345f1b565f2d7816d2225a2f9ed493697fd2eea832b0c70770194f46242a,inventory only; see report for traced paths
apps/modules/faultlinelab/source/artifacts/faultline-lab/src/components/BootScreen.tsx,quarantined-import,139,5389,a6ea3d7d5af066c926012d43863d4683c1fab45253a48256e4f7c9cd99440c18,inventory only; see report for traced paths
apps/modules/faultlinelab/source/artifacts/faultline-lab/src/components/CaseAuthorAvatar.tsx,quarantined-import,51,1623,ee9ef2f75f16cfc3910b0d4ec2f0b17325759322db54b0787554431d9599d0ec,inventory only; see report for traced paths
apps/modules/faultlinelab/source/artifacts/faultline-lab/src/components/CaseDeepLinkHandler.test.tsx,quarantined-import,288,8794,ffd8a228fb593776af1d3c5f15c83cf5b7784615c10444322fc8a4413f5dd2c0,inventory only; see report for traced paths
apps/modules/faultlinelab/source/artifacts/faultline-lab/src/components/CaseDeepLinkHandler.tsx,quarantined-import,114,4069,e896257019b242bc97795dda00c2fa8b6c88174d7079d631263c49e2b4fd975d,inventory only; see report for traced paths
apps/modules/faultlinelab/source/artifacts/faultline-lab/src/components/CloudSyncProvider.tsx,quarantined-import,208,6834,52df05eaa3eea7359d2bef89375d926935fc3ae1a55bad1c370abb93cac3e37b,inventory only; see report for traced paths
apps/modules/faultlinelab/source/artifacts/faultline-lab/src/components/DailyChallengeScreen.tsx,quarantined-import,216,9098,f72f83ea8aab77d60cb21ee8d1cc2287199b1b81971bf695bd258ff1a1440208,inventory only; see report for traced paths
apps/modules/faultlinelab/source/artifacts/faultline-lab/src/components/DebriefScreen.tsx,quarantined-import,77,3408,8503af9932de61100367f399862e0f7c454cd5cb022cbbf962119ad675d03e22,inventory only; see report for traced paths
apps/modules/faultlinelab/source/artifacts/faultline-lab/src/components/EcosystemCrossPromo.tsx,quarantined-import,100,3273,019b11d4dd44193491ad9df3a87c5c234d4527aa7f15b82049cd50a70b9262ee,inventory only; see report for traced paths
apps/modules/faultlinelab/source/artifacts/faultline-lab/src/components/EcosystemFooter.tsx,quarantined-import,126,5187,e33f24a2cc3c8d9f4c3c00aabc688a2d57f0aba8a9332da5e620abaf706e6bb0,inventory only; see report for traced paths
apps/modules/faultlinelab/source/artifacts/faultline-lab/src/components/IncidentBoard.tsx,quarantined-import,144,5916,6d7cfbef97d48ae94c4bd47f5c01c1d4c79484edcd0402a3f360a3445e352305,inventory only; see report for traced paths
apps/modules/faultlinelab/source/artifacts/faultline-lab/src/components/InstallAppButton.tsx,quarantined-import,194,7341,3468fdded8a43a72dd50a2164c18ce913b03d5b0a091735773ad2832e5705ed6,inventory only; see report for traced paths
apps/modules/faultlinelab/source/artifacts/faultline-lab/src/components/InvestigationWorkspace.tsx,quarantined-import,169,6482,949e3f23fdebc147e55e49d943ca232789cdd7560fd9b30abbc20d70e1ae2031,inventory only; see report for traced paths
apps/modules/faultlinelab/source/artifacts/faultline-lab/src/components/ManagedByOperatorOS.tsx,quarantined-import,132,5262,8af597e4a1cf8d8fffd1eb847084fdee0b854d01e8372e39ae0bd1ab836ead75,inventory only; see report for traced paths
apps/modules/faultlinelab/source/artifacts/faultline-lab/src/components/OnboardingTour.tsx,quarantined-import,152,5036,1c6cb838c31b0b07808ad4419b843ebdc98d19ba276687adf6bc74c8e35bcb34,inventory only; see report for traced paths
apps/modules/faultlinelab/source/artifacts/faultline-lab/src/components/PricingScreen.tsx,quarantined-import,208,8838,c67420385d3f397440eb1278220aff8207a7d0aa419949232486e72b0a060f5f,inventory only; see report for traced paths
apps/modules/faultlinelab/source/artifacts/faultline-lab/src/components/PricingScreen.yearly.test.tsx,quarantined-import,114,4138,9e6d984302ec9507d5ea65555bbbd473230f10b9fe5c9bf905c7f7c67ecf0368,inventory only; see report for traced paths
apps/modules/faultlinelab/source/artifacts/faultline-lab/src/components/ProfileScreen.tsx,quarantined-import,295,12415,b95c5cfe5b2c74f5ce48b3d7e42843ec89cbc8c8ec77dec74ca2728ed61062eb,inventory only; see report for traced paths
apps/modules/faultlinelab/source/artifacts/faultline-lab/src/components/RenewalBanner.tsx,quarantined-import,197,7223,b322b8d9969b85ecc049c457ccefcaf5208eed30e7d051d129427ca81e01aa1b,inventory only; see report for traced paths
apps/modules/faultlinelab/source/artifacts/faultline-lab/src/components/SandboxScreen.tsx,quarantined-import,207,8403,72659625eba5bd1442884c25273a7c074f542d4e322c3a300482fa758b741f27,inventory only; see report for traced paths
apps/modules/faultlinelab/source/artifacts/faultline-lab/src/components/SettingsScreen.tsx,quarantined-import,34,1252,4544f5d5ea007686b05f66531a72acfd7285561a2b4c7eb3a892410537f385fc,inventory only; see report for traced paths
apps/modules/faultlinelab/source/artifacts/faultline-lab/src/components/StoreScreen.tsx,quarantined-import,252,9458,41379d3e5644e4bb70bd9acf6edce6ee897b500a0eb6b9fbea3596d7a12d7da0,inventory only; see report for traced paths
apps/modules/faultlinelab/source/artifacts/faultline-lab/src/components/UpgradePrompt.test.tsx,quarantined-import,81,2439,ef919f96b2451b580c3e1f01c1f34a0be255945e192a877f489547c4ab82d29d,inventory only; see report for traced paths
apps/modules/faultlinelab/source/artifacts/faultline-lab/src/components/UpgradePrompt.tsx,quarantined-import,146,6268,703544a4f1bae9e6aa0b98b5c30c0c2b0da81b1b246c17c64c3e7bd38b3f8255,inventory only; see report for traced paths
apps/modules/faultlinelab/source/artifacts/faultline-lab/src/components/account/BillingHistoryCard.tsx,quarantined-import,103,4172,5ba8a172e1d00ddae5485ae7be76472cedfa0a5139108314264f4de9f7ed08ae,inventory only; see report for traced paths
apps/modules/faultlinelab/source/artifacts/faultline-lab/src/components/account/EmailPreferencesCard.tsx,quarantined-import,86,2912,8c931d93d9924b2afc48629811fb0f23171706f519c56d68e076e80124ad84b2,inventory only; see report for traced paths
apps/modules/faultlinelab/source/artifacts/faultline-lab/src/components/account/LinkedAccountsSection.tsx,quarantined-import,219,8774,d2b9a42f732fa30385174e0f91bfa2c2bfe55e235748c3ecc9732ae0b6c9e207,inventory only; see report for traced paths
apps/modules/faultlinelab/source/artifacts/faultline-lab/src/components/account/ProfileCard.tsx,quarantined-import,36,1375,94a1090cc4ecf7c78fb4ebd74e9ac8e6e543fa5e9be87c0f2e41ba830f5df25a,inventory only; see report for traced paths
apps/modules/faultlinelab/source/artifacts/faultline-lab/src/components/account/SubscriptionCard.tsx,quarantined-import,104,3937,f03495a465ff8ba2ad7e807a5785d0ca81e47e86451e06f04c21a91fb501c7a4,inventory only; see report for traced paths
apps/modules/faultlinelab/source/artifacts/faultline-lab/src/components/account/formatters.ts,quarantined-import,76,2512,a00cba809782c0f9788a8c89ddf99b2bac4825572e4232856b41f26ae31d1566,inventory only; see report for traced paths
apps/modules/faultlinelab/source/artifacts/faultline-lab/src/components/account/useBillingData.ts,quarantined-import,60,1793,4ecbe4e15843d368cae15c090f8f46721ad7acc8763743423d81d98bedbeaec0,inventory only; see report for traced paths
apps/modules/faultlinelab/source/artifacts/faultline-lab/src/components/admin/AdminHeader.tsx,quarantined-import,67,2584,9ee765464f5ae06c02f35dea912863d7dc802cd09f58768408277b6fc0c0c543,inventory only; see report for traced paths
apps/modules/faultlinelab/source/artifacts/faultline-lab/src/components/admin/CatalogHistoryDrawer.tsx,quarantined-import,119,4765,a8e4d2a779e8654305e7a724112332750744c16c08547875289a22b8e8ae427c,inventory only; see report for traced paths
apps/modules/faultlinelab/source/artifacts/faultline-lab/src/components/admin/CatalogTab.tsx,quarantined-import,214,8549,d8b6accdcc26efc12c93812613132e9652f65656a2f412e3fed505c344e81a79,inventory only; see report for traced paths
apps/modules/faultlinelab/source/artifacts/faultline-lab/src/components/admin/CrossPromoTab.tsx,quarantined-import,231,9053,7957c82ab3e36b64f4819fb9f9172c64ee789ef8e5a8a3eed546cb1982af277c,inventory only; see report for traced paths
apps/modules/faultlinelab/source/artifacts/faultline-lab/src/components/admin/UsersTab.tsx,quarantined-import,237,9814,3fc672c04ada63386cf9d4577a564cbfda12e1f73e9339755e41a758a795abeb,inventory only; see report for traced paths
apps/modules/faultlinelab/source/artifacts/faultline-lab/src/components/admin/case-authoring/AuthoringSidebar.tsx,quarantined-import,274,11255,a8dcd9f72df4146d1df06aca7fde8920a1c963a1070206f7e27f36dd22816485,inventory only; see report for traced paths
apps/modules/faultlinelab/source/artifacts/faultline-lab/src/components/admin/case-authoring/draftStorage.ts,quarantined-import,113,3075,dcfabc4e85aa6cdeceb4f6c67acb7ca5c68029b49e07f85cf11ce6917940669c,inventory only; see report for traced paths
apps/modules/faultlinelab/source/artifacts/faultline-lab/src/components/admin/case-authoring/primitives.tsx,quarantined-import,88,2485,002d4da0ad5ff9fac8b77db9560b0c8f802dc06e84b8f4f260fe9b2db39940ce,inventory only; see report for traced paths
apps/modules/faultlinelab/source/artifacts/faultline-lab/src/components/admin/case-authoring/sections/CommandsSection.tsx,quarantined-import,95,3270,ce11af440bc7ea9c07a3dccd3cca968c9119d7e9bad504a4eff94db15eea4bac,inventory only; see report for traced paths
apps/modules/faultlinelab/source/artifacts/faultline-lab/src/components/admin/case-authoring/sections/EventsSection.tsx,quarantined-import,102,3600,9fb2c89117cb1dc22336e007d20ce9464d2554f2e2ca5371cb7997d08dd81b7b,inventory only; see report for traced paths
apps/modules/faultlinelab/source/artifacts/faultline-lab/src/components/admin/case-authoring/sections/EvidenceSection.tsx,quarantined-import,117,4147,b23c8e89acb34fcddcd29897a1d595358988c852e4eaef663986e2c45602a244,inventory only; see report for traced paths
apps/modules/faultlinelab/source/artifacts/faultline-lab/src/components/admin/case-authoring/sections/HintsSection.tsx,quarantined-import,71,2357,80fd4593f7f93746a85133d15729b6c39864dca1bcf49bdc932576698572dbac,inventory only; see report for traced paths
apps/modules/faultlinelab/source/artifacts/faultline-lab/src/components/admin/case-authoring/sections/IdentitySection.tsx,quarantined-import,155,5341,ee2c7741fda0cbf5e23e11a8b479b45b46acfcec19609334a9099823db12e53f,inventory only; see report for traced paths
apps/modules/faultlinelab/source/artifacts/faultline-lab/src/components/admin/case-authoring/sections/RootCauseSection.tsx,quarantined-import,60,1994,c7661aff5387cbe4d5b47b20e9dcd18ad9b7668a0e7d4b0fe5194f0e7da41e61,inventory only; see report for traced paths
apps/modules/faultlinelab/source/artifacts/faultline-lab/src/components/admin/case-authoring/sections/SymptomsSection.tsx,quarantined-import,75,2485,113d266fe403677a8ccd640258d5b413b5b43d261e549894195b090b9e1b37bc,inventory only; see report for traced paths
apps/modules/faultlinelab/source/artifacts/faultline-lab/src/components/admin/case-authoring/sections/TicketsSection.tsx,quarantined-import,97,3316,5b6b4d5cf58c426988420aa0d9cbff876106f9c30ed1914eab78a4e9688a27af,inventory only; see report for traced paths
apps/modules/faultlinelab/source/artifacts/faultline-lab/src/components/admin/case-authoring/sections/ToolsOutcomeSection.tsx,quarantined-import,105,3593,ca8d40654a782f6bf83ec722ae9431cf93c274b3e49e9d9a81508ccab2bb5fa0,inventory only; see report for traced paths
apps/modules/faultlinelab/source/artifacts/faultline-lab/src/components/admin/formatRelativeTime.ts,quarantined-import,17,654,5852a2e29c611a8f597b6298412461b724d8cc500b0e913f1642187304ee0e10,inventory only; see report for traced paths
apps/modules/faultlinelab/source/artifacts/faultline-lab/src/components/admin/useAdminUsers.test.tsx,quarantined-import,259,9374,7f67ab1e18cfc537b54a4a00ac861c0d1f8fe50c766ad2cf9588fe9f688ead4e,inventory only; see report for traced paths
apps/modules/faultlinelab/source/artifacts/faultline-lab/src/components/admin/useAdminUsers.ts,quarantined-import,154,4959,b3d76932aa9e30129a836d1e77347d00435ea47cc6297019c593aa767a057c56,inventory only; see report for traced paths
apps/modules/faultlinelab/source/artifacts/faultline-lab/src/components/admin/useCatalogOverrides.test.tsx,quarantined-import,290,10862,477a109215e9670056961f1ac9c02516b30d9e0389e833e139bcd18cbb17716b,inventory only; see report for traced paths
apps/modules/faultlinelab/source/artifacts/faultline-lab/src/components/admin/useCatalogOverrides.ts,quarantined-import,208,7038,7552db735302b365345ce249b6f54484eeddde84054090ac5e417a4e638e04fc,inventory only; see report for traced paths
apps/modules/faultlinelab/source/artifacts/faultline-lab/src/components/auth/ShotgunNinjasSSOButton.tsx,quarantined-import,76,2731,83dcf0496fe78aee3b6065602172c042ca5b773519eae5902c9cabd0d0b30c88,inventory only; see report for traced paths
apps/modules/faultlinelab/source/artifacts/faultline-lab/src/components/debrief/DebriefSections.tsx,quarantined-import,111,3794,fa00d7e388d80f94b947d5a2aa5dd68c058dc98ebcbf166149f83d24844e919d,inventory only; see report for traced paths
apps/modules/faultlinelab/source/artifacts/faultline-lab/src/components/debrief/NextCaseRecommendations.tsx,quarantined-import,51,2407,a7de58bee3ea60106c12f1a1abc205ca2bb72a6abf5c981c33442e1b359e4ad1,inventory only; see report for traced paths
apps/modules/faultlinelab/source/artifacts/faultline-lab/src/components/debrief/ScoreSummary.tsx,quarantined-import,116,4797,e289e89c93524209ffadf5756fceb5afc6e5fa716a7b7c0987c1f4b9e084bdf8,inventory only; see report for traced paths
apps/modules/faultlinelab/source/artifacts/faultline-lab/src/components/debrief/tierConfig.tsx,quarantined-import,16,806,d1b48cbffed8f0b4189c0a7c7b39ba411529bc4a82aabdc9e70ab49b95a45a92,inventory only; see report for traced paths
apps/modules/faultlinelab/source/artifacts/faultline-lab/src/components/incident-board/CaseCard.test.tsx,quarantined-import,110,4430,7f1620d8af70dceee616f0469a176ba76283ff3889c60104472956b90207c15b,inventory only; see report for traced paths
apps/modules/faultlinelab/source/artifacts/faultline-lab/src/components/incident-board/CaseCard.tsx,quarantined-import,254,9349,e57f6829525f457fea5039f6559acf232d1a28efd3409833b9ab9029f204335b,inventory only; see report for traced paths
apps/modules/faultlinelab/source/artifacts/faultline-lab/src/components/incident-board/ChaosBadge.tsx,quarantined-import,79,2965,aac4314026084d74932e3ab1b63dfc2d999c61321b8d45180cedfa930e8cf8ce,inventory only; see report for traced paths
apps/modules/faultlinelab/source/artifacts/faultline-lab/src/components/incident-board/IncidentBoardHeader.tsx,quarantined-import,116,4419,fa551ee4aa05147a67a92806843eff5aa843e1a6ff017d0089234c6901262532,inventory only; see report for traced paths
apps/modules/faultlinelab/source/artifacts/faultline-lab/src/components/incident-board/ProUpsellBanner.tsx,quarantined-import,39,1465,c29da02767beb4e2b9712e368d4a2d7232f63ec3cf522da19f974ff47e70a1fc,inventory only; see report for traced paths
apps/modules/faultlinelab/source/artifacts/faultline-lab/src/components/incident-board/StatsFooter.tsx,quarantined-import,52,1873,12af912d2499307cdd4d6e9bc152542ff79e024886ea4855b41f4c8d74c47c3b,inventory only; see report for traced paths
apps/modules/faultlinelab/source/artifacts/faultline-lab/src/components/incident-board/WelcomeBanner.tsx,quarantined-import,49,2237,a8698e99cdd87d3e73f2d92f482f4ffd41a4e574f706659f48e4c0a706d2b6de,inventory only; see report for traced paths
apps/modules/faultlinelab/source/artifacts/faultline-lab/src/components/incident-board/useFreshnessSnapshot.ts,quarantined-import,88,3363,d052be2b706b2ed105f39752d7cc6924e36714273a9da196b6b6c8d3ddf07e10,inventory only; see report for traced paths
apps/modules/faultlinelab/source/artifacts/faultline-lab/src/components/investigation/ActionLog.tsx,quarantined-import,51,1732,63ea18b11d0b67574d7e88515e69c75b5faf656cddd8d1ecb50d6e329a96218e,inventory only; see report for traced paths
apps/modules/faultlinelab/source/artifacts/faultline-lab/src/components/investigation/ActiveToolPanel.tsx,quarantined-import,78,2448,42330b415df195eb66e11e3075cd6920ebe863edb7817f04856051e39ca50b52,inventory only; see report for traced paths
apps/modules/faultlinelab/source/artifacts/faultline-lab/src/components/investigation/BriefingModal.tsx,quarantined-import,86,3282,673e53d182c552781c76424793c78d2b5e9f9f82ef01105528e195ea77a5bded,inventory only; see report for traced paths
apps/modules/faultlinelab/source/artifacts/faultline-lab/src/components/investigation/ChaosModePanel.tsx,quarantined-import,196,7726,c366f35cb86196de0e5670d4625d57067ce5c774accaffc5e7c518bb9b589fcf,inventory only; see report for traced paths
apps/modules/faultlinelab/source/artifacts/faultline-lab/src/components/investigation/DeepTelemetryPanel.tsx,quarantined-import,185,7218,9a4516ffa2ecaa71772331362e8cc2cb6ff11d1d58335116f25c59f58e703398,inventory only; see report for traced paths
apps/modules/faultlinelab/source/artifacts/faultline-lab/src/components/investigation/DiagnosisForm.tsx,quarantined-import,178,7325,57e3ac6742ea79c25182d28c1f1665366cef3a9a8474af0376c2042ce54d66c9,inventory only; see report for traced paths
apps/modules/faultlinelab/source/artifacts/faultline-lab/src/components/investigation/EventLogPanel.tsx,quarantined-import,132,5161,271a7fd9ca1600e82e3a1bc1b44a3790471b4693c85d7bbc9df173bcea036568,inventory only; see report for traced paths
apps/modules/faultlinelab/source/artifacts/faultline-lab/src/components/investigation/EvidenceLocker.tsx,quarantined-import,75,2971,15b1270ee4e5114f5fcfb2da604bbacfe8a239e48dee5cc5ae244757415e6afd,inventory only; see report for traced paths
apps/modules/faultlinelab/source/artifacts/faultline-lab/src/components/investigation/HintPanel.tsx,quarantined-import,112,4703,f2ddfc2ec44d6ee4a188e824c2c973930199441dde1e72be0167a8c25083c63a,inventory only; see report for traced paths
apps/modules/faultlinelab/source/artifacts/faultline-lab/src/components/investigation/MobileToolsList.tsx,quarantined-import,69,2656,988fa31ef492d420c486061cbd50c9d0862d077627a241593c4a16b23c3ad475,inventory only; see report for traced paths
apps/modules/faultlinelab/source/artifacts/faultline-lab/src/components/investigation/ProAnalyticsPanel.tsx,quarantined-import,217,8988,45d17381fc0f1aaa2a08ae19ab7ea8f350baba26d21ac547ea58f51f746f4362,inventory only; see report for traced paths
apps/modules/faultlinelab/source/artifacts/faultline-lab/src/components/investigation/SandboxPanel.tsx,quarantined-import,334,10629,ef67dc92783b577dbc746a292c884718aa64e0bd40e1ff2b7fc1b90ebbb2555c,inventory only; see report for traced paths
apps/modules/faultlinelab/source/artifacts/faultline-lab/src/components/investigation/SymptomsPanel.tsx,quarantined-import,45,1603,55c96e126c120743b0c32cb1f785a4c7da58afdea5fedda2fec55b861097f9c0,inventory only; see report for traced paths
apps/modules/faultlinelab/source/artifacts/faultline-lab/src/components/investigation/TerminalPanel.tsx,quarantined-import,131,4971,4561c105721c6c45c2b700f2f66c0ed12f9497e56c1f27fed5cc2e978caa4d4a,inventory only; see report for traced paths
apps/modules/faultlinelab/source/artifacts/faultline-lab/src/components/investigation/TicketHistoryPanel.tsx,quarantined-import,91,3849,7597cce5bf7d59dfc7a9169ab5c13bbd4f539848cb3b5dedb53df25d25599545,inventory only; see report for traced paths
apps/modules/faultlinelab/source/artifacts/faultline-lab/src/components/investigation/ToolTabBar.tsx,quarantined-import,130,4796,95d10840fb2e01bfb841b2351c82607aea4f89622b04d6bed1adb0de1cdd4d06,inventory only; see report for traced paths
apps/modules/faultlinelab/source/artifacts/faultline-lab/src/components/investigation/WiresharkPanel.tsx,quarantined-import,238,9515,a95f9c4f32d4beb7c40fc3805df09b6910751f0ff61f70cc914fa6a148b1bbcb,inventory only; see report for traced paths
apps/modules/faultlinelab/source/artifacts/faultline-lab/src/components/investigation/WorkspaceHeader.tsx,quarantined-import,102,3596,a331ecbd147fd7874d2b946078ac2745bbfc5c10ea265b3e84691cf6eec97e87,inventory only; see report for traced paths
apps/modules/faultlinelab/source/artifacts/faultline-lab/src/components/investigation/premiumTools.tsx,quarantined-import,140,5287,92ee8427221b7105f5d4582b48607c1561c1bf63fa6db907278a7a9b5b40cbcf,inventory only; see report for traced paths
apps/modules/faultlinelab/source/artifacts/faultline-lab/src/components/investigation/sandbox/Field.tsx,quarantined-import,41,1005,65c84c03d172da3e717a8a4a1b898a269788bec30a7cc6c9feb5477f1bddff0e,inventory only; see report for traced paths
apps/modules/faultlinelab/source/artifacts/faultline-lab/src/components/investigation/sandbox/ScenarioEditor.tsx,quarantined-import,341,13370,c50909ffefba20801e0530f21caa21e0a291bbf94a57f8b337164d20d632a026,inventory only; see report for traced paths
apps/modules/faultlinelab/source/artifacts/faultline-lab/src/components/investigation/sandbox/ScenarioListSidebar.tsx,quarantined-import,56,1856,45ed773fac1532a740773ea126e69a954fad2c588d8aa0d7e1ac1560e2285c20,inventory only; see report for traced paths
apps/modules/faultlinelab/source/artifacts/faultline-lab/src/components/investigation/sandbox/ShareDialog.tsx,quarantined-import,185,6949,63d43591e04be9a83d81bff550c6484fea62ea80ee946fecb1f0da012abbaa31,inventory only; see report for traced paths
apps/modules/faultlinelab/source/artifacts/faultline-lab/src/components/investigation/useCaseTimer.ts,quarantined-import,37,1417,d5cc528ba178b1eb731b2773476897e70f730ed8b33e3acbc0e26f7ef80e710c,inventory only; see report for traced paths
apps/modules/faultlinelab/source/artifacts/faultline-lab/src/components/pricing/FeatureComparisonTable.tsx,quarantined-import,63,2602,54b317016a5b37df9293f29e2bbc890d904af1ac1133f36b1edc8ebf08bd7554,inventory only; see report for traced paths
apps/modules/faultlinelab/source/artifacts/faultline-lab/src/components/pricing/TierCard.tsx,quarantined-import,83,2844,aa371b74d50bf081e58800b04b8c2272eb1dc47f70397c692d3aaa3b5b9caaea,inventory only; see report for traced paths
apps/modules/faultlinelab/source/artifacts/faultline-lab/src/components/pricing/featureRows.ts,quarantined-import,141,4591,e6f26a17a4c7bcb8707e77c191e2547d71d9610105a2f976bcf7286088f85063,inventory only; see report for traced paths
apps/modules/faultlinelab/source/artifacts/faultline-lab/src/components/settings/AccountSection.tsx,quarantined-import,78,2514,e399800ca22029e2de425ba9c80b3cafffca60aebfe78c864c207c844268cda0,inventory only; see report for traced paths
apps/modules/faultlinelab/source/artifacts/faultline-lab/src/components/settings/PreferenceSection.tsx,quarantined-import,96,3183,360fddcc6d587c305f849c8407bd490bb497ebcb89d3a334d329dec7f30897c6,inventory only; see report for traced paths
apps/modules/faultlinelab/source/artifacts/faultline-lab/src/components/settings/ResetDataCard.tsx,quarantined-import,42,1359,41635cf5d06fac659e903c23f989105536f3c36d0f7160df3ea6295000a7460b,inventory only; see report for traced paths
apps/modules/faultlinelab/source/artifacts/faultline-lab/src/components/settings/SettingsRow.tsx,quarantined-import,43,1232,5328316706b1cf2f2966956b7815fdc213fbed822ef452bf9f22bfa60c25902c,inventory only; see report for traced paths
apps/modules/faultlinelab/source/artifacts/faultline-lab/src/components/store/ProductCard.test.tsx,quarantined-import,131,5267,3e7de93a7c5deda8cd249661b5d69e6b58f8e1ecd827f3a729ca9c7f531964ac,inventory only; see report for traced paths
apps/modules/faultlinelab/source/artifacts/faultline-lab/src/components/store/ProductCard.tsx,quarantined-import,92,3837,d617f9fe842b729f6aa756af4eccaeb5edc4c6481a1766440783bc2bd544b1c7,inventory only; see report for traced paths
apps/modules/faultlinelab/source/artifacts/faultline-lab/src/components/store/ProductDetail.tsx,quarantined-import,41,1279,a490a9f5bc7654c3b4e783e689f5482b0a7e640259168e8cb46237f83d3bb650,inventory only; see report for traced paths
apps/modules/faultlinelab/source/artifacts/faultline-lab/src/components/store/ProductDetailHero.tsx,quarantined-import,134,4957,ebd81abdd93e0d44edb9cc2fc9d7d6cd839846a728f95222093d3f8f43e5eb16,inventory only; see report for traced paths
apps/modules/faultlinelab/source/artifacts/faultline-lab/src/components/store/ProductPackContents.tsx,quarantined-import,71,2852,21649f26d0a1887af2818bd9704851aae354a80d3dbe0a93704385c9e7252f0f,inventory only; see report for traced paths
apps/modules/faultlinelab/source/artifacts/faultline-lab/src/components/store/ProductPurchaseCta.tsx,quarantined-import,172,6485,fe48c90ef4b8560a8371f21a336ccd6914f0f1f5017828eabb421fb619a499f3,inventory only; see report for traced paths
apps/modules/faultlinelab/source/artifacts/faultline-lab/src/components/store/ProductTag.tsx,quarantined-import,18,696,9dbff9b15dca1ae348e58a71456e3f3bc19ebd84aa09252adba110401df10b4e,inventory only; see report for traced paths
apps/modules/faultlinelab/source/artifacts/faultline-lab/src/components/store/helpers.tsx,quarantined-import,60,1709,230bbe002753fef056c076ef2c8725b12d65e968b0ef701bd1fadb2954a01e7c,inventory only; see report for traced paths
apps/modules/faultlinelab/source/artifacts/faultline-lab/src/components/tour/TourCard.tsx,quarantined-import,106,4047,1d5303da045dde29fb6353e922cb2be2318ee331d3e663f84e441ebc3a13f34b,inventory only; see report for traced paths
apps/modules/faultlinelab/source/artifacts/faultline-lab/src/components/tour/steps.ts,quarantined-import,103,3656,63b3a445dde1cf2a198b02037eeb58cfe42bda6982e4651bc13dc71209a4f2dd,inventory only; see report for traced paths
apps/modules/faultlinelab/source/artifacts/faultline-lab/src/components/tour/useTourFocus.ts,quarantined-import,31,1068,f4b88bb89724e1d7ff027c59d1cec9a00d1b1edff6dcc486be0dab1ac04d0326,inventory only; see report for traced paths
apps/modules/faultlinelab/source/artifacts/faultline-lab/src/components/tour/useTourKeyboard.ts,quarantined-import,68,2131,cc2e5da365096343ff1c77236b669177d5984b6b56ef09bb9b992957fe1cb2f5,inventory only; see report for traced paths
apps/modules/faultlinelab/source/artifacts/faultline-lab/src/components/ui/accordion.tsx,quarantined-import,55,2056,fff47c151b7b1beedd3cdd38f1bb80b28b0152a7d4e323a50b519471dba5206c,inventory only; see report for traced paths
apps/modules/faultlinelab/source/artifacts/faultline-lab/src/components/ui/alert-dialog.tsx,quarantined-import,139,4558,954aa5d2030eac91726054666e81113f22a709fc3d2786e5e6907384ede58dc3,inventory only; see report for traced paths
apps/modules/faultlinelab/source/artifacts/faultline-lab/src/components/ui/alert.tsx,quarantined-import,59,1657,dfac5998c66e5651323d913a1a3d4548e9a3cad94819950e0f6ab36c6ea92c15,inventory only; see report for traced paths
apps/modules/faultlinelab/source/artifacts/faultline-lab/src/components/ui/aspect-ratio.tsx,quarantined-import,5,145,62f29cd87c19f52d403dc2d17823849db2c8cbd541c9f96de20ef13e58d379db,inventory only; see report for traced paths
apps/modules/faultlinelab/source/artifacts/faultline-lab/src/components/ui/avatar.tsx,quarantined-import,50,1469,4ee6fbff6d693bf5b76f1b30e4cd55de6c6343c46a51e636c3e3b8a911fa7ec0,inventory only; see report for traced paths
apps/modules/faultlinelab/source/artifacts/faultline-lab/src/components/ui/badge.tsx,quarantined-import,43,1565,8e1871d6160d067a687beb25f850fa12dfc30d19356fdaa27ae6f7fd17e1fe02,inventory only; see report for traced paths
apps/modules/faultlinelab/source/artifacts/faultline-lab/src/components/ui/breadcrumb.tsx,quarantined-import,115,2827,76807d2c1be3d1e5e0e055ffbecd8451acfc71db6a7aa3c8660631d7603d517f,inventory only; see report for traced paths
apps/modules/faultlinelab/source/artifacts/faultline-lab/src/components/ui/button-group.tsx,quarantined-import,83,2292,f42ab464f85e682be5dd43e069543ddfbc0938d856665304092a5eba3d4cd0c9,inventory only; see report for traced paths
apps/modules/faultlinelab/source/artifacts/faultline-lab/src/components/ui/button.tsx,quarantined-import,65,2421,d0a176bc30348fb86aa581029fe6091db105aca2e372fd12a5fb98b3606a073b,inventory only; see report for traced paths
apps/modules/faultlinelab/source/artifacts/faultline-lab/src/components/ui/calendar.tsx,quarantined-import,213,7782,c95bd7c60cd25365707126852c718ea6ebdd1be2c487cb7c5d88e4be14ad4634,inventory only; see report for traced paths
apps/modules/faultlinelab/source/artifacts/faultline-lab/src/components/ui/card.tsx,quarantined-import,76,1904,c58a39198aab485b7bec9dde033dca0b25be3fce06c00a101c2561dceff775a1,inventory only; see report for traced paths
apps/modules/faultlinelab/source/artifacts/faultline-lab/src/components/ui/carousel.tsx,quarantined-import,260,6470,d48a52f0bc5161c47ee818c88bebedea98c14742a1e4d3c76639a612ddbb376a,inventory only; see report for traced paths
apps/modules/faultlinelab/source/artifacts/faultline-lab/src/components/ui/chart.tsx,quarantined-import,367,11130,e38a709f24713b27f4fc90ddb140b90f784bb5dbfc81ae4c89f8b34b20bdfcc6,inventory only; see report for traced paths
apps/modules/faultlinelab/source/artifacts/faultline-lab/src/components/ui/checkbox.tsx,quarantined-import,28,1059,a90725bcc6583cbced083484e8051582284f5374acc1585e0a742f1c21925cad,inventory only; see report for traced paths
apps/modules/faultlinelab/source/artifacts/faultline-lab/src/components/ui/collapsible.tsx,quarantined-import,11,340,bc854800960ef4129d4679a7c4a6b5091e7038adc03698e4529d0c9b5af0d831,inventory only; see report for traced paths
apps/modules/faultlinelab/source/artifacts/faultline-lab/src/components/ui/command.tsx,quarantined-import,153,5040,65332ac050fabef0c860273d8d97be14a6a33b8d3b7cfb1599aded26622f0246,inventory only; see report for traced paths
apps/modules/faultlinelab/source/artifacts/faultline-lab/src/components/ui/context-menu.tsx,quarantined-import,198,7604,f875c1dc21224f223d27962338e983589c014a6980bd03c5f1b651ebb7471345,inventory only; see report for traced paths
apps/modules/faultlinelab/source/artifacts/faultline-lab/src/components/ui/dialog.tsx,quarantined-import,120,3955,8a4215777ab3e381c840c0708818dbf4799d6fe3ba44f39cbae0da0b3e0bcab1,inventory only; see report for traced paths
apps/modules/faultlinelab/source/artifacts/faultline-lab/src/components/ui/drawer.tsx,quarantined-import,116,3123,9710f71dcf19d52d2e757ea2f364a03b4bd4546161f4bbebfdd8a829a382748a,inventory only; see report for traced paths
apps/modules/faultlinelab/source/artifacts/faultline-lab/src/components/ui/dropdown-menu.tsx,quarantined-import,201,7807,8d02514fbfde8abddd519887fa2332fe151428f54c0f46d07466e77a49b2b70f,inventory only; see report for traced paths
apps/modules/faultlinelab/source/artifacts/faultline-lab/src/components/ui/empty.tsx,quarantined-import,104,2500,954873c4438f866bc417e36f7745000c16a8851b59609bdc310bb027c2918953,inventory only; see report for traced paths
apps/modules/faultlinelab/source/artifacts/faultline-lab/src/components/ui/field.tsx,quarantined-import,244,6288,a4808670f918794e5402bf9753e9009a75a29868a1f9ff4f399260a0a3513381,inventory only; see report for traced paths
apps/modules/faultlinelab/source/artifacts/faultline-lab/src/components/ui/form.tsx,quarantined-import,176,4351,377975a4e6a9da67a52d097d59a03a398e9023a45cd5a5cc79de25b6bb6a4a92,inventory only; see report for traced paths
apps/modules/faultlinelab/source/artifacts/faultline-lab/src/components/ui/hover-card.tsx,quarantined-import,27,1264,7bef587e8c6ff88faae02c1dc58572a794f88950459edb4a409070f5ef7bc290,inventory only; see report for traced paths
apps/modules/faultlinelab/source/artifacts/faultline-lab/src/components/ui/input-group.tsx,quarantined-import,168,5139,6d7a49acb2cbb08a0abb911f41deb0d097d2b1a1a8647959c5ebbd4fe37aaa75,inventory only; see report for traced paths
apps/modules/faultlinelab/source/artifacts/faultline-lab/src/components/ui/input-otp.tsx,quarantined-import,69,2212,d7699cf34d1a4cfd88c3da711cf6a193cd72e1f5b0ffc6b392fe9f35d0125f29,inventory only; see report for traced paths
apps/modules/faultlinelab/source/artifacts/faultline-lab/src/components/ui/input.tsx,quarantined-import,22,790,cacc180f0367350b3fe134949e04a562e027878131faadabeb300148c6cd84fb,inventory only; see report for traced paths
apps/modules/faultlinelab/source/artifacts/faultline-lab/src/components/ui/item.tsx,quarantined-import,193,4687,f93d19a3e63b621b16d8ffaabb531c10b3b5611153e14079a187a9d76a78fab8,inventory only; see report for traced paths
apps/modules/faultlinelab/source/artifacts/faultline-lab/src/components/ui/kbd.tsx,quarantined-import,28,890,dd4b76a2c84f23bb410a1361c8355332ad8d0e99bc348cec8fd626c26c50540c,inventory only; see report for traced paths
apps/modules/faultlinelab/source/artifacts/faultline-lab/src/components/ui/label.tsx,quarantined-import,26,750,8253ee4179284de5d037eee03b55f4499b04ff41ddfa60b3176ea28d4bdc301c,inventory only; see report for traced paths
apps/modules/faultlinelab/source/artifacts/faultline-lab/src/components/ui/menubar.tsx,quarantined-import,254,8862,95dff8f7a917b42de3f413df3c5f7615cf158ae4ed9129642eff59ba9d352d0c,inventory only; see report for traced paths
apps/modules/faultlinelab/source/artifacts/faultline-lab/src/components/ui/navigation-menu.tsx,quarantined-import,128,5252,f8ba72ac1edf867f20e940b5b99212d98ebd7d5a2132eaf6a98130209080bb2e,inventory only; see report for traced paths
apps/modules/faultlinelab/source/artifacts/faultline-lab/src/components/ui/pagination.tsx,quarantined-import,117,2868,e3cc6dfb9d84cf94a00b1c61e188ff19ab9cc5558ef046944d90bd6e2de55d31,inventory only; see report for traced paths
apps/modules/faultlinelab/source/artifacts/faultline-lab/src/components/ui/popover.tsx,quarantined-import,31,1373,c700d123e6729b734ac3b13a44947d2ef9180b56dc9a72e8a1768ea8b943bc93,inventory only; see report for traced paths
apps/modules/faultlinelab/source/artifacts/faultline-lab/src/components/ui/progress.tsx,quarantined-import,28,820,0e52f6bdff8b18385effd7845819cbe78fbe565e76509c08d9e072ddd474c566,inventory only; see report for traced paths
apps/modules/faultlinelab/source/artifacts/faultline-lab/src/components/ui/radio-group.tsx,quarantined-import,42,1452,7fe8ffedbabac6b82d277b086b774f9ee57d9184d1ab13452d77ceda489c5c99,inventory only; see report for traced paths
apps/modules/faultlinelab/source/artifacts/faultline-lab/src/components/ui/resizable.tsx,quarantined-import,45,1768,bbb236cf580525f2f1f7e40404d34c03cf806c02eee8404891f72fcf5034ec31,inventory only; see report for traced paths
apps/modules/faultlinelab/source/artifacts/faultline-lab/src/components/ui/scroll-area.tsx,quarantined-import,46,1688,5bbf2efc963f2a62d9f9d41fdf2a96f798ad409ee2a1fdb1fe51da947d882dc7,inventory only; see report for traced paths
apps/modules/faultlinelab/source/artifacts/faultline-lab/src/components/ui/select.tsx,quarantined-import,159,5904,41c332da1a05575ee9f45650301efcdaa62b01b237c831d779ab23f034f535c7,inventory only; see report for traced paths
apps/modules/faultlinelab/source/artifacts/faultline-lab/src/components/ui/separator.tsx,quarantined-import,29,785,1e2f9c2eab409bf25614f4e0b495b9a67646e92a0a7d1a033afaada64fdb1b78,inventory only; see report for traced paths
apps/modules/faultlinelab/source/artifacts/faultline-lab/src/components/ui/sheet.tsx,quarantined-import,140,4420,72edc44a754350bb77fcd9bfd621f3b8b98fba5e85aa72d7555912b1e2ea6faf,inventory only; see report for traced paths
apps/modules/faultlinelab/source/artifacts/faultline-lab/src/components/ui/sidebar.tsx,quarantined-import,727,22573,3a36ba9f139af5708d6aa1f0fc620085e4b2e9fcc1e58e35ee1933a0c9ac07ce,inventory only; see report for traced paths
apps/modules/faultlinelab/source/artifacts/faultline-lab/src/components/ui/skeleton.tsx,quarantined-import,15,281,91e3bb69a8b91319442ae4aa4203407044b90bd43703c3aa8f011d43f844fe43,inventory only; see report for traced paths
apps/modules/faultlinelab/source/artifacts/faultline-lab/src/components/ui/slider.tsx,quarantined-import,26,1063,f2c30f700b5a8dfd342413ca266f7618b39dac0ca50e7101adefd0b68afb3478,inventory only; see report for traced paths
apps/modules/faultlinelab/source/artifacts/faultline-lab/src/components/ui/sonner.tsx,quarantined-import,31,925,16ab4f1f4c538f3991751b31c64d930b44a4d20caef51629ee13c3517db9a986,inventory only; see report for traced paths
apps/modules/faultlinelab/source/artifacts/faultline-lab/src/components/ui/spinner.tsx,quarantined-import,16,347,cbf9073613aed22ffd4ba21219adc1d1b8dce311d4280800f772b5eae587eeff,inventory only; see report for traced paths
apps/modules/faultlinelab/source/artifacts/faultline-lab/src/components/ui/switch.tsx,quarantined-import,27,1175,08711f3d92da7c10c8f84d30984870628331e66212fb9f618da24d1a803a4dee,inventory only; see report for traced paths
apps/modules/faultlinelab/source/artifacts/faultline-lab/src/components/ui/table.tsx,quarantined-import,120,2979,865e3fca4936c02b58beab4509abcb468449fd2ee2ebdc3aebdd23ee3bfd982b,inventory only; see report for traced paths
apps/modules/faultlinelab/source/artifacts/faultline-lab/src/components/ui/tabs.tsx,quarantined-import,53,1930,8134e14b016e1f3846640c2bc8a2c6438c289da6b8ce1d04362a101ef62d45a7,inventory only; see report for traced paths
apps/modules/faultlinelab/source/artifacts/faultline-lab/src/components/ui/textarea.tsx,quarantined-import,22,671,c3b95caa4b59e88f09752932dc93d289f9e3758fd0eff9b029f8e6d453dcea03,inventory only; see report for traced paths
apps/modules/faultlinelab/source/artifacts/faultline-lab/src/components/ui/toast.tsx,quarantined-import,127,4972,2da684420d53b7826485853a5f433bc794eb8a3fa3ca99db7cabb59974dfff38,inventory only; see report for traced paths
apps/modules/faultlinelab/source/artifacts/faultline-lab/src/components/ui/toaster.tsx,quarantined-import,33,805,d336e69dc56f72df1da448f1f39eedddb3b7e0dd0e5a69ca5be8db7acb32b7e4,inventory only; see report for traced paths
apps/modules/faultlinelab/source/artifacts/faultline-lab/src/components/ui/toggle-group.tsx,quarantined-import,61,1814,04c1ac2983a3b790295fae9a0c475b32c61d6c49954e65eb38b54fa9af09f9dc,inventory only; see report for traced paths
apps/modules/faultlinelab/source/artifacts/faultline-lab/src/components/ui/toggle.tsx,quarantined-import,43,1529,950f6552560c82c4f7c8ad15568acb0ce59ee6305afe8b2df92a0b4c60a1d478,inventory only; see report for traced paths
apps/modules/faultlinelab/source/artifacts/faultline-lab/src/components/ui/tooltip.tsx,quarantined-import,32,1299,f3b91d8e764ae4bf78e0bf44a62cd8ef2503a251a7824ee062f0cd864caffdf6,inventory only; see report for traced paths
apps/modules/faultlinelab/source/artifacts/faultline-lab/src/data/caseCatalog/authorImage.ts,quarantined-import,17,696,f52cbef2588e7cbf0c9018ace13712060f9605afe2c084d9faba73efb983ff9e,inventory only; see report for traced paths
apps/modules/faultlinelab/source/artifacts/faultline-lab/src/data/caseCatalog/entries.ts,quarantined-import,240,27859,8a0afbcee26ef10ffcba6f4141ed7e6542440b160e8231922f190702539affcc,inventory only; see report for traced paths
apps/modules/faultlinelab/source/artifacts/faultline-lab/src/data/caseCatalog/index.ts,quarantined-import,42,956,844eb8b60a36c39a5edadff58ab7c15d8b4224ce2a3c07640d9288a4127dc0f8,inventory only; see report for traced paths
apps/modules/faultlinelab/source/artifacts/faultline-lab/src/data/caseCatalog/resolver.ts,quarantined-import,28,1238,59bfabecaf187d91afaec3dd5e72ffb025cefd71940869f582f372839f2fe9c2,inventory only; see report for traced paths
apps/modules/faultlinelab/source/artifacts/faultline-lab/src/data/caseCatalog/selectors.ts,quarantined-import,163,5712,28d99e25bf627260b6e7ea047e887866181ab05fe8067ad5da6331d0605b5f38,inventory only; see report for traced paths
apps/modules/faultlinelab/source/artifacts/faultline-lab/src/data/caseCatalog/types.ts,quarantined-import,64,2078,8f83b2e534857e156e7cfa96c9e67df2644aa43156ae722ac6a61688041010cb,inventory only; see report for traced paths
apps/modules/faultlinelab/source/artifacts/faultline-lab/src/data/caseCatalog/validation.ts,quarantined-import,212,6886,c05db921c1ebd8ed6a744acba617c9262b2d02db3b727c5aa01498b47775b413,inventory only; see report for traced paths
apps/modules/faultlinelab/source/artifacts/faultline-lab/src/data/cases/_authoring.ts,quarantined-import,176,5433,332eb27d7194940e53345976edc705860be3d77c563512697bf8dfdcc639c043,inventory only; see report for traced paths
apps/modules/faultlinelab/source/artifacts/faultline-lab/src/data/cases/authoring/__selfTest.ts,quarantined-import,43,1249,708068f3f88b0201263786b187a2de9a1ccfacc9d8a51c51136dc2ea43bc8472,inventory only; see report for traced paths
apps/modules/faultlinelab/source/artifacts/faultline-lab/src/data/cases/authoring/helpers.ts,quarantined-import,97,2718,9fcf7a9d964b70ee94895d264ef0a211f436e79b6b0d0d2dbb13d58ab9843268,inventory only; see report for traced paths
apps/modules/faultlinelab/source/artifacts/faultline-lab/src/data/cases/authoring/index.ts,quarantined-import,19,430,f1aa8f2c9412e533ecfc6fd6b639fc100c795673cbbb25ffbce2754d7cb4e2ed,inventory only; see report for traced paths
apps/modules/faultlinelab/source/artifacts/faultline-lab/src/data/cases/authoring/schema.ts,quarantined-import,75,2178,22e30940496dddd10eea46e332f1d01b3db686a1b84345467b7f0052d87d6b1d,inventory only; see report for traced paths
apps/modules/faultlinelab/source/artifacts/faultline-lab/src/data/cases/authoring/templates.ts,quarantined-import,240,10825,2d0abdd062c7333a06d819a84231de31359a3d5156f73d9e2a2760c68f1ac6a7,inventory only; see report for traced paths
apps/modules/faultlinelab/source/artifacts/faultline-lab/src/data/cases/authoring/validate.ts,quarantined-import,185,6689,135d0a0547d8a3a364ebd4f1b75932e13f988e37eaa0385ee942081cadd7deb3,inventory only; see report for traced paths
apps/modules/faultlinelab/source/artifacts/faultline-lab/src/data/cases/automotive-case.ts,quarantined-import,85,15054,b6b6814eac1aa8d431e4392ca348b066f5ae4c81e936e979718da5ed79809be0,inventory only; see report for traced paths
apps/modules/faultlinelab/source/artifacts/faultline-lab/src/data/cases/electronics-sensor-case.ts,quarantined-import,86,17892,a9f4f71dfbbc4d72b2fcdcf973784815b8b86462f1e216a2167f476baa57edb0,inventory only; see report for traced paths
apps/modules/faultlinelab/source/artifacts/faultline-lab/src/data/cases/index.ts,quarantined-import,67,2246,eca20077b2c87077e5f09ea3797896865196593914e39c4beb4dd6440df5ed53,inventory only; see report for traced paths
apps/modules/faultlinelab/source/artifacts/faultline-lab/src/data/cases/networking-vpn-case.ts,quarantined-import,87,13528,062b0ef40fcef6a72959038006d96799a41c143b9b7248958b9f4a784af2cfa4,inventory only; see report for traced paths
apps/modules/faultlinelab/source/artifacts/faultline-lab/src/data/cases/packs/garage-diagnostics.ts,quarantined-import,586,50910,dd886521822fe60cc3dca96c53194928ce82f3b05363aa5a1740ec96c3df6dbf,inventory only; see report for traced paths
apps/modules/faultlinelab/source/artifacts/faultline-lab/src/data/cases/packs/healthcare-imaging.ts,quarantined-import,593,47128,e84162373495a17a995f5684ddf5362ec5869cd7cc517c59e9e5d9332eea6a4e,inventory only; see report for traced paths
apps/modules/faultlinelab/source/artifacts/faultline-lab/src/data/cases/packs/mixed-cascades.ts,quarantined-import,475,38526,bb1e3696cbd0846e081c7b82902da500959e8ef2e3f80c5e1b4fa506f73de1b3,inventory only; see report for traced paths
apps/modules/faultlinelab/source/artifacts/faultline-lab/src/data/cases/packs/network-ops.ts,quarantined-import,485,49578,765602273a848e304c440e6a5b3bf878fbd7fe6fa330be69fdcb065cdc6823b0,inventory only; see report for traced paths
apps/modules/faultlinelab/source/artifacts/faultline-lab/src/data/cases/packs/sensor-mesh.ts,quarantined-import,477,40575,4fd2ab033219f6cb757502782d60b29c79ec5c23bc80b4467e19ffe00c21c1e9,inventory only; see report for traced paths
apps/modules/faultlinelab/source/artifacts/faultline-lab/src/data/cases/packs/server-graveyard.ts,quarantined-import,485,46751,917c3574b745dde4a9b8684203182a14d6be04ecfb44561536e7db51462e7c54,inventory only; see report for traced paths
apps/modules/faultlinelab/source/artifacts/faultline-lab/src/data/cases/registry.ts,quarantined-import,36,1398,5ca25c279944948c9f5e5b9a36b7a2280e2cd3d19479626c216abd38ca5606f7,inventory only; see report for traced paths
apps/modules/faultlinelab/source/artifacts/faultline-lab/src/data/cases/windows-ad-case.ts,quarantined-import,103,16221,7ccefa1e02fc9312302c9ade9e9f5d7d93fb8bbd612dac7b998790d2a949767b,inventory only; see report for traced paths
apps/modules/faultlinelab/source/artifacts/faultline-lab/src/data/catalog.ts,quarantined-import,499,19237,22b3cf20743f188501235adac3f6628a76f2fd274b3a7636a2c941699db298a5,inventory only; see report for traced paths
apps/modules/faultlinelab/source/artifacts/faultline-lab/src/hooks/use-mobile.tsx,quarantined-import,19,584,d2377fbad5ad2bdf7fa896a68c36ac8bf4aa74a974b2061f77b41ae58d623001,inventory only; see report for traced paths
apps/modules/faultlinelab/source/artifacts/faultline-lab/src/hooks/use-toast.ts,quarantined-import,191,4086,52580e80b7d8e7dfc0eee27f3bc8dfa209e32fe8dc96b8e3e79ed61666348dd7,inventory only; see report for traced paths
apps/modules/faultlinelab/source/artifacts/faultline-lab/src/index.css,quarantined-import,96,2523,aca605c37e2956145bdea3bda66104aa6de82a1a2c63c88ed88398947aef1eda,inventory only; see report for traced paths
apps/modules/faultlinelab/source/artifacts/faultline-lab/src/lib/api.ts,quarantined-import,412,12185,71fc8d11bc45d102924229eea95fb48dea281503dfb1420ae4ef5c0b6751c25b,inventory only; see report for traced paths
apps/modules/faultlinelab/source/artifacts/faultline-lab/src/lib/chaos.ts,quarantined-import,125,3485,a971704f0fe114dc5441a7dcddd9d73a25cab5171cdf8455abcc0a25dcbf1c5f,inventory only; see report for traced paths
apps/modules/faultlinelab/source/artifacts/faultline-lab/src/lib/crossPromoTelemetry.test.ts,quarantined-import,61,2757,9c3e3211faa6445f7419d2a8438a0eb498d13258c5fd6c9976ea88095b5b8f44,inventory only; see report for traced paths
apps/modules/faultlinelab/source/artifacts/faultline-lab/src/lib/crossPromoTelemetry.ts,quarantined-import,81,2723,0309e849b041d8cbb370b12c92028aece3077edd872a66001d5c073813934294,inventory only; see report for traced paths
apps/modules/faultlinelab/source/artifacts/faultline-lab/src/lib/dailyChallenge.ts,quarantined-import,29,888,9a8bd01b7ce6c7c8784a0f41ec67bbdb370014b14bae7b7b36ce1a9edca83f1a,inventory only; see report for traced paths
apps/modules/faultlinelab/source/artifacts/faultline-lab/src/lib/entitlements.test.ts,quarantined-import,214,7466,08c4560ede94bcd130367ef742fc980dfcf9cc117c7ffb2049beb9de30ae2d3d,inventory only; see report for traced paths
apps/modules/faultlinelab/source/artifacts/faultline-lab/src/lib/entitlements.ts,quarantined-import,267,9321,7bfcb34580fb5103410ffa4e946d51ce799b4f081c10b3b7035aae4538e66be3,inventory only; see report for traced paths
apps/modules/faultlinelab/source/artifacts/faultline-lab/src/lib/incidentFreshness.ts,quarantined-import,92,3300,1f0226bf56d36844ff8b75dabbbadca9a3c94fda712c82d7aafa31697605f035,inventory only; see report for traced paths
apps/modules/faultlinelab/source/artifacts/faultline-lab/src/lib/og.test.ts,quarantined-import,49,1707,607b91f5029433c0763611506c4f4df212df9cc0838fa3e76319ada5f04d54f4,inventory only; see report for traced paths
apps/modules/faultlinelab/source/artifacts/faultline-lab/src/lib/persistence.ts,quarantined-import,109,2924,7ff9d86a9cd06a85b72742d0d60e6b88ab2c010f5e1b48243a99cb77c29d1dca,inventory only; see report for traced paths
apps/modules/faultlinelab/source/artifacts/faultline-lab/src/lib/prerenderSeo.test.ts,quarantined-import,60,2233,65b693febdb98cfb946dccb561f10040d06f1e1071601343a7cf626066d70614,inventory only; see report for traced paths
apps/modules/faultlinelab/source/artifacts/faultline-lab/src/lib/recommendations.ts,quarantined-import,148,5967,9950eb81bd3cb18d81658eb9e3b5cea82c4b4a573d4bc7466c04720ab4feb46f,inventory only; see report for traced paths
apps/modules/faultlinelab/source/artifacts/faultline-lab/src/lib/sandboxScenarios.ts,quarantined-import,265,9074,7aaec1258ba4865afca5ef5a2fd50371816fc86b992534113c96a55797645365,inventory only; see report for traced paths
apps/modules/faultlinelab/source/artifacts/faultline-lab/src/lib/seo.ts,quarantined-import,182,6477,79c9d5d4c404b17c5130f2bfba8be5540659da27b60d47b44ac374c1e1068c68,inventory only; see report for traced paths
apps/modules/faultlinelab/source/artifacts/faultline-lab/src/lib/simulation.ts,quarantined-import,502,14644,18ae6a6a2115e272824144979de7776261ed2b646bc16ac12bb62765c5770820,inventory only; see report for traced paths
apps/modules/faultlinelab/source/artifacts/faultline-lab/src/lib/sitemap.test.ts,quarantined-import,20,748,0e016052d1486e8919cb08c3521fa6a5190f76787966071c8049409211048c9a,inventory only; see report for traced paths
apps/modules/faultlinelab/source/artifacts/faultline-lab/src/lib/ssoLanding.test.ts,quarantined-import,56,1706,0ff276f6bff1fc3bec0ecc409cabbe4cdab9a16444bdfe473ff09749f95e7491,inventory only; see report for traced paths
apps/modules/faultlinelab/source/artifacts/faultline-lab/src/lib/ssoLanding.ts,quarantined-import,57,2559,c78396e130879fb627d9b41c33346b30863bac4ce24fbcfdb9306b019f9b7736,inventory only; see report for traced paths
apps/modules/faultlinelab/source/artifacts/faultline-lab/src/lib/utils.ts,quarantined-import,6,172,74a147991a119f1c4cdc25a4d9b22713632fa32eb136e55ab6939b006d71b9d6,inventory only; see report for traced paths
apps/modules/faultlinelab/source/artifacts/faultline-lab/src/main.tsx,quarantined-import,11,343,93256343fc3e465777e1697949b379785fb7d4e9c01e9a5b1e697a7f678f0c68,inventory only; see report for traced paths
apps/modules/faultlinelab/source/artifacts/faultline-lab/src/pages/not-found.tsx,quarantined-import,21,732,d6ce1dabff2cb0630606c8502200a8bb531b7aebb7c864d8863ef896df350dac,inventory only; see report for traced paths
apps/modules/faultlinelab/source/artifacts/faultline-lab/src/stores/useAppStore.ts,quarantined-import,619,19663,52c80b68c3125fd84729081a2f260e0f9df752ddc13e64656bb93e5148f03fce,inventory only; see report for traced paths
apps/modules/faultlinelab/source/artifacts/faultline-lab/src/types/index.ts,quarantined-import,257,6060,9321977a6504751c457a1232a2e54aad88362b7f9332e49fa2e3b37a291cc035,inventory only; see report for traced paths
apps/modules/faultlinelab/source/artifacts/faultline-lab/vite.config.ts,quarantined-import,100,3048,7560e0f305a0a73efc3187f4ec41bd4e4c0a00dfe89c2e2c5cc7ee469e6e6cae,inventory only; see report for traced paths
apps/modules/faultlinelab/source/artifacts/faultline-lab/vitest.config.ts,quarantined-import,17,387,2827f417850398a814c62c8007397bfe02af427c04dc3a6536a666aed7dad971,inventory only; see report for traced paths
apps/modules/faultlinelab/source/lib/api-client-react/src/custom-fetch.ts,quarantined-import,371,11748,162976e9d0bb8860ff32b9c25e3126e947a0badd5af8f0be91d2f5d564423a26,inventory only; see report for traced paths
apps/modules/faultlinelab/source/lib/api-client-react/src/generated/api.schemas.ts,quarantined-import,10,188,dfe3d552b0b7859763c8188902a3030e59f80959df83563c1d9af85f67734750,inventory only; see report for traced paths
apps/modules/faultlinelab/source/lib/api-client-react/src/generated/api.ts,quarantined-import,101,2645,d073618cf084165e8472aa7224efc528aa66b159f39a3c98d3c12376e6e0b2bd,inventory only; see report for traced paths
apps/modules/faultlinelab/source/lib/api-client-react/src/index.ts,quarantined-import,4,198,b3d4fdd4278127eaa4ee3c253b59ac636392f290459e44eb33dd2beaff4fcb5c,inventory only; see report for traced paths
apps/modules/faultlinelab/source/lib/api-spec/orval.config.ts,quarantined-import,72,1875,4405fcf774d84ca551c4f39ac6f5ce009d2eda68119327be5b96077d534eed7b,inventory only; see report for traced paths
apps/modules/faultlinelab/source/lib/api-zod/src/generated/api.ts,quarantined-import,16,312,0eca8f4fc301d00dc262eff7984ad3c1e012fd13ed04aa22d7854bed6892e2d6,inventory only; see report for traced paths
apps/modules/faultlinelab/source/lib/api-zod/src/generated/types/healthStatus.ts,quarantined-import,11,190,dea88fa6850d4ccfe28d6d94152bb170acaeb21053aced7fe0a874d47e9c5f3b,inventory only; see report for traced paths
apps/modules/faultlinelab/source/lib/api-zod/src/generated/types/index.ts,quarantined-import,9,168,c9f735b339e093bc85087526b7b154a2448fbee89cdfcba6445db04946845346,inventory only; see report for traced paths
apps/modules/faultlinelab/source/lib/api-zod/src/index.ts,quarantined-import,2,70,89699bd2b0a25ca0b01a66c59639489e641f63060c4f0fe2747f4c20a6ef9141,inventory only; see report for traced paths
apps/modules/faultlinelab/source/lib/db/drizzle.config.ts,quarantined-import,14,366,fe5188330c72c0f21a8a5b5f0caccbf8e434ad2f2640bffbcf70655ff98a9b36,inventory only; see report for traced paths
apps/modules/faultlinelab/source/lib/db/src/index.ts,quarantined-import,16,432,fce8835334260a94de751c8c586eb1141348aaa143bb2a711a46b6ea5520b83e,inventory only; see report for traced paths
apps/modules/faultlinelab/source/lib/db/src/schema/catalog.ts,quarantined-import,45,1566,cbc8fc21d9b3b129f35cb1739b65be040e75f43de8053a257ae156aa36f06d3d,inventory only; see report for traced paths
apps/modules/faultlinelab/source/lib/db/src/schema/crossPromoClicks.ts,quarantined-import,30,904,bd3498ebb8ced616891e41f5cde86fa3769a83d682ace669cb00536487f14107,inventory only; see report for traced paths
apps/modules/faultlinelab/source/lib/db/src/schema/index.ts,quarantined-import,4,138,c0c03148069cfa97294166ae3684f55608f7c925dd04a219bce76eebad83a523,inventory only; see report for traced paths
apps/modules/faultlinelab/source/lib/db/src/schema/subscriptionRenewalNotices.ts,quarantined-import,24,736,c1049194e1161442ffe44ea066a89cf3ce95449efc395cfef549ce0000fc0095,inventory only; see report for traced paths
apps/modules/faultlinelab/source/lib/db/src/schema/users.ts,quarantined-import,116,5557,d407d29c934e112bc6b5f0ac1ed23a379fa2f359ae1d0dc54f96fef27e40bd14,inventory only; see report for traced paths
apps/modules/faultlinelab/source/scripts/post-merge.sh,quarantined-import,12,522,a558dcdfde35a1e6e54f927d48ebd8f04b0cf3cf14533a51aa8f84750efcaed3,inventory only; see report for traced paths
apps/modules/faultlinelab/source/scripts/run-stripe-e2e.sh,quarantined-import,78,3474,40836b308956e071a1ebc2684260333d5c10829aa00b7208880f6c02896d72c5,inventory only; see report for traced paths
apps/modules/faultlinelab/source/scripts/src/hello.ts,quarantined-import,1,47,867b8e4cd892bd51bf01ca72884a70d28750b5d475b38d060f0721a18c2553fa,inventory only; see report for traced paths
apps/modules/faultlinelab/source/scripts/src/seed-products.ts,quarantined-import,138,5414,78754690e9738e94d03c231354a093d942e1ea6147d9ab7efda34b9e704cd313,inventory only; see report for traced paths
apps/modules/faultlinelab/source/scripts/src/stripeClient.ts,quarantined-import,53,1697,828c08f2ab65200c6dc8bcd46184cee9ed442d27de8cc74f9cb6370d4d8a2585,inventory only; see report for traced paths
apps/modules/faultlinelab/source/scripts/src/test-stripe-flow.ts,quarantined-import,724,27888,34c5af00a38fe8e1a07f0e72a185a7b8e54df3076d9b71b80d8a0587f0a67201,inventory only; see report for traced paths
apps/modules/ninja-launch-kit/source/artifacts/api-server/build.mjs,quarantined-import,126,3581,8133e19ab8526b0f65b5fb0a54911176758f5973b25f01b682a79e76ed8bb54a,inventory only; see report for traced paths
apps/modules/ninja-launch-kit/source/artifacts/api-server/scripts/test-sso-e2e.mjs,quarantined-import,226,8986,d29432a8c57354ea2bfcd3b60000082f262d9c4796479d312a0e7a2a31bb09e1,inventory only; see report for traced paths
apps/modules/ninja-launch-kit/source/artifacts/api-server/scripts/test-sso.mjs,quarantined-import,138,5875,6e5a2825cc473eb0d97149c03c8072d3bbff7fd733c75187ba05943232d86a1c,inventory only; see report for traced paths
apps/modules/ninja-launch-kit/source/artifacts/api-server/src/app.ts,quarantined-import,95,3158,a69f7cd054b8f680c0d447868f8bce811ba94c657e718f8b2a6111c771006648,inventory only; see report for traced paths
apps/modules/ninja-launch-kit/source/artifacts/api-server/src/index.ts,quarantined-import,48,1438,ea54e1edf9913ec522f43d74000bb1789719a42d4a139a2f889b82c2d7dc17c7,inventory only; see report for traced paths
apps/modules/ninja-launch-kit/source/artifacts/api-server/src/lib/ai-generator.ts,quarantined-import,95,4056,b5231aff90890435a2414ff7db821a8283c75579b30fdd629fd43d4498bafea8,inventory only; see report for traced paths
apps/modules/ninja-launch-kit/source/artifacts/api-server/src/lib/env.ts,quarantined-import,104,4593,02341a39c181a8b1082a38748de62f41f82d92813effe4b1a0c392121a6cd8fa,inventory only; see report for traced paths
apps/modules/ninja-launch-kit/source/artifacts/api-server/src/lib/features.ts,quarantined-import,66,1789,57ebb1d129de5e32c63ae9b9f4f0d483f5217cf9e5f6d3ed5969c2bc8c116aba,inventory only; see report for traced paths
apps/modules/ninja-launch-kit/source/artifacts/api-server/src/lib/generator.ts,quarantined-import,374,16148,f6b155cfc2322e30eb0524fdbbcfeb5888fcb982b39583e4a7567b9be3f350cf,inventory only; see report for traced paths
apps/modules/ninja-launch-kit/source/artifacts/api-server/src/lib/http-errors.ts,quarantined-import,20,690,96c91bdc02acc0a82bde4556e2d2c578aa1ff5cfd05ec5883f3a702ede381334,inventory only; see report for traced paths
apps/modules/ninja-launch-kit/source/artifacts/api-server/src/lib/launch-templates.ts,quarantined-import,954,44038,0f16412b4697e0c50253c530def847e6333aac91651cf85c0176b4cc829d2f1c,inventory only; see report for traced paths
apps/modules/ninja-launch-kit/source/artifacts/api-server/src/lib/logger.ts,quarantined-import,20,441,61936304bfdbd72987ee561605fb9da3fecad8d2a52c5c9f8557734855d1a4a0,inventory only; see report for traced paths
apps/modules/ninja-launch-kit/source/artifacts/api-server/src/lib/rate-limit.ts,quarantined-import,42,1357,e2651434b3538ba79fc7d65540e5df77bc179a73672d7c73e834bbe42afd3fa2,inventory only; see report for traced paths
apps/modules/ninja-launch-kit/source/artifacts/api-server/src/lib/seed.ts,quarantined-import,132,5069,7b311712fed915af1fb41d38135bc96f2600419dcb14327cb3363879b1104ef5,inventory only; see report for traced paths
apps/modules/ninja-launch-kit/source/artifacts/api-server/src/lib/session.ts,quarantined-import,132,3772,35af4a18b7780ebed31f3222178f39fe21d24afa31f95a17d2492f41cb0fa444,inventory only; see report for traced paths
apps/modules/ninja-launch-kit/source/artifacts/api-server/src/lib/sso.ts,quarantined-import,212,7316,80f306850fd8e4cf36b59200ed40d701d833be3eaa7467472be6e38a016aa915,inventory only; see report for traced paths
apps/modules/ninja-launch-kit/source/artifacts/api-server/src/lib/stripe.ts,quarantined-import,38,1364,8206c9c32f6482d983de16261ae9810c94369fa6c1069d6ac94defd6e605f0a0,inventory only; see report for traced paths
apps/modules/ninja-launch-kit/source/artifacts/api-server/src/lib/visual-promo.ts,quarantined-import,670,32997,0f9392c937cf240ec2b8bfa4e12f80e559f3e2639d527807298ea7335a263c7c,inventory only; see report for traced paths
apps/modules/ninja-launch-kit/source/artifacts/api-server/src/routes/admin.ts,quarantined-import,126,4732,da4a1e93fce2421db94705154489ff873d7215c2d949d5ed737395c8f26a7bd0,inventory only; see report for traced paths
apps/modules/ninja-launch-kit/source/artifacts/api-server/src/routes/billing.ts,quarantined-import,266,8975,d47802cc268fa955ee4e6b12b290b71c5f891573d40f59a78d57c75ef3254299,inventory only; see report for traced paths
apps/modules/ninja-launch-kit/source/artifacts/api-server/src/routes/brands.ts,quarantined-import,130,4533,9f95e914e48e0db10f7bd8db4b61fa0c40035b376ec971923a1223afadb84ebe,inventory only; see report for traced paths
apps/modules/ninja-launch-kit/source/artifacts/api-server/src/routes/dashboard.ts,quarantined-import,80,3003,655aa4d9c56e6576fd95f050acb63e99743403fae30b4fcdb908a17b2e079664,inventory only; see report for traced paths
apps/modules/ninja-launch-kit/source/artifacts/api-server/src/routes/health.ts,quarantined-import,26,864,1abfed573941fbd6080d8ae6d8557c1ad516f0aaf30a5dc4f7379d7f119cab71,inventory only; see report for traced paths
apps/modules/ninja-launch-kit/source/artifacts/api-server/src/routes/index.ts,quarantined-import,26,786,278bc3a85433cda0b4d9c1fe9a012ba868e38ce051e7cb309e43be36ce67127e,inventory only; see report for traced paths
apps/modules/ninja-launch-kit/source/artifacts/api-server/src/routes/kits.ts,quarantined-import,368,12620,0411365f4560c3dfdf753bf47a83b9e83da465b1f40b75408bbaed4526e0fc11,inventory only; see report for traced paths
apps/modules/ninja-launch-kit/source/artifacts/api-server/src/routes/session.ts,quarantined-import,112,3888,c66b94158105dd8b3421ab935105e17986ee085467e4a5ae4000dcc394b70d94,inventory only; see report for traced paths
apps/modules/ninja-launch-kit/source/artifacts/api-server/src/routes/sso.ts,quarantined-import,130,4096,2aa8341a5354cc720e74181d227abb7a36ce1f18b8bf582e438a74d028be22b5,inventory only; see report for traced paths
apps/modules/ninja-launch-kit/source/artifacts/api-server/src/routes/templates.ts,quarantined-import,85,2682,af77d661be570509386a5dd67fc742c8ea5f4ee42c5423421fc66a64e560cae9,inventory only; see report for traced paths
apps/modules/ninja-launch-kit/source/artifacts/api-server/src/routes/visual-promo.ts,quarantined-import,148,5070,ea28063be1fd63ce56e53804d5a2875dc4244f555c622a3ab20fca8167d8b4c9,inventory only; see report for traced paths
apps/modules/ninja-launch-kit/source/artifacts/api-server/src/routes/webhook.ts,quarantined-import,178,6953,7a767fec95edc4580bf51ee40bf193859a0c627f1d0b5db049b96eb368d08e18,inventory only; see report for traced paths
apps/modules/ninja-launch-kit/source/artifacts/ninjalaunchkit/scripts/render-public-assets.mjs,quarantined-import,45,1788,4acbbe5d19edf0479dab13f61366e17f640dbc0588f086311cd36048284153cc,inventory only; see report for traced paths
apps/modules/ninja-launch-kit/source/artifacts/ninjalaunchkit/src/App.tsx,quarantined-import,132,4236,1bc60c6df609e06797db8ed776377c1f1867ef1e620cef3f0604bf185d582214,inventory only; see report for traced paths
apps/modules/ninja-launch-kit/source/artifacts/ninjalaunchkit/src/components/VisualPromoTab.tsx,quarantined-import,318,11990,4891f77a91f815ed85e245e5f77de14b4177189a62c36bbd4be7ec8f0fe11dd9,inventory only; see report for traced paths
apps/modules/ninja-launch-kit/source/artifacts/ninjalaunchkit/src/components/layout/AppLayout.tsx,quarantined-import,137,5344,232234dbb6472dfff5ed0bd42d93ac0ec6b3e782d067f9202aef1109bb76e022,inventory only; see report for traced paths
apps/modules/ninja-launch-kit/source/artifacts/ninjalaunchkit/src/components/layout/PublicLayout.tsx,quarantined-import,44,2732,63396a5c6c851d054f478bbf4bddc5e912ebb3a9060afb97734eba6951ebcf8e,inventory only; see report for traced paths
apps/modules/ninja-launch-kit/source/artifacts/ninjalaunchkit/src/components/ui/accordion.tsx,quarantined-import,55,2056,fff47c151b7b1beedd3cdd38f1bb80b28b0152a7d4e323a50b519471dba5206c,inventory only; see report for traced paths
apps/modules/ninja-launch-kit/source/artifacts/ninjalaunchkit/src/components/ui/alert-dialog.tsx,quarantined-import,139,4558,954aa5d2030eac91726054666e81113f22a709fc3d2786e5e6907384ede58dc3,inventory only; see report for traced paths
apps/modules/ninja-launch-kit/source/artifacts/ninjalaunchkit/src/components/ui/alert.tsx,quarantined-import,59,1657,dfac5998c66e5651323d913a1a3d4548e9a3cad94819950e0f6ab36c6ea92c15,inventory only; see report for traced paths
apps/modules/ninja-launch-kit/source/artifacts/ninjalaunchkit/src/components/ui/aspect-ratio.tsx,quarantined-import,5,145,62f29cd87c19f52d403dc2d17823849db2c8cbd541c9f96de20ef13e58d379db,inventory only; see report for traced paths
apps/modules/ninja-launch-kit/source/artifacts/ninjalaunchkit/src/components/ui/avatar.tsx,quarantined-import,50,1469,4ee6fbff6d693bf5b76f1b30e4cd55de6c6343c46a51e636c3e3b8a911fa7ec0,inventory only; see report for traced paths
apps/modules/ninja-launch-kit/source/artifacts/ninjalaunchkit/src/components/ui/badge.tsx,quarantined-import,43,1565,8e1871d6160d067a687beb25f850fa12dfc30d19356fdaa27ae6f7fd17e1fe02,inventory only; see report for traced paths
apps/modules/ninja-launch-kit/source/artifacts/ninjalaunchkit/src/components/ui/breadcrumb.tsx,quarantined-import,115,2827,76807d2c1be3d1e5e0e055ffbecd8451acfc71db6a7aa3c8660631d7603d517f,inventory only; see report for traced paths
apps/modules/ninja-launch-kit/source/artifacts/ninjalaunchkit/src/components/ui/button-group.tsx,quarantined-import,83,2292,f42ab464f85e682be5dd43e069543ddfbc0938d856665304092a5eba3d4cd0c9,inventory only; see report for traced paths
apps/modules/ninja-launch-kit/source/artifacts/ninjalaunchkit/src/components/ui/button.tsx,quarantined-import,65,2421,d0a176bc30348fb86aa581029fe6091db105aca2e372fd12a5fb98b3606a073b,inventory only; see report for traced paths
apps/modules/ninja-launch-kit/source/artifacts/ninjalaunchkit/src/components/ui/calendar.tsx,quarantined-import,213,7782,c95bd7c60cd25365707126852c718ea6ebdd1be2c487cb7c5d88e4be14ad4634,inventory only; see report for traced paths
apps/modules/ninja-launch-kit/source/artifacts/ninjalaunchkit/src/components/ui/card.tsx,quarantined-import,76,1904,c58a39198aab485b7bec9dde033dca0b25be3fce06c00a101c2561dceff775a1,inventory only; see report for traced paths
apps/modules/ninja-launch-kit/source/artifacts/ninjalaunchkit/src/components/ui/carousel.tsx,quarantined-import,260,6470,d48a52f0bc5161c47ee818c88bebedea98c14742a1e4d3c76639a612ddbb376a,inventory only; see report for traced paths
apps/modules/ninja-launch-kit/source/artifacts/ninjalaunchkit/src/components/ui/chart.tsx,quarantined-import,367,11130,e38a709f24713b27f4fc90ddb140b90f784bb5dbfc81ae4c89f8b34b20bdfcc6,inventory only; see report for traced paths
apps/modules/ninja-launch-kit/source/artifacts/ninjalaunchkit/src/components/ui/checkbox.tsx,quarantined-import,28,1059,a90725bcc6583cbced083484e8051582284f5374acc1585e0a742f1c21925cad,inventory only; see report for traced paths
apps/modules/ninja-launch-kit/source/artifacts/ninjalaunchkit/src/components/ui/collapsible.tsx,quarantined-import,11,340,bc854800960ef4129d4679a7c4a6b5091e7038adc03698e4529d0c9b5af0d831,inventory only; see report for traced paths
apps/modules/ninja-launch-kit/source/artifacts/ninjalaunchkit/src/components/ui/command.tsx,quarantined-import,153,5040,65332ac050fabef0c860273d8d97be14a6a33b8d3b7cfb1599aded26622f0246,inventory only; see report for traced paths
apps/modules/ninja-launch-kit/source/artifacts/ninjalaunchkit/src/components/ui/context-menu.tsx,quarantined-import,198,7604,f875c1dc21224f223d27962338e983589c014a6980bd03c5f1b651ebb7471345,inventory only; see report for traced paths
apps/modules/ninja-launch-kit/source/artifacts/ninjalaunchkit/src/components/ui/dialog.tsx,quarantined-import,120,3955,8a4215777ab3e381c840c0708818dbf4799d6fe3ba44f39cbae0da0b3e0bcab1,inventory only; see report for traced paths
apps/modules/ninja-launch-kit/source/artifacts/ninjalaunchkit/src/components/ui/drawer.tsx,quarantined-import,116,3123,9710f71dcf19d52d2e757ea2f364a03b4bd4546161f4bbebfdd8a829a382748a,inventory only; see report for traced paths
apps/modules/ninja-launch-kit/source/artifacts/ninjalaunchkit/src/components/ui/dropdown-menu.tsx,quarantined-import,201,7807,8d02514fbfde8abddd519887fa2332fe151428f54c0f46d07466e77a49b2b70f,inventory only; see report for traced paths
apps/modules/ninja-launch-kit/source/artifacts/ninjalaunchkit/src/components/ui/empty.tsx,quarantined-import,104,2500,954873c4438f866bc417e36f7745000c16a8851b59609bdc310bb027c2918953,inventory only; see report for traced paths
apps/modules/ninja-launch-kit/source/artifacts/ninjalaunchkit/src/components/ui/field.tsx,quarantined-import,244,6288,a4808670f918794e5402bf9753e9009a75a29868a1f9ff4f399260a0a3513381,inventory only; see report for traced paths
apps/modules/ninja-launch-kit/source/artifacts/ninjalaunchkit/src/components/ui/form.tsx,quarantined-import,176,4351,377975a4e6a9da67a52d097d59a03a398e9023a45cd5a5cc79de25b6bb6a4a92,inventory only; see report for traced paths
apps/modules/ninja-launch-kit/source/artifacts/ninjalaunchkit/src/components/ui/hover-card.tsx,quarantined-import,27,1264,7bef587e8c6ff88faae02c1dc58572a794f88950459edb4a409070f5ef7bc290,inventory only; see report for traced paths
apps/modules/ninja-launch-kit/source/artifacts/ninjalaunchkit/src/components/ui/input-group.tsx,quarantined-import,168,5139,6d7a49acb2cbb08a0abb911f41deb0d097d2b1a1a8647959c5ebbd4fe37aaa75,inventory only; see report for traced paths
apps/modules/ninja-launch-kit/source/artifacts/ninjalaunchkit/src/components/ui/input-otp.tsx,quarantined-import,69,2212,d7699cf34d1a4cfd88c3da711cf6a193cd72e1f5b0ffc6b392fe9f35d0125f29,inventory only; see report for traced paths
apps/modules/ninja-launch-kit/source/artifacts/ninjalaunchkit/src/components/ui/input.tsx,quarantined-import,22,790,cacc180f0367350b3fe134949e04a562e027878131faadabeb300148c6cd84fb,inventory only; see report for traced paths
apps/modules/ninja-launch-kit/source/artifacts/ninjalaunchkit/src/components/ui/item.tsx,quarantined-import,193,4687,f93d19a3e63b621b16d8ffaabb531c10b3b5611153e14079a187a9d76a78fab8,inventory only; see report for traced paths
apps/modules/ninja-launch-kit/source/artifacts/ninjalaunchkit/src/components/ui/kbd.tsx,quarantined-import,28,890,dd4b76a2c84f23bb410a1361c8355332ad8d0e99bc348cec8fd626c26c50540c,inventory only; see report for traced paths
apps/modules/ninja-launch-kit/source/artifacts/ninjalaunchkit/src/components/ui/label.tsx,quarantined-import,26,750,8253ee4179284de5d037eee03b55f4499b04ff41ddfa60b3176ea28d4bdc301c,inventory only; see report for traced paths
apps/modules/ninja-launch-kit/source/artifacts/ninjalaunchkit/src/components/ui/menubar.tsx,quarantined-import,254,8862,95dff8f7a917b42de3f413df3c5f7615cf158ae4ed9129642eff59ba9d352d0c,inventory only; see report for traced paths
apps/modules/ninja-launch-kit/source/artifacts/ninjalaunchkit/src/components/ui/navigation-menu.tsx,quarantined-import,128,5252,f8ba72ac1edf867f20e940b5b99212d98ebd7d5a2132eaf6a98130209080bb2e,inventory only; see report for traced paths
apps/modules/ninja-launch-kit/source/artifacts/ninjalaunchkit/src/components/ui/pagination.tsx,quarantined-import,117,2868,e3cc6dfb9d84cf94a00b1c61e188ff19ab9cc5558ef046944d90bd6e2de55d31,inventory only; see report for traced paths
apps/modules/ninja-launch-kit/source/artifacts/ninjalaunchkit/src/components/ui/popover.tsx,quarantined-import,31,1373,c700d123e6729b734ac3b13a44947d2ef9180b56dc9a72e8a1768ea8b943bc93,inventory only; see report for traced paths
apps/modules/ninja-launch-kit/source/artifacts/ninjalaunchkit/src/components/ui/progress.tsx,quarantined-import,28,820,0e52f6bdff8b18385effd7845819cbe78fbe565e76509c08d9e072ddd474c566,inventory only; see report for traced paths
apps/modules/ninja-launch-kit/source/artifacts/ninjalaunchkit/src/components/ui/radio-group.tsx,quarantined-import,42,1452,7fe8ffedbabac6b82d277b086b774f9ee57d9184d1ab13452d77ceda489c5c99,inventory only; see report for traced paths
apps/modules/ninja-launch-kit/source/artifacts/ninjalaunchkit/src/components/ui/resizable.tsx,quarantined-import,45,1768,bbb236cf580525f2f1f7e40404d34c03cf806c02eee8404891f72fcf5034ec31,inventory only; see report for traced paths
apps/modules/ninja-launch-kit/source/artifacts/ninjalaunchkit/src/components/ui/scroll-area.tsx,quarantined-import,46,1688,5bbf2efc963f2a62d9f9d41fdf2a96f798ad409ee2a1fdb1fe51da947d882dc7,inventory only; see report for traced paths
apps/modules/ninja-launch-kit/source/artifacts/ninjalaunchkit/src/components/ui/select.tsx,quarantined-import,159,5904,41c332da1a05575ee9f45650301efcdaa62b01b237c831d779ab23f034f535c7,inventory only; see report for traced paths
apps/modules/ninja-launch-kit/source/artifacts/ninjalaunchkit/src/components/ui/separator.tsx,quarantined-import,29,785,1e2f9c2eab409bf25614f4e0b495b9a67646e92a0a7d1a033afaada64fdb1b78,inventory only; see report for traced paths
apps/modules/ninja-launch-kit/source/artifacts/ninjalaunchkit/src/components/ui/sheet.tsx,quarantined-import,140,4420,72edc44a754350bb77fcd9bfd621f3b8b98fba5e85aa72d7555912b1e2ea6faf,inventory only; see report for traced paths
apps/modules/ninja-launch-kit/source/artifacts/ninjalaunchkit/src/components/ui/sidebar.tsx,quarantined-import,727,22573,3a36ba9f139af5708d6aa1f0fc620085e4b2e9fcc1e58e35ee1933a0c9ac07ce,inventory only; see report for traced paths
apps/modules/ninja-launch-kit/source/artifacts/ninjalaunchkit/src/components/ui/skeleton.tsx,quarantined-import,15,281,91e3bb69a8b91319442ae4aa4203407044b90bd43703c3aa8f011d43f844fe43,inventory only; see report for traced paths
apps/modules/ninja-launch-kit/source/artifacts/ninjalaunchkit/src/components/ui/slider.tsx,quarantined-import,26,1063,f2c30f700b5a8dfd342413ca266f7618b39dac0ca50e7101adefd0b68afb3478,inventory only; see report for traced paths
apps/modules/ninja-launch-kit/source/artifacts/ninjalaunchkit/src/components/ui/sonner.tsx,quarantined-import,31,925,16ab4f1f4c538f3991751b31c64d930b44a4d20caef51629ee13c3517db9a986,inventory only; see report for traced paths
apps/modules/ninja-launch-kit/source/artifacts/ninjalaunchkit/src/components/ui/spinner.tsx,quarantined-import,16,347,cbf9073613aed22ffd4ba21219adc1d1b8dce311d4280800f772b5eae587eeff,inventory only; see report for traced paths
apps/modules/ninja-launch-kit/source/artifacts/ninjalaunchkit/src/components/ui/switch.tsx,quarantined-import,27,1175,08711f3d92da7c10c8f84d30984870628331e66212fb9f618da24d1a803a4dee,inventory only; see report for traced paths
apps/modules/ninja-launch-kit/source/artifacts/ninjalaunchkit/src/components/ui/table.tsx,quarantined-import,120,2979,865e3fca4936c02b58beab4509abcb468449fd2ee2ebdc3aebdd23ee3bfd982b,inventory only; see report for traced paths
apps/modules/ninja-launch-kit/source/artifacts/ninjalaunchkit/src/components/ui/tabs.tsx,quarantined-import,53,1930,8134e14b016e1f3846640c2bc8a2c6438c289da6b8ce1d04362a101ef62d45a7,inventory only; see report for traced paths
apps/modules/ninja-launch-kit/source/artifacts/ninjalaunchkit/src/components/ui/textarea.tsx,quarantined-import,22,671,c3b95caa4b59e88f09752932dc93d289f9e3758fd0eff9b029f8e6d453dcea03,inventory only; see report for traced paths
apps/modules/ninja-launch-kit/source/artifacts/ninjalaunchkit/src/components/ui/toast.tsx,quarantined-import,127,4972,2da684420d53b7826485853a5f433bc794eb8a3fa3ca99db7cabb59974dfff38,inventory only; see report for traced paths
apps/modules/ninja-launch-kit/source/artifacts/ninjalaunchkit/src/components/ui/toaster.tsx,quarantined-import,33,805,d336e69dc56f72df1da448f1f39eedddb3b7e0dd0e5a69ca5be8db7acb32b7e4,inventory only; see report for traced paths
apps/modules/ninja-launch-kit/source/artifacts/ninjalaunchkit/src/components/ui/toggle-group.tsx,quarantined-import,61,1814,04c1ac2983a3b790295fae9a0c475b32c61d6c49954e65eb38b54fa9af09f9dc,inventory only; see report for traced paths
apps/modules/ninja-launch-kit/source/artifacts/ninjalaunchkit/src/components/ui/toggle.tsx,quarantined-import,43,1529,950f6552560c82c4f7c8ad15568acb0ce59ee6305afe8b2df92a0b4c60a1d478,inventory only; see report for traced paths
apps/modules/ninja-launch-kit/source/artifacts/ninjalaunchkit/src/components/ui/tooltip.tsx,quarantined-import,32,1299,f3b91d8e764ae4bf78e0bf44a62cd8ef2503a251a7824ee062f0cd864caffdf6,inventory only; see report for traced paths
apps/modules/ninja-launch-kit/source/artifacts/ninjalaunchkit/src/hooks/use-mobile.tsx,quarantined-import,19,584,d2377fbad5ad2bdf7fa896a68c36ac8bf4aa74a974b2061f77b41ae58d623001,inventory only; see report for traced paths
apps/modules/ninja-launch-kit/source/artifacts/ninjalaunchkit/src/hooks/use-toast.ts,quarantined-import,191,4086,52580e80b7d8e7dfc0eee27f3bc8dfa209e32fe8dc96b8e3e79ed61666348dd7,inventory only; see report for traced paths
apps/modules/ninja-launch-kit/source/artifacts/ninjalaunchkit/src/index.css,quarantined-import,301,10815,80fd67686416d851b3a8b474cbb6c30e7ad918448885ef156ae17cf916df8f3e,inventory only; see report for traced paths
apps/modules/ninja-launch-kit/source/artifacts/ninjalaunchkit/src/lib/plan-error.ts,quarantined-import,35,1062,bf49506048ab857842ab85508fac7ab206d91df0c6a6a0b956d03f348a01aec7,inventory only; see report for traced paths
apps/modules/ninja-launch-kit/source/artifacts/ninjalaunchkit/src/lib/utils.ts,quarantined-import,6,172,74a147991a119f1c4cdc25a4d9b22713632fa32eb136e55ab6939b006d71b9d6,inventory only; see report for traced paths
apps/modules/ninja-launch-kit/source/artifacts/ninjalaunchkit/src/main.tsx,quarantined-import,7,213,0fab975c581bc5b028d7b42bbeeb669b2ee5377d6ca2fd0fb7f12f29ddd34166,inventory only; see report for traced paths
apps/modules/ninja-launch-kit/source/artifacts/ninjalaunchkit/src/pages/account.tsx,quarantined-import,240,11210,13834c1fbb62e6f8913f81da8e6321e4aed76ba690e2fc209fb262ff13532e8f,inventory only; see report for traced paths
apps/modules/ninja-launch-kit/source/artifacts/ninjalaunchkit/src/pages/admin.tsx,quarantined-import,200,9246,2cf349d80cc4ab51e41aceff0aec6ece4690b383f81549d980eb6852a96f5c07,inventory only; see report for traced paths
apps/modules/ninja-launch-kit/source/artifacts/ninjalaunchkit/src/pages/brands.tsx,quarantined-import,311,15069,039cb8e3ae46549cb3a61281db61790abb8772b7b17176976c60eb604a8ea9ca,inventory only; see report for traced paths
apps/modules/ninja-launch-kit/source/artifacts/ninjalaunchkit/src/pages/builder.tsx,quarantined-import,334,15992,083edc1d70214ca1a6055f176d4c2e8829d83fd378d36be1d49ce7742d6a4f20,inventory only; see report for traced paths
apps/modules/ninja-launch-kit/source/artifacts/ninjalaunchkit/src/pages/contact.tsx,quarantined-import,107,4130,34fe5cf2d36da7aaaa58e61bc302412ab577df959b89dc769972f6ec2856e55e,inventory only; see report for traced paths
apps/modules/ninja-launch-kit/source/artifacts/ninjalaunchkit/src/pages/dashboard.tsx,quarantined-import,273,13169,fa4325fb58a834436bc1bffe64789cb3f3221353dd170ce26bb7dfec8adc2a5e,inventory only; see report for traced paths
apps/modules/ninja-launch-kit/source/artifacts/ninjalaunchkit/src/pages/exports.tsx,quarantined-import,74,3464,52bfe3d9653d68311508b6cdd3e647ae4a6080636e9d95722568058c7db64dc2,inventory only; see report for traced paths
apps/modules/ninja-launch-kit/source/artifacts/ninjalaunchkit/src/pages/kit-detail.tsx,quarantined-import,412,22026,5a2202619115bf6adf657470aba1bc54cb0496271942298447e83ba7d6374f2f,inventory only; see report for traced paths
apps/modules/ninja-launch-kit/source/artifacts/ninjalaunchkit/src/pages/kits.tsx,quarantined-import,212,9920,f8ea9f4d8192ec9f442265f095d4c2715e5dfb59ef32e909c7680973e3b4439c,inventory only; see report for traced paths
apps/modules/ninja-launch-kit/source/artifacts/ninjalaunchkit/src/pages/landing.tsx,quarantined-import,549,31783,02c0ee4595d70f9e524e4403338717076ff443f040a7ab834ae94d6a1ed2ee2f,inventory only; see report for traced paths
apps/modules/ninja-launch-kit/source/artifacts/ninjalaunchkit/src/pages/login.tsx,quarantined-import,81,3100,d57f31ce93837c17b45828893378250c7bc625fddeee210f17be2d8f6a499840,inventory only; see report for traced paths
apps/modules/ninja-launch-kit/source/artifacts/ninjalaunchkit/src/pages/not-found.tsx,quarantined-import,21,732,d6ce1dabff2cb0630606c8502200a8bb531b7aebb7c864d8863ef896df350dac,inventory only; see report for traced paths
apps/modules/ninja-launch-kit/source/artifacts/ninjalaunchkit/src/pages/pricing.tsx,quarantined-import,128,5840,8859909aff55421656fe6746713f454f82a01192187f1421ca881fb999bf68d2,inventory only; see report for traced paths
apps/modules/ninja-launch-kit/source/artifacts/ninjalaunchkit/src/pages/privacy.tsx,quarantined-import,19,1254,6c42aa2ed415dad15bf0a70c7ad655fd3d17d39e4f079b92addda2c56a8daea0,inventory only; see report for traced paths
apps/modules/ninja-launch-kit/source/artifacts/ninjalaunchkit/src/pages/signup.tsx,quarantined-import,96,3714,82da6ec14752df8d0061ccd5fa8a7b2ee10b52a316fcb4b286f1d88b4a147a38,inventory only; see report for traced paths
apps/modules/ninja-launch-kit/source/artifacts/ninjalaunchkit/src/pages/template-detail.tsx,quarantined-import,186,7671,186e7dd12f9338935afa87994cba0f7dd07833119b2500dfd0d2999ebe1d029c,inventory only; see report for traced paths
apps/modules/ninja-launch-kit/source/artifacts/ninjalaunchkit/src/pages/templates.tsx,quarantined-import,166,7112,139f2a60f622499c68cae06cdb6484c0e84022fd7d9f81139e63df2dfafed0a7,inventory only; see report for traced paths
apps/modules/ninja-launch-kit/source/artifacts/ninjalaunchkit/src/pages/terms.tsx,quarantined-import,22,1555,006d999c63e73b343e95f1b783edd3a81ddc9259765c375c274b0437dd41d8e2,inventory only; see report for traced paths
apps/modules/ninja-launch-kit/source/artifacts/ninjalaunchkit/vite.config.ts,quarantined-import,75,1836,d8ed95b4c6f240de23a4c32b85ba83f891d96309b8792f0ffd420aed955613aa,inventory only; see report for traced paths
apps/modules/ninja-launch-kit/source/lib/api-client-react/src/custom-fetch.ts,quarantined-import,376,11796,14642de72a1c2e885b556e52187493af0cd2b75711ff4c9a0e15043283efef35,inventory only; see report for traced paths
apps/modules/ninja-launch-kit/source/lib/api-client-react/src/generated/api.schemas.ts,quarantined-import,639,14007,171a9dd014a27c2936a8ee298ceddd8b3920acdae4e6bec4a9e97326f51292cf,inventory only; see report for traced paths
apps/modules/ninja-launch-kit/source/lib/api-client-react/src/generated/api.ts,quarantined-import,3144,87941,2c61ff599a8cf4c5fec8e8618e4a193d523d3e70cfdfe7b9b638b57344f302f8,inventory only; see report for traced paths
apps/modules/ninja-launch-kit/source/lib/api-client-react/src/index.ts,quarantined-import,4,198,b3d4fdd4278127eaa4ee3c253b59ac636392f290459e44eb33dd2beaff4fcb5c,inventory only; see report for traced paths
apps/modules/ninja-launch-kit/source/lib/api-spec/orval.config.ts,quarantined-import,72,1875,4405fcf774d84ca551c4f39ac6f5ce009d2eda68119327be5b96077d534eed7b,inventory only; see report for traced paths
apps/modules/ninja-launch-kit/source/lib/api-zod/src/generated/api.ts,quarantined-import,1008,26522,ed5e97d2ce519f350ade2de697fa90c8ac972337c314b82e554c8bfa3d388e06,inventory only; see report for traced paths
apps/modules/ninja-launch-kit/source/lib/api-zod/src/generated/types/activityItem.ts,quarantined-import,16,334,250b286e2982aaf5811b531f917103e614c8d13a9ecfbece33c565b7df87b72a,inventory only; see report for traced paths
apps/modules/ninja-launch-kit/source/lib/api-zod/src/generated/types/activityItemKind.ts,quarantined-import,17,379,3c10625fab3b2425a53de817a05fa9de97d697f6dc4b17129f330e96ee6906f9,inventory only; see report for traced paths
apps/modules/ninja-launch-kit/source/lib/api-zod/src/generated/types/adminSettings.ts,quarantined-import,13,244,ba72f0ffa7ecb5ef5aff381c30540de586f517111026ad175ddae24effbdddc6,inventory only; see report for traced paths
apps/modules/ninja-launch-kit/source/lib/api-zod/src/generated/types/adminStats.ts,quarantined-import,16,304,5ca0315bc31b0881ef649904cba31e5610adc659768b6df8851e5bf104f7c5ac,inventory only; see report for traced paths
apps/modules/ninja-launch-kit/source/lib/api-zod/src/generated/types/adminUser.ts,quarantined-import,17,339,548fba06526378f4156bda0d1db90fa293833d99f6193fe91096135bf1fa1eb2,inventory only; see report for traced paths
apps/modules/ninja-launch-kit/source/lib/api-zod/src/generated/types/adminUserPlan.ts,quarantined-import,15,317,b1fe51f8dd26dacf43bf2d204809249894c08f16ca8a7bb3322014dacb2480f7,inventory only; see report for traced paths
apps/modules/ninja-launch-kit/source/lib/api-zod/src/generated/types/brandProfile.ts,quarantined-import,19,351,2e35ceda2b7f4d1f25469651cd68b31c604b637137d4994855c5f2cbba5d2221,inventory only; see report for traced paths
apps/modules/ninja-launch-kit/source/lib/api-zod/src/generated/types/checkoutBody.ts,quarantined-import,12,268,a8191f9c9f2f45af95b8130c6c185e3b2ceb0d29df7bf805b9c1bea75be640a9,inventory only; see report for traced paths
apps/modules/ninja-launch-kit/source/lib/api-zod/src/generated/types/checkoutBodyPlanId.ts,quarantined-import,15,323,0f688ee65d35c1c1efaa827194a0e5807eaf850369b1b9e97494649702fa62c7,inventory only; see report for traced paths
apps/modules/ninja-launch-kit/source/lib/api-zod/src/generated/types/checkoutResponse.ts,quarantined-import,15,338,223c9be693ae1f6ebf1cfd83965b7d099cfe077425bfa502a215506396cdb63a,inventory only; see report for traced paths
apps/modules/ninja-launch-kit/source/lib/api-zod/src/generated/types/checkoutResponsePlan.ts,quarantined-import,16,348,a342915829cef16949b76ba25c832ee072bad6991bee71a7cc7a062bcccda59b,inventory only; see report for traced paths
apps/modules/ninja-launch-kit/source/lib/api-zod/src/generated/types/contactBody.ts,quarantined-import,13,226,b5e9512aa585cee049abe58fa010bac4d9f4bd800cb2723640d267f95e67f8fa,inventory only; see report for traced paths
apps/modules/ninja-launch-kit/source/lib/api-zod/src/generated/types/contactReceipt.ts,quarantined-import,12,210,03f19edab216300b0184a92368ad579ae71ec1ef0d6bb7006a46aa02e4c7df3c,inventory only; see report for traced paths
apps/modules/ninja-launch-kit/source/lib/api-zod/src/generated/types/createBrandBody.ts,quarantined-import,16,300,162e4d9dd3434403614a1051508b20822a3d37e543c8ea0c44b50a60d9555f9c,inventory only; see report for traced paths
apps/modules/ninja-launch-kit/source/lib/api-zod/src/generated/types/createKitBody.ts,quarantined-import,14,296,f39c7e3f04be85ccb84f45809c8ed0d1f4ca39be00b1008dc57c558f88c74e32,inventory only; see report for traced paths
apps/modules/ninja-launch-kit/source/lib/api-zod/src/generated/types/createTemplateBody.ts,quarantined-import,15,351,1ead424f05a8a98dc62c6dcd70aba008ef7eea6506d7bcb31670df9538a731a9,inventory only; see report for traced paths
apps/modules/ninja-launch-kit/source/lib/api-zod/src/generated/types/createTemplateBodyTone.ts,quarantined-import,19,445,ea221a48e4d4dad43d583445aab558ecdf41edef773791c19d133ee7b112e583,inventory only; see report for traced paths
apps/modules/ninja-launch-kit/source/lib/api-zod/src/generated/types/dashboardSummary.ts,quarantined-import,20,510,b5b4fa51c4e3b2f9c559c681394820d84b7f22a04b88dec644dbeae846fce444,inventory only; see report for traced paths
apps/modules/ninja-launch-kit/source/lib/api-zod/src/generated/types/dashboardSummaryPlan.ts,quarantined-import,16,348,4e404d0e4ac3dc81f47549f2d04692920b65520f6d6fbf3d2d4be99f4566e6bd,inventory only; see report for traced paths
apps/modules/ninja-launch-kit/source/lib/api-zod/src/generated/types/emailMessage.ts,quarantined-import,13,225,1cc0497f4410537f1cdf3543742c4b3ebaf7957f49d86de138677af1e1767b2d,inventory only; see report for traced paths
apps/modules/ninja-launch-kit/source/lib/api-zod/src/generated/types/exportKitFormat.ts,quarantined-import,16,332,3fa008895f3e9647ecd8f48d9f9e32bc701032008b4c33cf9e05a7e9af3c477b,inventory only; see report for traced paths
apps/modules/ninja-launch-kit/source/lib/api-zod/src/generated/types/exportKitParams.ts,quarantined-import,12,260,f29ac5a80390f47d08b124869e380cff481bcd384083f1faec6f14b65f706421,inventory only; see report for traced paths
apps/modules/ninja-launch-kit/source/lib/api-zod/src/generated/types/exportRecord.ts,quarantined-import,16,342,13278e9d45c1c67330901f35628fb56d9233e313d37a91d27034407e657b8ec9,inventory only; see report for traced paths
apps/modules/ninja-launch-kit/source/lib/api-zod/src/generated/types/exportRecordFormat.ts,quarantined-import,16,344,0b155c99603c93c42ef25ac2b12c3fef1531dd6fa4ab864aed3d8d38ff0bb3a5,inventory only; see report for traced paths
apps/modules/ninja-launch-kit/source/lib/api-zod/src/generated/types/exportResult.ts,quarantined-import,15,330,a3097a32fe3396f206a8f93c84263b27781a84923a40b9b33e59ef6821f55845,inventory only; see report for traced paths
apps/modules/ninja-launch-kit/source/lib/api-zod/src/generated/types/exportResultFormat.ts,quarantined-import,16,344,c4715770ceb86538f139e1c122189c47ff0600dfd2466dddf219d44389c28ea4,inventory only; see report for traced paths
apps/modules/ninja-launch-kit/source/lib/api-zod/src/generated/types/exportVisualPromoKitFormat.ts,quarantined-import,16,376,318d597e6bf927260495fbcafc547baa8f6025eab46f1e33e475bb9c748cade2,inventory only; see report for traced paths
apps/modules/ninja-launch-kit/source/lib/api-zod/src/generated/types/exportVisualPromoKitParams.ts,quarantined-import,12,304,90ec68d0432d88e686d84e3dbeba9d342f5d60e637619e0ccee7d55374c894fb,inventory only; see report for traced paths
apps/modules/ninja-launch-kit/source/lib/api-zod/src/generated/types/faqItem.ts,quarantined-import,12,207,2aea66665240fcb19a4b009a6f71e1ec02726681eff8bb6ed6e2a81d49ab4180,inventory only; see report for traced paths
apps/modules/ninja-launch-kit/source/lib/api-zod/src/generated/types/featuredTemplate.ts,quarantined-import,17,378,cd1d2a61699918ebd10c552aa5839b3be1da472dfd401beda239f9982aee8f64,inventory only; see report for traced paths
apps/modules/ninja-launch-kit/source/lib/api-zod/src/generated/types/featuredTemplateTone.ts,quarantined-import,19,437,d98cb74c177a52e25511df296359d1a6862b2391c3cd8a9442a81a3c79b9429d,inventory only; see report for traced paths
apps/modules/ninja-launch-kit/source/lib/api-zod/src/generated/types/fontPairing.ts,quarantined-import,13,225,f3d452f1fb21c1e88a9ab36adc1791734fb0e4b672d95e8c0d0555e66000d912,inventory only; see report for traced paths
apps/modules/ninja-launch-kit/source/lib/api-zod/src/generated/types/googleAd.ts,quarantined-import,12,213,5a68714e3052954604724c45b87de80eb4f98dece1a478328bac1416adb59d27,inventory only; see report for traced paths
apps/modules/ninja-launch-kit/source/lib/api-zod/src/generated/types/healthStatus.ts,quarantined-import,11,191,81d7c34b24732de48b978a76084422896d22305b1bf4eb445c0ea577a93b5c85,inventory only; see report for traced paths
apps/modules/ninja-launch-kit/source/lib/api-zod/src/generated/types/index.ts,quarantined-import,82,2849,659cd46547cc7858238d0e7282fb6a1116af74faf3496b957c555d57be987d5e,inventory only; see report for traced paths
apps/modules/ninja-launch-kit/source/lib/api-zod/src/generated/types/kitContent.ts,quarantined-import,27,677,2dbdb6d341138a8cfec2a2915e560aebf0ccd1200bf31705641eb7f558194411,inventory only; see report for traced paths
apps/modules/ninja-launch-kit/source/lib/api-zod/src/generated/types/kitFormInput.ts,quarantined-import,25,575,004563de67caab7ab0c0e4c336adca3a801a4e370a47bffc5c606d0ab8abb922,inventory only; see report for traced paths
apps/modules/ninja-launch-kit/source/lib/api-zod/src/generated/types/kitFormInputTone.ts,quarantined-import,19,421,da49a0a234916651bfd9bda7e416e431a028a3136ea63ac065a52093caf64fa3,inventory only; see report for traced paths
apps/modules/ninja-launch-kit/source/lib/api-zod/src/generated/types/kitsByType.ts,quarantined-import,12,213,c1009cb34ecf681a6a30272a6b1f1b3b49beadb6ab934d8c0beb663aa1162682,inventory only; see report for traced paths
apps/modules/ninja-launch-kit/source/lib/api-zod/src/generated/types/launchKit.ts,quarantined-import,20,436,02368b0de51bcdebd981043601f6b7a55bbd8d34ccc6854acd3bf3d6c8bbcf85,inventory only; see report for traced paths
apps/modules/ninja-launch-kit/source/lib/api-zod/src/generated/types/launchTemplateDetail.ts,quarantined-import,30,949,f0d3b53c360083dfce17af03f3a7e76678f6d8875ca8d4d9f4da81b1c15bc802,inventory only; see report for traced paths
apps/modules/ninja-launch-kit/source/lib/api-zod/src/generated/types/launchTemplateDetailCurrentPlan.ts,quarantined-import,16,392,02d05c2da361cb725ea488a777575a205ec4f14d7a90467ebfac0cfb7da1cc5a,inventory only; see report for traced paths
apps/modules/ninja-launch-kit/source/lib/api-zod/src/generated/types/launchTemplateDetailTier.ts,quarantined-import,16,364,643516ab9a2b6d33e387e8bbea761337f09a2f6c0647e650a375f188a84e3a73,inventory only; see report for traced paths
apps/modules/ninja-launch-kit/source/lib/api-zod/src/generated/types/launchTemplateDetailTonePreset.ts,quarantined-import,19,477,1832fc561a5243dc82ea4034efa13d5c6cf638b5c7f1f258bdebc7f2f5e7a2bc,inventory only; see report for traced paths
apps/modules/ninja-launch-kit/source/lib/api-zod/src/generated/types/launchTemplateListResponse.ts,quarantined-import,15,479,717ef6180e89a010ac0f702c9048a32f44a41bb7cb07c18e1fd60e7414ea23b9,inventory only; see report for traced paths
apps/modules/ninja-launch-kit/source/lib/api-zod/src/generated/types/launchTemplateListResponseCurrentPlan.ts,quarantined-import,16,416,52cea05f115a56acc42f76158a503208c73f2af1ed8a7ddc3ae0a27e512fb9de,inventory only; see report for traced paths
apps/modules/ninja-launch-kit/source/lib/api-zod/src/generated/types/launchTemplateSummary.ts,quarantined-import,23,638,eb0ef28203c73c4232ae9238bca5f09719eb8a434ba6411fbc1be1e9cf964f1e,inventory only; see report for traced paths
apps/modules/ninja-launch-kit/source/lib/api-zod/src/generated/types/launchTemplateSummaryTier.ts,quarantined-import,16,368,65b0ef416f53e29bb281c5d7fcdb69e62ac3f33cc66116c23236f1fef7e5fe30,inventory only; see report for traced paths
apps/modules/ninja-launch-kit/source/lib/api-zod/src/generated/types/launchTemplateSummaryTonePreset.ts,quarantined-import,19,481,1169b7f7bc1690ef771bf563fad987a1fc33766aff5d011a3fdf60762dcabdcd,inventory only; see report for traced paths
apps/modules/ninja-launch-kit/source/lib/api-zod/src/generated/types/listKitsParams.ts,quarantined-import,12,218,2d41d3a06c5584e69726b6aaa2b987314693f8ea6c1496b58d049d891de21b3c,inventory only; see report for traced paths
apps/modules/ninja-launch-kit/source/lib/api-zod/src/generated/types/listLaunchTemplatesParams.ts,quarantined-import,14,330,308116586c3ce842a3a38207bcac1b8471d1e3aa01be6fcc7b763313ca205f1e,inventory only; see report for traced paths
apps/modules/ninja-launch-kit/source/lib/api-zod/src/generated/types/listLaunchTemplatesTier.ts,quarantined-import,16,360,bd2f3c12bc3ec3a60ae5ead94b829f399c47f036b86f31acf404266809406bf4,inventory only; see report for traced paths
apps/modules/ninja-launch-kit/source/lib/api-zod/src/generated/types/loginBody.ts,quarantined-import,11,187,8263ed31c67ef4e1c34bb4243d5f0166ef01761f7b41a3c170684545b24b40d1,inventory only; see report for traced paths
apps/modules/ninja-launch-kit/source/lib/api-zod/src/generated/types/plan.ts,quarantined-import,18,351,2437994cfa60d50ec82a91b1bc98d20e34371b6c0ea1fa49e8bc20cbfc96ffc7,inventory only; see report for traced paths
apps/modules/ninja-launch-kit/source/lib/api-zod/src/generated/types/planId.ts,quarantined-import,15,289,a1bacd406ff7982a1225e6049a99b8e10f2c7952ebfbcb4c27f8ac15fc8bb3d4,inventory only; see report for traced paths
apps/modules/ninja-launch-kit/source/lib/api-zod/src/generated/types/planLimits.ts,quarantined-import,23,602,bc732ff8978d28eb16ad9cc587c4aec55b999a22ad61857b00483024abdd8235,inventory only; see report for traced paths
apps/modules/ninja-launch-kit/source/lib/api-zod/src/generated/types/planLimitsExportFormatsItem.ts,quarantined-import,16,380,527d077ba01eeb60c3b4bcaec19d3cfaa353247f8eac4a9ee37c36473d29ad81,inventory only; see report for traced paths
apps/modules/ninja-launch-kit/source/lib/api-zod/src/generated/types/planUsage.ts,quarantined-import,12,225,2b36165beb0ca79b5f5cc6b7bfc706ebdc647a7a77ec4fa80c29e76182f6329d,inventory only; see report for traced paths
apps/modules/ninja-launch-kit/source/lib/api-zod/src/generated/types/portalResponse.ts,quarantined-import,15,288,c3b72b6c36bf6a604d781cc6cd30f7bbf49af99a289478920ede2f28af6d228f,inventory only; see report for traced paths
apps/modules/ninja-launch-kit/source/lib/api-zod/src/generated/types/session.ts,quarantined-import,15,324,7f835e1bc9c765727da9f4b24d8b7dbdbeace4c09be6e08215116280554c688a,inventory only; see report for traced paths
apps/modules/ninja-launch-kit/source/lib/api-zod/src/generated/types/signupBody.ts,quarantined-import,12,205,60d8f26834ad8be39a7661481f0a1148296035b2ce778a61fb07e1c019134f24,inventory only; see report for traced paths
apps/modules/ninja-launch-kit/source/lib/api-zod/src/generated/types/subscribeBody.ts,quarantined-import,12,272,c37f55b81bea9182cac511a8e4126e9ff052290b0d5b44bf862ff5fa8c7cb628,inventory only; see report for traced paths
apps/modules/ninja-launch-kit/source/lib/api-zod/src/generated/types/subscribeBodyPlanId.ts,quarantined-import,16,344,5217f9db027d952886f3f775c5d6bfb34ea6add418ac5b792e14c3ed52ac04ea,inventory only; see report for traced paths
apps/modules/ninja-launch-kit/source/lib/api-zod/src/generated/types/subscription.ts,quarantined-import,21,581,229b6873ca2c7667224780c4705a54c24313acb3af8a3ca27083e27773a997d9,inventory only; see report for traced paths
apps/modules/ninja-launch-kit/source/lib/api-zod/src/generated/types/subscriptionPlan.ts,quarantined-import,16,332,9de501368d435938ab87ed841dfd20126164517da097367a010bfd6026820624,inventory only; see report for traced paths
apps/modules/ninja-launch-kit/source/lib/api-zod/src/generated/types/subscriptionStatus.ts,quarantined-import,20,450,720bd8335ee3a7b7efb34c0e753287ab3ee1d17bb03699bc85862d6f620441b1,inventory only; see report for traced paths
apps/modules/ninja-launch-kit/source/lib/api-zod/src/generated/types/updateKitBody.ts,quarantined-import,14,300,b0841adc61492878966b728343879bb8e40914329a1a2a29622a41de81576453,inventory only; see report for traced paths
apps/modules/ninja-launch-kit/source/lib/api-zod/src/generated/types/usageLimits.ts,quarantined-import,16,285,5ba2d83a82737d4247d9897019e0f2b033a84d31316c997c59cb2d735d7e792b,inventory only; see report for traced paths
apps/modules/ninja-launch-kit/source/lib/api-zod/src/generated/types/user.ts,quarantined-import,18,362,328b13d3b210f010792f8cc75d908a056af1281fdc16dac0b970aab9fa7fb31c,inventory only; see report for traced paths
apps/modules/ninja-launch-kit/source/lib/api-zod/src/generated/types/userPlan.ts,quarantined-import,15,297,ad34cfde169652f044486c7e2bfa3daa4ecc81ca125475ce3062815433d2a768,inventory only; see report for traced paths
apps/modules/ninja-launch-kit/source/lib/api-zod/src/generated/types/userRole.ts,quarantined-import,14,280,1df142db0789cfa774a8509962fc359d9a8a1c5a8994fc07a0bd1846da28e47d,inventory only; see report for traced paths
apps/modules/ninja-launch-kit/source/lib/api-zod/src/generated/types/visualBrief.ts,quarantined-import,19,413,0aa0d10285865a591463256e859f645127c2985dfc743a4c94524e2ec08af521,inventory only; see report for traced paths
apps/modules/ninja-launch-kit/source/lib/api-zod/src/generated/types/visualBriefCategory.ts,quarantined-import,15,329,d4962058ec800dc8288a1d5873342d839ccd1446c9b4f9d53d50aff17c80ee29,inventory only; see report for traced paths
apps/modules/ninja-launch-kit/source/lib/api-zod/src/generated/types/visualPromoKit.ts,quarantined-import,19,528,1e3c514518e8ba2d9124caf1dae1235a5eedf66e2c896e750e6ea7ca33a4c79c,inventory only; see report for traced paths
apps/modules/ninja-launch-kit/source/lib/api-zod/src/generated/types/visualPromoKitCurrentPlan.ts,quarantined-import,16,368,02cbbaa8ee4c347e3eec096e599b85190cfbfd03bd80a13b6623f792a7b3fb13,inventory only; see report for traced paths
apps/modules/ninja-launch-kit/source/lib/api-zod/src/index.ts,quarantined-import,1,34,fbd354c065dcf6aac482ee15570f3e5907af190f8234df68bb61a4bc317f02ad,inventory only; see report for traced paths
apps/modules/ninja-launch-kit/source/lib/db/drizzle.config.ts,quarantined-import,14,366,fe5188330c72c0f21a8a5b5f0caccbf8e434ad2f2640bffbcf70655ff98a9b36,inventory only; see report for traced paths
apps/modules/ninja-launch-kit/source/lib/db/src/index.ts,quarantined-import,16,432,fce8835334260a94de751c8c586eb1141348aaa143bb2a711a46b6ea5520b83e,inventory only; see report for traced paths
apps/modules/ninja-launch-kit/source/lib/db/src/schema/adminSettings.ts,quarantined-import,10,432,c062de97d40da30ee77b3c85cb48b64ea400dd6f9f6c1a36095a5d60bcc54549,inventory only; see report for traced paths
apps/modules/ninja-launch-kit/source/lib/db/src/schema/brandProfiles.ts,quarantined-import,22,818,701037b0e66fd81e06ba2f41cd63719c4fc48fe4c875787dfe4393ef6a4baa86,inventory only; see report for traced paths
apps/modules/ninja-launch-kit/source/lib/db/src/schema/conversations.ts,quarantined-import,17,635,1c20074593bb76d189c270651670a1ab4918911b28941ef85535c58cc93a1fc1,inventory only; see report for traced paths
apps/modules/ninja-launch-kit/source/lib/db/src/schema/exports.ts,quarantined-import,19,671,0632c0ea2c303789cc72e8368b53f5d13db4f40141b11539d177486bc96b4fb3,inventory only; see report for traced paths
apps/modules/ninja-launch-kit/source/lib/db/src/schema/featuredTemplates.ts,quarantined-import,12,517,0bbcf434237dc9c34a88cd88139821287180c0f2f72af4eb6a5712e48e065ef7,inventory only; see report for traced paths
apps/modules/ninja-launch-kit/source/lib/db/src/schema/index.ts,quarantined-import,7,224,6babb03c338f23d95c6b9e41b882ae9eeae11b521935174194f867fcc9fb8652,inventory only; see report for traced paths
apps/modules/ninja-launch-kit/source/lib/db/src/schema/launchKits.ts,quarantined-import,24,1073,0489799be74bd027b7ca7a59211241563154a9559f5bbe9554221b7469f70195,inventory only; see report for traced paths
apps/modules/ninja-launch-kit/source/lib/db/src/schema/messages.ts,quarantined-import,23,822,e80ffb68ca56c04a2c103db27652824c11130fdbb66bb81acbd7ac0a1a3c48a6,inventory only; see report for traced paths
apps/modules/ninja-launch-kit/source/lib/db/src/schema/stripeEvents.ts,quarantined-import,9,354,53bbec719da0171d305865632e5862e0bb9041718726d3e0872028b97c4b1ae9,inventory only; see report for traced paths
apps/modules/ninja-launch-kit/source/lib/db/src/schema/users.ts,quarantined-import,25,1067,88b2873b3c578cbc3364bda1e344b8e9de9334eea642b26f1536098ac0500a1c,inventory only; see report for traced paths
apps/modules/ninja-launch-kit/source/lib/integrations-anthropic-ai/src/batch/index.ts,quarantined-import,6,113,72d79c4574464aee97892cae2b4771cc36c83975be96344d516d391c1ee24b02,inventory only; see report for traced paths
apps/modules/ninja-launch-kit/source/lib/integrations-anthropic-ai/src/batch/utils.ts,quarantined-import,140,4004,6340a27d98e278e32427813318aa0545a14b770d71a3712d42a46807b5e63468,inventory only; see report for traced paths
apps/modules/ninja-launch-kit/source/lib/integrations-anthropic-ai/src/client.ts,quarantined-import,18,611,ee4b8d1d372d6278026385f42cfb25d83a5472aed4df662c4db4e1fb27076b5c,inventory only; see report for traced paths
apps/modules/ninja-launch-kit/source/lib/integrations-anthropic-ai/src/index.ts,quarantined-import,2,138,b60905d34119a91d769d89162d7812d8d442731edf8a67ed497d1d28e32c5aab,inventory only; see report for traced paths
apps/modules/ninja-launch-kit/source/lib/integrations/anthropic_ai_integrations/src/server/batch/index.ts,quarantined-import,6,113,72d79c4574464aee97892cae2b4771cc36c83975be96344d516d391c1ee24b02,inventory only; see report for traced paths
apps/modules/ninja-launch-kit/source/lib/integrations/anthropic_ai_integrations/src/server/batch/utils.ts,quarantined-import,167,5237,abc640cb7bff9853cf7ac6d447fed74f4b7355b929eae22b57cc4d556d94520f,inventory only; see report for traced paths
apps/modules/ninja-launch-kit/source/scripts/post-merge.sh,quarantined-import,4,76,482bb77382d90ec72e3e6a4172ccb0b0811d466f3e3f7b0f71f79b37940c4662,inventory only; see report for traced paths
apps/modules/ninja-launch-kit/source/scripts/src/hello.ts,quarantined-import,1,47,867b8e4cd892bd51bf01ca72884a70d28750b5d475b38d060f0721a18c2553fa,inventory only; see report for traced paths
apps/modules/ninja-pool-hall/source/artifacts/api-server/build.mjs,quarantined-import,126,3581,8133e19ab8526b0f65b5fb0a54911176758f5973b25f01b682a79e76ed8bb54a,inventory only; see report for traced paths
apps/modules/ninja-pool-hall/source/artifacts/api-server/src/app.ts,quarantined-import,34,690,ad77c5412ebbabd2b01e3f100d58a2c10c438ac30daecb23cbcd238be2f2f685,inventory only; see report for traced paths
apps/modules/ninja-pool-hall/source/artifacts/api-server/src/index.ts,quarantined-import,33,805,ae379ce72a07b3aa34f387975b4e08f74a62722a9cf3b3dc4e0ba9a87d57ea6b,inventory only; see report for traced paths
apps/modules/ninja-pool-hall/source/artifacts/api-server/src/lib/logger.ts,quarantined-import,20,441,61936304bfdbd72987ee561605fb9da3fecad8d2a52c5c9f8557734855d1a4a0,inventory only; see report for traced paths
apps/modules/ninja-pool-hall/source/artifacts/api-server/src/lib/poolRoom.ts,quarantined-import,335,8951,ef4d3e9a3de952e623a532eaa8b924245cd7d867fc7ee61196a6bcc4399d311a,inventory only; see report for traced paths
apps/modules/ninja-pool-hall/source/artifacts/api-server/src/routes/health.ts,quarantined-import,11,299,1130cb50b1ef56817252701546b05190a1a609113b9db77cef2a67dce36a8eef,inventory only; see report for traced paths
apps/modules/ninja-pool-hall/source/artifacts/api-server/src/routes/index.ts,quarantined-import,8,179,8034f048fcc03c89121aced90ccefebff4fb949abc937d19828fc20bcf81cd18,inventory only; see report for traced paths
apps/modules/ninja-pool-hall/source/artifacts/pool/public/sw.js,quarantined-import,15,525,46a07fbe90730cacf4d336313ca41c75764f3eb812f818627c1d7761708ae5c4,inventory only; see report for traced paths
apps/modules/ninja-pool-hall/source/artifacts/pool/sim-test.mjs,quarantined-import,26,1444,881ed9afa8158d01454fdda179ffde7b4f58c8a44e68cf4635dfe9223d57c2b7,inventory only; see report for traced paths
apps/modules/ninja-pool-hall/source/artifacts/pool/src/App.tsx,quarantined-import,38,1227,7dfeaf7e60ccf5991a1d5cd773db81346e401394d64047326bb516ddb0f1acc1,inventory only; see report for traced paths
apps/modules/ninja-pool-hall/source/artifacts/pool/src/components/HUD.tsx,quarantined-import,159,4927,6598fd51f9a1182f88dcacf21b2d4aae53bf9b24b4e735aa65da6433fe7deb1e,inventory only; see report for traced paths
apps/modules/ninja-pool-hall/source/artifacts/pool/src/components/InstallPrompt.tsx,quarantined-import,242,7759,53c0acb4fafa5e45c6a8d421e29459e5e4b62a3cbd152a990fe072e3d3939223,inventory only; see report for traced paths
apps/modules/ninja-pool-hall/source/artifacts/pool/src/components/PoolGame.tsx,quarantined-import,1645,59930,25d61b8288d5618348c6907fd92ed270443a48fdd8ae3cb189902ffcdf230d5c,inventory only; see report for traced paths
apps/modules/ninja-pool-hall/source/artifacts/pool/src/components/PowerMeter.tsx,quarantined-import,35,974,9db1a8bd297a97297f331818508383a2321d78fbb3feb4d8929b0aa112403414,inventory only; see report for traced paths
apps/modules/ninja-pool-hall/source/artifacts/pool/src/components/ui/accordion.tsx,quarantined-import,55,2056,fff47c151b7b1beedd3cdd38f1bb80b28b0152a7d4e323a50b519471dba5206c,inventory only; see report for traced paths
apps/modules/ninja-pool-hall/source/artifacts/pool/src/components/ui/alert-dialog.tsx,quarantined-import,139,4558,954aa5d2030eac91726054666e81113f22a709fc3d2786e5e6907384ede58dc3,inventory only; see report for traced paths
apps/modules/ninja-pool-hall/source/artifacts/pool/src/components/ui/alert.tsx,quarantined-import,59,1657,dfac5998c66e5651323d913a1a3d4548e9a3cad94819950e0f6ab36c6ea92c15,inventory only; see report for traced paths
apps/modules/ninja-pool-hall/source/artifacts/pool/src/components/ui/aspect-ratio.tsx,quarantined-import,5,145,62f29cd87c19f52d403dc2d17823849db2c8cbd541c9f96de20ef13e58d379db,inventory only; see report for traced paths
apps/modules/ninja-pool-hall/source/artifacts/pool/src/components/ui/avatar.tsx,quarantined-import,50,1469,4ee6fbff6d693bf5b76f1b30e4cd55de6c6343c46a51e636c3e3b8a911fa7ec0,inventory only; see report for traced paths
apps/modules/ninja-pool-hall/source/artifacts/pool/src/components/ui/badge.tsx,quarantined-import,43,1565,8e1871d6160d067a687beb25f850fa12dfc30d19356fdaa27ae6f7fd17e1fe02,inventory only; see report for traced paths
apps/modules/ninja-pool-hall/source/artifacts/pool/src/components/ui/breadcrumb.tsx,quarantined-import,115,2827,76807d2c1be3d1e5e0e055ffbecd8451acfc71db6a7aa3c8660631d7603d517f,inventory only; see report for traced paths
apps/modules/ninja-pool-hall/source/artifacts/pool/src/components/ui/button-group.tsx,quarantined-import,83,2292,f42ab464f85e682be5dd43e069543ddfbc0938d856665304092a5eba3d4cd0c9,inventory only; see report for traced paths
apps/modules/ninja-pool-hall/source/artifacts/pool/src/components/ui/button.tsx,quarantined-import,65,2421,d0a176bc30348fb86aa581029fe6091db105aca2e372fd12a5fb98b3606a073b,inventory only; see report for traced paths
apps/modules/ninja-pool-hall/source/artifacts/pool/src/components/ui/calendar.tsx,quarantined-import,213,7782,c95bd7c60cd25365707126852c718ea6ebdd1be2c487cb7c5d88e4be14ad4634,inventory only; see report for traced paths
apps/modules/ninja-pool-hall/source/artifacts/pool/src/components/ui/card.tsx,quarantined-import,76,1904,c58a39198aab485b7bec9dde033dca0b25be3fce06c00a101c2561dceff775a1,inventory only; see report for traced paths
apps/modules/ninja-pool-hall/source/artifacts/pool/src/components/ui/carousel.tsx,quarantined-import,260,6470,d48a52f0bc5161c47ee818c88bebedea98c14742a1e4d3c76639a612ddbb376a,inventory only; see report for traced paths
apps/modules/ninja-pool-hall/source/artifacts/pool/src/components/ui/chart.tsx,quarantined-import,367,11130,e38a709f24713b27f4fc90ddb140b90f784bb5dbfc81ae4c89f8b34b20bdfcc6,inventory only; see report for traced paths
apps/modules/ninja-pool-hall/source/artifacts/pool/src/components/ui/checkbox.tsx,quarantined-import,28,1059,a90725bcc6583cbced083484e8051582284f5374acc1585e0a742f1c21925cad,inventory only; see report for traced paths
apps/modules/ninja-pool-hall/source/artifacts/pool/src/components/ui/collapsible.tsx,quarantined-import,11,340,bc854800960ef4129d4679a7c4a6b5091e7038adc03698e4529d0c9b5af0d831,inventory only; see report for traced paths
apps/modules/ninja-pool-hall/source/artifacts/pool/src/components/ui/command.tsx,quarantined-import,153,5040,65332ac050fabef0c860273d8d97be14a6a33b8d3b7cfb1599aded26622f0246,inventory only; see report for traced paths
apps/modules/ninja-pool-hall/source/artifacts/pool/src/components/ui/context-menu.tsx,quarantined-import,198,7604,f875c1dc21224f223d27962338e983589c014a6980bd03c5f1b651ebb7471345,inventory only; see report for traced paths
apps/modules/ninja-pool-hall/source/artifacts/pool/src/components/ui/dialog.tsx,quarantined-import,120,3955,8a4215777ab3e381c840c0708818dbf4799d6fe3ba44f39cbae0da0b3e0bcab1,inventory only; see report for traced paths
apps/modules/ninja-pool-hall/source/artifacts/pool/src/components/ui/drawer.tsx,quarantined-import,116,3123,9710f71dcf19d52d2e757ea2f364a03b4bd4546161f4bbebfdd8a829a382748a,inventory only; see report for traced paths
apps/modules/ninja-pool-hall/source/artifacts/pool/src/components/ui/dropdown-menu.tsx,quarantined-import,201,7807,8d02514fbfde8abddd519887fa2332fe151428f54c0f46d07466e77a49b2b70f,inventory only; see report for traced paths
apps/modules/ninja-pool-hall/source/artifacts/pool/src/components/ui/empty.tsx,quarantined-import,104,2500,954873c4438f866bc417e36f7745000c16a8851b59609bdc310bb027c2918953,inventory only; see report for traced paths
apps/modules/ninja-pool-hall/source/artifacts/pool/src/components/ui/field.tsx,quarantined-import,244,6288,a4808670f918794e5402bf9753e9009a75a29868a1f9ff4f399260a0a3513381,inventory only; see report for traced paths
apps/modules/ninja-pool-hall/source/artifacts/pool/src/components/ui/form.tsx,quarantined-import,176,4351,377975a4e6a9da67a52d097d59a03a398e9023a45cd5a5cc79de25b6bb6a4a92,inventory only; see report for traced paths
apps/modules/ninja-pool-hall/source/artifacts/pool/src/components/ui/hover-card.tsx,quarantined-import,27,1264,7bef587e8c6ff88faae02c1dc58572a794f88950459edb4a409070f5ef7bc290,inventory only; see report for traced paths
apps/modules/ninja-pool-hall/source/artifacts/pool/src/components/ui/input-group.tsx,quarantined-import,168,5139,6d7a49acb2cbb08a0abb911f41deb0d097d2b1a1a8647959c5ebbd4fe37aaa75,inventory only; see report for traced paths
apps/modules/ninja-pool-hall/source/artifacts/pool/src/components/ui/input-otp.tsx,quarantined-import,69,2212,d7699cf34d1a4cfd88c3da711cf6a193cd72e1f5b0ffc6b392fe9f35d0125f29,inventory only; see report for traced paths
apps/modules/ninja-pool-hall/source/artifacts/pool/src/components/ui/input.tsx,quarantined-import,22,790,cacc180f0367350b3fe134949e04a562e027878131faadabeb300148c6cd84fb,inventory only; see report for traced paths
apps/modules/ninja-pool-hall/source/artifacts/pool/src/components/ui/item.tsx,quarantined-import,193,4687,f93d19a3e63b621b16d8ffaabb531c10b3b5611153e14079a187a9d76a78fab8,inventory only; see report for traced paths
apps/modules/ninja-pool-hall/source/artifacts/pool/src/components/ui/kbd.tsx,quarantined-import,28,890,dd4b76a2c84f23bb410a1361c8355332ad8d0e99bc348cec8fd626c26c50540c,inventory only; see report for traced paths
apps/modules/ninja-pool-hall/source/artifacts/pool/src/components/ui/label.tsx,quarantined-import,26,750,8253ee4179284de5d037eee03b55f4499b04ff41ddfa60b3176ea28d4bdc301c,inventory only; see report for traced paths
apps/modules/ninja-pool-hall/source/artifacts/pool/src/components/ui/menubar.tsx,quarantined-import,254,8862,95dff8f7a917b42de3f413df3c5f7615cf158ae4ed9129642eff59ba9d352d0c,inventory only; see report for traced paths
apps/modules/ninja-pool-hall/source/artifacts/pool/src/components/ui/navigation-menu.tsx,quarantined-import,128,5252,f8ba72ac1edf867f20e940b5b99212d98ebd7d5a2132eaf6a98130209080bb2e,inventory only; see report for traced paths
apps/modules/ninja-pool-hall/source/artifacts/pool/src/components/ui/pagination.tsx,quarantined-import,117,2868,e3cc6dfb9d84cf94a00b1c61e188ff19ab9cc5558ef046944d90bd6e2de55d31,inventory only; see report for traced paths
apps/modules/ninja-pool-hall/source/artifacts/pool/src/components/ui/popover.tsx,quarantined-import,31,1373,c700d123e6729b734ac3b13a44947d2ef9180b56dc9a72e8a1768ea8b943bc93,inventory only; see report for traced paths
apps/modules/ninja-pool-hall/source/artifacts/pool/src/components/ui/progress.tsx,quarantined-import,28,820,0e52f6bdff8b18385effd7845819cbe78fbe565e76509c08d9e072ddd474c566,inventory only; see report for traced paths
apps/modules/ninja-pool-hall/source/artifacts/pool/src/components/ui/radio-group.tsx,quarantined-import,42,1452,7fe8ffedbabac6b82d277b086b774f9ee57d9184d1ab13452d77ceda489c5c99,inventory only; see report for traced paths
apps/modules/ninja-pool-hall/source/artifacts/pool/src/components/ui/resizable.tsx,quarantined-import,45,1768,bbb236cf580525f2f1f7e40404d34c03cf806c02eee8404891f72fcf5034ec31,inventory only; see report for traced paths
apps/modules/ninja-pool-hall/source/artifacts/pool/src/components/ui/scroll-area.tsx,quarantined-import,46,1688,5bbf2efc963f2a62d9f9d41fdf2a96f798ad409ee2a1fdb1fe51da947d882dc7,inventory only; see report for traced paths
apps/modules/ninja-pool-hall/source/artifacts/pool/src/components/ui/select.tsx,quarantined-import,159,5904,41c332da1a05575ee9f45650301efcdaa62b01b237c831d779ab23f034f535c7,inventory only; see report for traced paths
apps/modules/ninja-pool-hall/source/artifacts/pool/src/components/ui/separator.tsx,quarantined-import,29,785,1e2f9c2eab409bf25614f4e0b495b9a67646e92a0a7d1a033afaada64fdb1b78,inventory only; see report for traced paths
apps/modules/ninja-pool-hall/source/artifacts/pool/src/components/ui/sheet.tsx,quarantined-import,140,4420,72edc44a754350bb77fcd9bfd621f3b8b98fba5e85aa72d7555912b1e2ea6faf,inventory only; see report for traced paths
apps/modules/ninja-pool-hall/source/artifacts/pool/src/components/ui/sidebar.tsx,quarantined-import,727,22573,3a36ba9f139af5708d6aa1f0fc620085e4b2e9fcc1e58e35ee1933a0c9ac07ce,inventory only; see report for traced paths
apps/modules/ninja-pool-hall/source/artifacts/pool/src/components/ui/skeleton.tsx,quarantined-import,15,281,91e3bb69a8b91319442ae4aa4203407044b90bd43703c3aa8f011d43f844fe43,inventory only; see report for traced paths
apps/modules/ninja-pool-hall/source/artifacts/pool/src/components/ui/slider.tsx,quarantined-import,26,1063,f2c30f700b5a8dfd342413ca266f7618b39dac0ca50e7101adefd0b68afb3478,inventory only; see report for traced paths
apps/modules/ninja-pool-hall/source/artifacts/pool/src/components/ui/sonner.tsx,quarantined-import,31,925,16ab4f1f4c538f3991751b31c64d930b44a4d20caef51629ee13c3517db9a986,inventory only; see report for traced paths
apps/modules/ninja-pool-hall/source/artifacts/pool/src/components/ui/spinner.tsx,quarantined-import,16,347,cbf9073613aed22ffd4ba21219adc1d1b8dce311d4280800f772b5eae587eeff,inventory only; see report for traced paths
apps/modules/ninja-pool-hall/source/artifacts/pool/src/components/ui/switch.tsx,quarantined-import,27,1175,08711f3d92da7c10c8f84d30984870628331e66212fb9f618da24d1a803a4dee,inventory only; see report for traced paths
apps/modules/ninja-pool-hall/source/artifacts/pool/src/components/ui/table.tsx,quarantined-import,120,2979,865e3fca4936c02b58beab4509abcb468449fd2ee2ebdc3aebdd23ee3bfd982b,inventory only; see report for traced paths
apps/modules/ninja-pool-hall/source/artifacts/pool/src/components/ui/tabs.tsx,quarantined-import,53,1930,8134e14b016e1f3846640c2bc8a2c6438c289da6b8ce1d04362a101ef62d45a7,inventory only; see report for traced paths
apps/modules/ninja-pool-hall/source/artifacts/pool/src/components/ui/textarea.tsx,quarantined-import,22,671,c3b95caa4b59e88f09752932dc93d289f9e3758fd0eff9b029f8e6d453dcea03,inventory only; see report for traced paths
apps/modules/ninja-pool-hall/source/artifacts/pool/src/components/ui/toast.tsx,quarantined-import,127,4972,2da684420d53b7826485853a5f433bc794eb8a3fa3ca99db7cabb59974dfff38,inventory only; see report for traced paths
apps/modules/ninja-pool-hall/source/artifacts/pool/src/components/ui/toaster.tsx,quarantined-import,33,805,d336e69dc56f72df1da448f1f39eedddb3b7e0dd0e5a69ca5be8db7acb32b7e4,inventory only; see report for traced paths
apps/modules/ninja-pool-hall/source/artifacts/pool/src/components/ui/toggle-group.tsx,quarantined-import,61,1814,04c1ac2983a3b790295fae9a0c475b32c61d6c49954e65eb38b54fa9af09f9dc,inventory only; see report for traced paths
apps/modules/ninja-pool-hall/source/artifacts/pool/src/components/ui/toggle.tsx,quarantined-import,43,1529,950f6552560c82c4f7c8ad15568acb0ce59ee6305afe8b2df92a0b4c60a1d478,inventory only; see report for traced paths
apps/modules/ninja-pool-hall/source/artifacts/pool/src/components/ui/tooltip.tsx,quarantined-import,32,1299,f3b91d8e764ae4bf78e0bf44a62cd8ef2503a251a7824ee062f0cd864caffdf6,inventory only; see report for traced paths
apps/modules/ninja-pool-hall/source/artifacts/pool/src/hooks/use-mobile.tsx,quarantined-import,19,584,d2377fbad5ad2bdf7fa896a68c36ac8bf4aa74a974b2061f77b41ae58d623001,inventory only; see report for traced paths
apps/modules/ninja-pool-hall/source/artifacts/pool/src/hooks/use-toast.ts,quarantined-import,191,4086,52580e80b7d8e7dfc0eee27f3bc8dfa209e32fe8dc96b8e3e79ed61666348dd7,inventory only; see report for traced paths
apps/modules/ninja-pool-hall/source/artifacts/pool/src/index.css,quarantined-import,207,8267,103e306872e630829f575ad5e5ee6e6ba4b036f5966bfa0119d9dfc7487dae2f,inventory only; see report for traced paths
apps/modules/ninja-pool-hall/source/artifacts/pool/src/lib/audio.ts,quarantined-import,112,3604,fd1485fdf83d3f95fb362c4c20461cdff9def1daec27d7a1797dc15af31592f2,inventory only; see report for traced paths
apps/modules/ninja-pool-hall/source/artifacts/pool/src/lib/bot.ts,quarantined-import,120,4975,b0d5b9a75222a5570407e162d4320c2b9177f9b969b408ea29ec3b636bd94b01,inventory only; see report for traced paths
apps/modules/ninja-pool-hall/source/artifacts/pool/src/lib/clientId.ts,quarantined-import,32,967,9b991e284929d9d0594240f36c1749b13cb4bdc7447c9f81914f675fd9e59b1f,inventory only; see report for traced paths
apps/modules/ninja-pool-hall/source/artifacts/pool/src/lib/network.ts,quarantined-import,158,4408,35125921e0f7fbd1bef9a70849f6197a7a8f4cc371dd4c188155d97a2ab04a0e,inventory only; see report for traced paths
apps/modules/ninja-pool-hall/source/artifacts/pool/src/lib/physics.test.ts,quarantined-import,372,15582,948f3e89450169bcbb0bfde9ff72645be48e8c8e92a86706279b976678833506,inventory only; see report for traced paths
apps/modules/ninja-pool-hall/source/artifacts/pool/src/lib/physics.ts,quarantined-import,1103,41984,5f81da49313dfe5052522342cf8763e4a42e221ee72cfc9f46d255b50195be7f,inventory only; see report for traced paths
apps/modules/ninja-pool-hall/source/artifacts/pool/src/lib/pwaInstall.ts,quarantined-import,205,6098,57787de6f19a04d5d7424a55e6eec221747f698b20f620dfaf5bb7d8c5dff5a4,inventory only; see report for traced paths
apps/modules/ninja-pool-hall/source/artifacts/pool/src/lib/rules.test.ts,quarantined-import,547,18046,75be1e97f52cbbf06c50b6b461d4455936e5c0ec2f6ee76b8cfeac052251ec65,inventory only; see report for traced paths
apps/modules/ninja-pool-hall/source/artifacts/pool/src/lib/rules.ts,quarantined-import,483,15925,b9c1540106de1ff876ac4ffe133c0870164974ccb5f4886c514212a80c06a386,inventory only; see report for traced paths
apps/modules/ninja-pool-hall/source/artifacts/pool/src/lib/settings.ts,quarantined-import,78,2613,7c6bddb7f31f84d673b675dc935b1511030912efd304e151567965ab13cc1817,inventory only; see report for traced paths
apps/modules/ninja-pool-hall/source/artifacts/pool/src/lib/types.ts,quarantined-import,97,3393,fd5b8f66605066a476faf8e9e5c0db031dc11e00b39a76a43b42ac5ef1916fc1,inventory only; see report for traced paths
apps/modules/ninja-pool-hall/source/artifacts/pool/src/lib/utils.ts,quarantined-import,6,172,74a147991a119f1c4cdc25a4d9b22713632fa32eb136e55ab6939b006d71b9d6,inventory only; see report for traced paths
apps/modules/ninja-pool-hall/source/artifacts/pool/src/main.tsx,quarantined-import,16,621,fb7c74c018fb8bd28c183c743ac462a761ef4a1b772d84b76cfbb888d0a4bf66,inventory only; see report for traced paths
apps/modules/ninja-pool-hall/source/artifacts/pool/src/pages/HostGame.tsx,quarantined-import,255,10235,8a76e5c70a1121a4867263d60d503f55119178320c3e112a1d0a8384999d98cb,inventory only; see report for traced paths
apps/modules/ninja-pool-hall/source/artifacts/pool/src/pages/JoinGame.tsx,quarantined-import,218,8250,9a048689ae504ec0cc0015caeac7176c6cbcd1ec0e0a9eae795f8d5a9c93a859,inventory only; see report for traced paths
apps/modules/ninja-pool-hall/source/artifacts/pool/src/pages/LocalTwoPlayer.tsx,quarantined-import,16,442,5bacf9965d2d9875eca78a8cefac06000fd7472f9334d6a453fd1261a373730d,inventory only; see report for traced paths
apps/modules/ninja-pool-hall/source/artifacts/pool/src/pages/MainMenu.tsx,quarantined-import,168,5518,7fbc27f909854942d5bfccbc90032ab92dc71b278130f1587f9a66c865b5ca0b,inventory only; see report for traced paths
apps/modules/ninja-pool-hall/source/artifacts/pool/src/pages/Practice.tsx,quarantined-import,58,2095,1a665749ae56fdad6638db5d66943904acd50871589b51d9b4711ab6cad0e1bb,inventory only; see report for traced paths
apps/modules/ninja-pool-hall/source/artifacts/pool/src/pages/Settings.tsx,quarantined-import,149,5743,5483c60767f6dd347e74b0a40b6b25e4b4f45b00dc9d4d21b40b5393b74df784,inventory only; see report for traced paths
apps/modules/ninja-pool-hall/source/artifacts/pool/src/pages/not-found.tsx,quarantined-import,21,732,d6ce1dabff2cb0630606c8502200a8bb531b7aebb7c864d8863ef896df350dac,inventory only; see report for traced paths
apps/modules/ninja-pool-hall/source/artifacts/pool/vite.config.ts,quarantined-import,75,1836,d8ed95b4c6f240de23a4c32b85ba83f891d96309b8792f0ffd420aed955613aa,inventory only; see report for traced paths
apps/modules/ninja-pool-hall/source/artifacts/pool/vitest.config.ts,quarantined-import,14,286,b0620db9c7b58671c59117d1992f34fecefa316e267268a68a465c9eda308274,inventory only; see report for traced paths
apps/modules/ninja-pool-hall/source/lib/api-client-react/src/custom-fetch.ts,quarantined-import,371,11748,162976e9d0bb8860ff32b9c25e3126e947a0badd5af8f0be91d2f5d564423a26,inventory only; see report for traced paths
apps/modules/ninja-pool-hall/source/lib/api-client-react/src/generated/api.schemas.ts,quarantined-import,10,188,dfe3d552b0b7859763c8188902a3030e59f80959df83563c1d9af85f67734750,inventory only; see report for traced paths
apps/modules/ninja-pool-hall/source/lib/api-client-react/src/generated/api.ts,quarantined-import,101,2645,d073618cf084165e8472aa7224efc528aa66b159f39a3c98d3c12376e6e0b2bd,inventory only; see report for traced paths
apps/modules/ninja-pool-hall/source/lib/api-client-react/src/index.ts,quarantined-import,4,198,b3d4fdd4278127eaa4ee3c253b59ac636392f290459e44eb33dd2beaff4fcb5c,inventory only; see report for traced paths
apps/modules/ninja-pool-hall/source/lib/api-spec/orval.config.ts,quarantined-import,72,1875,4405fcf774d84ca551c4f39ac6f5ce009d2eda68119327be5b96077d534eed7b,inventory only; see report for traced paths
apps/modules/ninja-pool-hall/source/lib/api-zod/src/generated/api.ts,quarantined-import,16,312,0eca8f4fc301d00dc262eff7984ad3c1e012fd13ed04aa22d7854bed6892e2d6,inventory only; see report for traced paths
apps/modules/ninja-pool-hall/source/lib/api-zod/src/generated/types/healthStatus.ts,quarantined-import,11,190,dea88fa6850d4ccfe28d6d94152bb170acaeb21053aced7fe0a874d47e9c5f3b,inventory only; see report for traced paths
apps/modules/ninja-pool-hall/source/lib/api-zod/src/generated/types/index.ts,quarantined-import,9,168,c9f735b339e093bc85087526b7b154a2448fbee89cdfcba6445db04946845346,inventory only; see report for traced paths
apps/modules/ninja-pool-hall/source/lib/api-zod/src/index.ts,quarantined-import,2,70,89699bd2b0a25ca0b01a66c59639489e641f63060c4f0fe2747f4c20a6ef9141,inventory only; see report for traced paths
apps/modules/ninja-pool-hall/source/lib/db/drizzle.config.ts,quarantined-import,14,366,fe5188330c72c0f21a8a5b5f0caccbf8e434ad2f2640bffbcf70655ff98a9b36,inventory only; see report for traced paths
apps/modules/ninja-pool-hall/source/lib/db/src/index.ts,quarantined-import,16,432,fce8835334260a94de751c8c586eb1141348aaa143bb2a711a46b6ea5520b83e,inventory only; see report for traced paths
apps/modules/ninja-pool-hall/source/lib/db/src/schema/index.ts,quarantined-import,20,762,1a1236498452eed3d5e6f6500dce61ad572e003f1ccf99099b922d1d0c2904a9,inventory only; see report for traced paths
apps/modules/ninja-pool-hall/source/scripts/post-merge.sh,quarantined-import,4,76,482bb77382d90ec72e3e6a4172ccb0b0811d466f3e3f7b0f71f79b37940c4662,inventory only; see report for traced paths
apps/modules/ninja-pool-hall/source/scripts/src/hello.ts,quarantined-import,1,47,867b8e4cd892bd51bf01ca72884a70d28750b5d475b38d060f0721a18c2553fa,inventory only; see report for traced paths
apps/modules/ninjamation/source/artifacts/api-server/build.ts,quarantined-import,88,2162,a54f9474fc6a42859f0f081013d3f8f0346732ad338e54dc3b6fc7662aa3bbae,inventory only; see report for traced paths
apps/modules/ninjamation/source/artifacts/api-server/src/app.ts,quarantined-import,82,2161,d9a728fd6decc201b459acba05ab048a36eff9a146cf72e5fff57d3183307410,inventory only; see report for traced paths
apps/modules/ninjamation/source/artifacts/api-server/src/githubSync.ts,quarantined-import,163,4769,ffddbfb6c03a81a36b6e2973e962dd830f7869769eecf7fa42f507e7914d4b25,inventory only; see report for traced paths
apps/modules/ninjamation/source/artifacts/api-server/src/index.ts,quarantined-import,83,2619,3d886d1a893bc7f3619c7e5bf2b57d06ec33feeaaf4b8f58e686e3cde63f8942,inventory only; see report for traced paths
apps/modules/ninjamation/source/artifacts/api-server/src/lib/auth.ts,quarantined-import,86,2404,e91fcba5c5a0209ed82522663faf97e15d2ac1ffc175574bede4a3063f1c2e43,inventory only; see report for traced paths
apps/modules/ninjamation/source/artifacts/api-server/src/lib/logger.ts,quarantined-import,20,441,61936304bfdbd72987ee561605fb9da3fecad8d2a52c5c9f8557734855d1a4a0,inventory only; see report for traced paths
apps/modules/ninjamation/source/artifacts/api-server/src/middlewares/authMiddleware.ts,quarantined-import,87,1986,cf380bb3f54abd17df51e1d575404c4b4bf10c8d20dc0b0128c2ce1c2ca1c22c,inventory only; see report for traced paths
apps/modules/ninjamation/source/artifacts/api-server/src/routes/admin.ts,quarantined-import,206,6609,86eac3c728c036c32818335c255d55da118a7ebbac0d6e1acf6abbfd114471cf,inventory only; see report for traced paths
apps/modules/ninjamation/source/artifacts/api-server/src/routes/auth.ts,quarantined-import,280,8332,a2f46e4ff4bf1d00a0df400a8940777ebb1ad2a14bbedefa2c88a293045d1d67,inventory only; see report for traced paths
apps/modules/ninjamation/source/artifacts/api-server/src/routes/generate.ts,quarantined-import,173,6180,efc4a3a7a5d1175f6af04db02b8fd91e7bbf74235dbc783a7d61b299a3f66dbb,inventory only; see report for traced paths
apps/modules/ninjamation/source/artifacts/api-server/src/routes/health.ts,quarantined-import,11,299,1130cb50b1ef56817252701546b05190a1a609113b9db77cef2a67dce36a8eef,inventory only; see report for traced paths
apps/modules/ninjamation/source/artifacts/api-server/src/routes/index.ts,quarantined-import,18,522,e12c9de9ceec729474c8ec3e2ce47119a1fc770d3aaaba6b3308c99f40478821,inventory only; see report for traced paths
apps/modules/ninjamation/source/artifacts/api-server/src/routes/scripts.ts,quarantined-import,148,4425,cd57b6529052d741eb1b1abe7fae8e17316d68ff0df921e6d2ae81cff871425a,inventory only; see report for traced paths
apps/modules/ninjamation/source/artifacts/api-server/src/routes/subscription.ts,quarantined-import,320,11217,77fa97ca0595ab4c497ee7c3461af9c4a4b7c2e77e540052b07950e5e2c13e40,inventory only; see report for traced paths
apps/modules/ninjamation/source/artifacts/api-server/src/storage.ts,quarantined-import,293,8825,b66ce82bd60deef644281fa07515892e245454c4cb902903b01958027e48e4f9,inventory only; see report for traced paths
apps/modules/ninjamation/source/artifacts/api-server/src/stripeClient.ts,quarantined-import,86,2533,dbe625f45dd2dceab46eec77bc29b52a72b2f8f268a77919f03e6d9510f403b4,inventory only; see report for traced paths
apps/modules/ninjamation/source/artifacts/api-server/src/stripeService.ts,quarantined-import,38,1227,338a98bf1bf73b534432c28ce004d10a2949d8cf9c0293e3a4e708fed6313ba6,inventory only; see report for traced paths
apps/modules/ninjamation/source/artifacts/api-server/src/webhookHandlers.ts,quarantined-import,131,5052,1dc8f36e888ab38a699923b35ae368ecc8190f11a713d300d3dc72de3f349e39,inventory only; see report for traced paths
apps/modules/ninjamation/source/artifacts/automation-station/src/App.tsx,quarantined-import,93,2766,9834a5b632dbc77808234ff5f07785eab510682414701927c448923e221d69be,inventory only; see report for traced paths
apps/modules/ninjamation/source/artifacts/automation-station/src/components/Footer.tsx,quarantined-import,42,2438,8611d888ec85ed303785ae518585e9fed2a75b70a413237be02c239a95aa381b,inventory only; see report for traced paths
apps/modules/ninjamation/source/artifacts/automation-station/src/components/Navbar.tsx,quarantined-import,175,6875,8852d120fb6314a7064edf302c62a681140dfbc1998ecdc93243665083e9bcd2,inventory only; see report for traced paths
apps/modules/ninjamation/source/artifacts/automation-station/src/components/ProtectedRoute.tsx,quarantined-import,55,2524,e4c0534de927e785a6c2b37ef0ca8648d65cedb0c433b576fbd431ebb2332507,inventory only; see report for traced paths
apps/modules/ninjamation/source/artifacts/automation-station/src/components/ui/accordion.tsx,quarantined-import,55,2056,fff47c151b7b1beedd3cdd38f1bb80b28b0152a7d4e323a50b519471dba5206c,inventory only; see report for traced paths
apps/modules/ninjamation/source/artifacts/automation-station/src/components/ui/alert-dialog.tsx,quarantined-import,139,4558,954aa5d2030eac91726054666e81113f22a709fc3d2786e5e6907384ede58dc3,inventory only; see report for traced paths
apps/modules/ninjamation/source/artifacts/automation-station/src/components/ui/alert.tsx,quarantined-import,59,1657,dfac5998c66e5651323d913a1a3d4548e9a3cad94819950e0f6ab36c6ea92c15,inventory only; see report for traced paths
apps/modules/ninjamation/source/artifacts/automation-station/src/components/ui/aspect-ratio.tsx,quarantined-import,5,145,62f29cd87c19f52d403dc2d17823849db2c8cbd541c9f96de20ef13e58d379db,inventory only; see report for traced paths
apps/modules/ninjamation/source/artifacts/automation-station/src/components/ui/avatar.tsx,quarantined-import,50,1469,4ee6fbff6d693bf5b76f1b30e4cd55de6c6343c46a51e636c3e3b8a911fa7ec0,inventory only; see report for traced paths
apps/modules/ninjamation/source/artifacts/automation-station/src/components/ui/badge.tsx,quarantined-import,43,1565,8e1871d6160d067a687beb25f850fa12dfc30d19356fdaa27ae6f7fd17e1fe02,inventory only; see report for traced paths
apps/modules/ninjamation/source/artifacts/automation-station/src/components/ui/breadcrumb.tsx,quarantined-import,115,2827,76807d2c1be3d1e5e0e055ffbecd8451acfc71db6a7aa3c8660631d7603d517f,inventory only; see report for traced paths
apps/modules/ninjamation/source/artifacts/automation-station/src/components/ui/button-group.tsx,quarantined-import,83,2292,f42ab464f85e682be5dd43e069543ddfbc0938d856665304092a5eba3d4cd0c9,inventory only; see report for traced paths
apps/modules/ninjamation/source/artifacts/automation-station/src/components/ui/button.tsx,quarantined-import,65,2421,d0a176bc30348fb86aa581029fe6091db105aca2e372fd12a5fb98b3606a073b,inventory only; see report for traced paths
apps/modules/ninjamation/source/artifacts/automation-station/src/components/ui/calendar.tsx,quarantined-import,213,7782,c95bd7c60cd25365707126852c718ea6ebdd1be2c487cb7c5d88e4be14ad4634,inventory only; see report for traced paths
apps/modules/ninjamation/source/artifacts/automation-station/src/components/ui/card.tsx,quarantined-import,76,1904,c58a39198aab485b7bec9dde033dca0b25be3fce06c00a101c2561dceff775a1,inventory only; see report for traced paths
apps/modules/ninjamation/source/artifacts/automation-station/src/components/ui/carousel.tsx,quarantined-import,260,6470,d48a52f0bc5161c47ee818c88bebedea98c14742a1e4d3c76639a612ddbb376a,inventory only; see report for traced paths
apps/modules/ninjamation/source/artifacts/automation-station/src/components/ui/chart.tsx,quarantined-import,367,11130,e38a709f24713b27f4fc90ddb140b90f784bb5dbfc81ae4c89f8b34b20bdfcc6,inventory only; see report for traced paths
apps/modules/ninjamation/source/artifacts/automation-station/src/components/ui/checkbox.tsx,quarantined-import,28,1059,a90725bcc6583cbced083484e8051582284f5374acc1585e0a742f1c21925cad,inventory only; see report for traced paths
apps/modules/ninjamation/source/artifacts/automation-station/src/components/ui/collapsible.tsx,quarantined-import,11,340,bc854800960ef4129d4679a7c4a6b5091e7038adc03698e4529d0c9b5af0d831,inventory only; see report for traced paths
apps/modules/ninjamation/source/artifacts/automation-station/src/components/ui/command.tsx,quarantined-import,153,5040,65332ac050fabef0c860273d8d97be14a6a33b8d3b7cfb1599aded26622f0246,inventory only; see report for traced paths
apps/modules/ninjamation/source/artifacts/automation-station/src/components/ui/context-menu.tsx,quarantined-import,198,7604,f875c1dc21224f223d27962338e983589c014a6980bd03c5f1b651ebb7471345,inventory only; see report for traced paths
apps/modules/ninjamation/source/artifacts/automation-station/src/components/ui/dialog.tsx,quarantined-import,120,3955,8a4215777ab3e381c840c0708818dbf4799d6fe3ba44f39cbae0da0b3e0bcab1,inventory only; see report for traced paths
apps/modules/ninjamation/source/artifacts/automation-station/src/components/ui/drawer.tsx,quarantined-import,116,3123,9710f71dcf19d52d2e757ea2f364a03b4bd4546161f4bbebfdd8a829a382748a,inventory only; see report for traced paths
apps/modules/ninjamation/source/artifacts/automation-station/src/components/ui/dropdown-menu.tsx,quarantined-import,201,7807,8d02514fbfde8abddd519887fa2332fe151428f54c0f46d07466e77a49b2b70f,inventory only; see report for traced paths
apps/modules/ninjamation/source/artifacts/automation-station/src/components/ui/empty.tsx,quarantined-import,104,2500,954873c4438f866bc417e36f7745000c16a8851b59609bdc310bb027c2918953,inventory only; see report for traced paths
apps/modules/ninjamation/source/artifacts/automation-station/src/components/ui/field.tsx,quarantined-import,244,6288,a4808670f918794e5402bf9753e9009a75a29868a1f9ff4f399260a0a3513381,inventory only; see report for traced paths
apps/modules/ninjamation/source/artifacts/automation-station/src/components/ui/form.tsx,quarantined-import,176,4351,377975a4e6a9da67a52d097d59a03a398e9023a45cd5a5cc79de25b6bb6a4a92,inventory only; see report for traced paths
apps/modules/ninjamation/source/artifacts/automation-station/src/components/ui/hover-card.tsx,quarantined-import,27,1264,7bef587e8c6ff88faae02c1dc58572a794f88950459edb4a409070f5ef7bc290,inventory only; see report for traced paths
apps/modules/ninjamation/source/artifacts/automation-station/src/components/ui/input-group.tsx,quarantined-import,168,5139,6d7a49acb2cbb08a0abb911f41deb0d097d2b1a1a8647959c5ebbd4fe37aaa75,inventory only; see report for traced paths
apps/modules/ninjamation/source/artifacts/automation-station/src/components/ui/input-otp.tsx,quarantined-import,69,2212,d7699cf34d1a4cfd88c3da711cf6a193cd72e1f5b0ffc6b392fe9f35d0125f29,inventory only; see report for traced paths
apps/modules/ninjamation/source/artifacts/automation-station/src/components/ui/input.tsx,quarantined-import,22,790,cacc180f0367350b3fe134949e04a562e027878131faadabeb300148c6cd84fb,inventory only; see report for traced paths
apps/modules/ninjamation/source/artifacts/automation-station/src/components/ui/item.tsx,quarantined-import,193,4687,f93d19a3e63b621b16d8ffaabb531c10b3b5611153e14079a187a9d76a78fab8,inventory only; see report for traced paths
apps/modules/ninjamation/source/artifacts/automation-station/src/components/ui/kbd.tsx,quarantined-import,28,890,dd4b76a2c84f23bb410a1361c8355332ad8d0e99bc348cec8fd626c26c50540c,inventory only; see report for traced paths
apps/modules/ninjamation/source/artifacts/automation-station/src/components/ui/label.tsx,quarantined-import,26,750,8253ee4179284de5d037eee03b55f4499b04ff41ddfa60b3176ea28d4bdc301c,inventory only; see report for traced paths
apps/modules/ninjamation/source/artifacts/automation-station/src/components/ui/menubar.tsx,quarantined-import,254,8862,95dff8f7a917b42de3f413df3c5f7615cf158ae4ed9129642eff59ba9d352d0c,inventory only; see report for traced paths
apps/modules/ninjamation/source/artifacts/automation-station/src/components/ui/navigation-menu.tsx,quarantined-import,128,5252,f8ba72ac1edf867f20e940b5b99212d98ebd7d5a2132eaf6a98130209080bb2e,inventory only; see report for traced paths
apps/modules/ninjamation/source/artifacts/automation-station/src/components/ui/pagination.tsx,quarantined-import,117,2868,e3cc6dfb9d84cf94a00b1c61e188ff19ab9cc5558ef046944d90bd6e2de55d31,inventory only; see report for traced paths
apps/modules/ninjamation/source/artifacts/automation-station/src/components/ui/popover.tsx,quarantined-import,31,1373,c700d123e6729b734ac3b13a44947d2ef9180b56dc9a72e8a1768ea8b943bc93,inventory only; see report for traced paths
apps/modules/ninjamation/source/artifacts/automation-station/src/components/ui/progress.tsx,quarantined-import,28,820,0e52f6bdff8b18385effd7845819cbe78fbe565e76509c08d9e072ddd474c566,inventory only; see report for traced paths
apps/modules/ninjamation/source/artifacts/automation-station/src/components/ui/radio-group.tsx,quarantined-import,42,1452,7fe8ffedbabac6b82d277b086b774f9ee57d9184d1ab13452d77ceda489c5c99,inventory only; see report for traced paths
apps/modules/ninjamation/source/artifacts/automation-station/src/components/ui/resizable.tsx,quarantined-import,45,1768,bbb236cf580525f2f1f7e40404d34c03cf806c02eee8404891f72fcf5034ec31,inventory only; see report for traced paths
apps/modules/ninjamation/source/artifacts/automation-station/src/components/ui/scroll-area.tsx,quarantined-import,46,1688,5bbf2efc963f2a62d9f9d41fdf2a96f798ad409ee2a1fdb1fe51da947d882dc7,inventory only; see report for traced paths
apps/modules/ninjamation/source/artifacts/automation-station/src/components/ui/select.tsx,quarantined-import,159,5904,41c332da1a05575ee9f45650301efcdaa62b01b237c831d779ab23f034f535c7,inventory only; see report for traced paths
apps/modules/ninjamation/source/artifacts/automation-station/src/components/ui/separator.tsx,quarantined-import,29,785,1e2f9c2eab409bf25614f4e0b495b9a67646e92a0a7d1a033afaada64fdb1b78,inventory only; see report for traced paths
apps/modules/ninjamation/source/artifacts/automation-station/src/components/ui/sheet.tsx,quarantined-import,140,4420,72edc44a754350bb77fcd9bfd621f3b8b98fba5e85aa72d7555912b1e2ea6faf,inventory only; see report for traced paths
apps/modules/ninjamation/source/artifacts/automation-station/src/components/ui/sidebar.tsx,quarantined-import,727,22573,3a36ba9f139af5708d6aa1f0fc620085e4b2e9fcc1e58e35ee1933a0c9ac07ce,inventory only; see report for traced paths
apps/modules/ninjamation/source/artifacts/automation-station/src/components/ui/skeleton.tsx,quarantined-import,15,281,91e3bb69a8b91319442ae4aa4203407044b90bd43703c3aa8f011d43f844fe43,inventory only; see report for traced paths
apps/modules/ninjamation/source/artifacts/automation-station/src/components/ui/slider.tsx,quarantined-import,26,1063,f2c30f700b5a8dfd342413ca266f7618b39dac0ca50e7101adefd0b68afb3478,inventory only; see report for traced paths
apps/modules/ninjamation/source/artifacts/automation-station/src/components/ui/sonner.tsx,quarantined-import,31,925,16ab4f1f4c538f3991751b31c64d930b44a4d20caef51629ee13c3517db9a986,inventory only; see report for traced paths
apps/modules/ninjamation/source/artifacts/automation-station/src/components/ui/spinner.tsx,quarantined-import,16,347,cbf9073613aed22ffd4ba21219adc1d1b8dce311d4280800f772b5eae587eeff,inventory only; see report for traced paths
apps/modules/ninjamation/source/artifacts/automation-station/src/components/ui/switch.tsx,quarantined-import,27,1175,08711f3d92da7c10c8f84d30984870628331e66212fb9f618da24d1a803a4dee,inventory only; see report for traced paths
apps/modules/ninjamation/source/artifacts/automation-station/src/components/ui/table.tsx,quarantined-import,120,2979,865e3fca4936c02b58beab4509abcb468449fd2ee2ebdc3aebdd23ee3bfd982b,inventory only; see report for traced paths
apps/modules/ninjamation/source/artifacts/automation-station/src/components/ui/tabs.tsx,quarantined-import,53,1930,8134e14b016e1f3846640c2bc8a2c6438c289da6b8ce1d04362a101ef62d45a7,inventory only; see report for traced paths
apps/modules/ninjamation/source/artifacts/automation-station/src/components/ui/textarea.tsx,quarantined-import,22,671,c3b95caa4b59e88f09752932dc93d289f9e3758fd0eff9b029f8e6d453dcea03,inventory only; see report for traced paths
apps/modules/ninjamation/source/artifacts/automation-station/src/components/ui/toast.tsx,quarantined-import,127,4972,2da684420d53b7826485853a5f433bc794eb8a3fa3ca99db7cabb59974dfff38,inventory only; see report for traced paths
apps/modules/ninjamation/source/artifacts/automation-station/src/components/ui/toaster.tsx,quarantined-import,33,805,d336e69dc56f72df1da448f1f39eedddb3b7e0dd0e5a69ca5be8db7acb32b7e4,inventory only; see report for traced paths
apps/modules/ninjamation/source/artifacts/automation-station/src/components/ui/toggle-group.tsx,quarantined-import,61,1814,04c1ac2983a3b790295fae9a0c475b32c61d6c49954e65eb38b54fa9af09f9dc,inventory only; see report for traced paths
apps/modules/ninjamation/source/artifacts/automation-station/src/components/ui/toggle.tsx,quarantined-import,43,1529,950f6552560c82c4f7c8ad15568acb0ce59ee6305afe8b2df92a0b4c60a1d478,inventory only; see report for traced paths
apps/modules/ninjamation/source/artifacts/automation-station/src/components/ui/tooltip.tsx,quarantined-import,32,1299,f3b91d8e764ae4bf78e0bf44a62cd8ef2503a251a7824ee062f0cd864caffdf6,inventory only; see report for traced paths
apps/modules/ninjamation/source/artifacts/automation-station/src/hooks/use-mobile.tsx,quarantined-import,19,584,d2377fbad5ad2bdf7fa896a68c36ac8bf4aa74a974b2061f77b41ae58d623001,inventory only; see report for traced paths
apps/modules/ninjamation/source/artifacts/automation-station/src/hooks/use-toast.ts,quarantined-import,191,4086,52580e80b7d8e7dfc0eee27f3bc8dfa209e32fe8dc96b8e3e79ed61666348dd7,inventory only; see report for traced paths
apps/modules/ninjamation/source/artifacts/automation-station/src/index.css,quarantined-import,123,3843,02040b39d0d3dd2c7b41d3de3cc272414d7cbcf61ba559a1a47e28b890464aad,inventory only; see report for traced paths
apps/modules/ninjamation/source/artifacts/automation-station/src/lib/utils.ts,quarantined-import,6,172,74a147991a119f1c4cdc25a4d9b22713632fa32eb136e55ab6939b006d71b9d6,inventory only; see report for traced paths
apps/modules/ninjamation/source/artifacts/automation-station/src/main.tsx,quarantined-import,5,162,5df52f8fa0b617b6ff92334adc5551e01c4bf771c5a27c6abe58ad162c347b80,inventory only; see report for traced paths
apps/modules/ninjamation/source/artifacts/automation-station/src/pages/Account.tsx,quarantined-import,103,4748,560f50f0567c2f8b728480e2ec8e47921f83e0daf78a05a3ad568d5b6a364844,inventory only; see report for traced paths
apps/modules/ninjamation/source/artifacts/automation-station/src/pages/Admin.tsx,quarantined-import,529,25419,e41995ed773f3442f50af24269829fa9f12b8027dc4058f755bc81344f9e7f87,inventory only; see report for traced paths
apps/modules/ninjamation/source/artifacts/automation-station/src/pages/CheckoutCancel.tsx,quarantined-import,31,1332,5af749c63de1810ad8a1f406ca7c126b7172ea0f532ce5c7b2eeb370a7997849,inventory only; see report for traced paths
apps/modules/ninjamation/source/artifacts/automation-station/src/pages/CheckoutSuccess.tsx,quarantined-import,26,1198,adb58431af89b847251ac362f2a08ab1bae13087230ce1d1d67431e7f38fa4f9,inventory only; see report for traced paths
apps/modules/ninjamation/source/artifacts/automation-station/src/pages/GenerateAI.tsx,quarantined-import,258,12057,7cf3cbf7bea8b66cf14ab4010ee2148d785b67e14802e9d6bc05f5658bea3f76,inventory only; see report for traced paths
apps/modules/ninjamation/source/artifacts/automation-station/src/pages/Home.tsx,quarantined-import,341,18626,e367bf1d4c4f6076fd34407dc7eaa33e9ef208a28267892e3d55c23f907d8a7b,inventory only; see report for traced paths
apps/modules/ninjamation/source/artifacts/automation-station/src/pages/Library.tsx,quarantined-import,155,7604,760bd9546385313d63cdc621c982732ba2e543ec51b55760b50871c564431e53,inventory only; see report for traced paths
apps/modules/ninjamation/source/artifacts/automation-station/src/pages/Pricing.tsx,quarantined-import,119,5236,a7fc0c54504df1ff54b2fb8e48bf562c39b14693c5f430ebce15ff90a416b778,inventory only; see report for traced paths
apps/modules/ninjamation/source/artifacts/automation-station/src/pages/ScriptDetail.tsx,quarantined-import,124,5614,688e7442787d0bfa0ee3876b1d655dd6307601410838750aa2ea4a7c306fba01,inventory only; see report for traced paths
apps/modules/ninjamation/source/artifacts/automation-station/src/pages/not-found.tsx,quarantined-import,24,930,f56fa4757bdeaf379a44d5728ee39bbfd4256698f49a5e3d66e2353953b93025,inventory only; see report for traced paths
apps/modules/ninjamation/source/artifacts/automation-station/vite.config.ts,quarantined-import,75,1837,207f543908486c29a1a207a8f2cd3dd5e8be7e5410db76cb4ec1c91453d72a66,inventory only; see report for traced paths
apps/modules/ninjamation/source/lib/api-client-react/src/custom-fetch.ts,quarantined-import,368,11587,441f51867c86ce11d8f669400f9a7dc93bd4d11d4d8e54a61b9f62e3980c500c,inventory only; see report for traced paths
apps/modules/ninjamation/source/lib/api-client-react/src/generated/api.schemas.ts,quarantined-import,179,3484,14a2e0c40354e4ef7f472c8d2e13ae5b07df0961da0dec045f0743c4d7c0d112,inventory only; see report for traced paths
apps/modules/ninjamation/source/lib/api-client-react/src/generated/api.ts,quarantined-import,1478,41621,6966970f79e530a8f9bb1c031ef6dc936cf4924236130c04b8e79a71541c5e30,inventory only; see report for traced paths
apps/modules/ninjamation/source/lib/api-client-react/src/index.ts,quarantined-import,4,198,b3d4fdd4278127eaa4ee3c253b59ac636392f290459e44eb33dd2beaff4fcb5c,inventory only; see report for traced paths
apps/modules/ninjamation/source/lib/api-spec/orval.config.ts,quarantined-import,69,1767,6e2f501f5788d16c5ebc554afe1087c1e41b177849021d4f1d78817837f8b1ee,inventory only; see report for traced paths
apps/modules/ninjamation/source/lib/api-zod/src/generated/api.ts,quarantined-import,274,6947,4adf18e3b701dd2089f02af51e80a6a95ade6991f95a4ded82355357ef959aca,inventory only; see report for traced paths
apps/modules/ninjamation/source/lib/api-zod/src/generated/types/authUser.ts,quarantined-import,19,379,c3d86b3fed4119d94a3138d873f72eadd424920f2db4ce580ef0b9116c8c71f5,inventory only; see report for traced paths
apps/modules/ninjamation/source/lib/api-zod/src/generated/types/authUserEnvelope.ts,quarantined-import,12,246,654462e80548b3b567367827e0d1be43316479e1bd547bdb49557cf735ea1c51,inventory only; see report for traced paths
apps/modules/ninjamation/source/lib/api-zod/src/generated/types/authorizationSessionHeaderParameter.ts,quarantined-import,9,194,9292ccd1878e4e57e74a51b8254979572b469c04ba1a88818572095e77893fa4,inventory only; see report for traced paths
apps/modules/ninjamation/source/lib/api-zod/src/generated/types/beginBrowserLoginParams.ts,quarantined-import,11,202,a1d14c3828ceb5154564f9219c21590d5cc1bb4ed9e19f2cf57e4bd150783dec,inventory only; see report for traced paths
apps/modules/ninjamation/source/lib/api-zod/src/generated/types/checkoutRequest.ts,quarantined-import,11,194,e062758e996bb2d93d8b8ae06030fffbc11444fee40e39eb97e2c86f64f8fc5e,inventory only; see report for traced paths
apps/modules/ninjamation/source/lib/api-zod/src/generated/types/checkoutResponse.ts,quarantined-import,11,191,1ac357ac6856db74460f8a57c2ba5f77fd04dae551a63348569231e0b2acfa65,inventory only; see report for traced paths
apps/modules/ninjamation/source/lib/api-zod/src/generated/types/errorEnvelope.ts,quarantined-import,11,190,cbe7913f0ee860db46969f40eac7810eaeaeed50b5954c2fb35bc923ff7b0c77,inventory only; see report for traced paths
apps/modules/ninjamation/source/lib/api-zod/src/generated/types/formatsResponse.ts,quarantined-import,12,221,8c8a27c84c0a2301e1c91774baab6e905573a07ae7db4ce9eb9245ca9e57a0b0,inventory only; see report for traced paths
apps/modules/ninjamation/source/lib/api-zod/src/generated/types/generateScriptRequest.ts,quarantined-import,19,481,230113d4ee89fa3430267c0d4833b7e7b5a1bd2dbbaef1ed3e4386d8a3f84122,inventory only; see report for traced paths
apps/modules/ninjamation/source/lib/api-zod/src/generated/types/generateScriptRequestFormat.ts,quarantined-import,20,443,63c8905c86e738646497091d3bec88101b9096a00fb7d4eecbc80db1d7ad0c71,inventory only; see report for traced paths
apps/modules/ninjamation/source/lib/api-zod/src/generated/types/generateScriptResult.ts,quarantined-import,12,257,09a3bad9fcacabaae2a24bcabfb28c598564f8e94e35d263e8dc1dc2bebc1fa8,inventory only; see report for traced paths
apps/modules/ninjamation/source/lib/api-zod/src/generated/types/handleBrowserLoginCallbackParams.ts,quarantined-import,13,243,3c7d24ec5e2b2f230f4f30349a166628199788d23f10aade856b8402ede1b0ba,inventory only; see report for traced paths
apps/modules/ninjamation/source/lib/api-zod/src/generated/types/healthStatus.ts,quarantined-import,11,190,dea88fa6850d4ccfe28d6d94152bb170acaeb21053aced7fe0a874d47e9c5f3b,inventory only; see report for traced paths
apps/modules/ninjamation/source/lib/api-zod/src/generated/types/index.ts,quarantined-import,33,1108,c27371be447fd977a3ff5bd89ca3a7425a4ae05633af2b7d90cf469fcd448888,inventory only; see report for traced paths
apps/modules/ninjamation/source/lib/api-zod/src/generated/types/listScriptsParams.ts,quarantined-import,15,273,4d4b506a2e094dd6875c7496bf8820b01548d8310be817d6272afba6ddedfa89,inventory only; see report for traced paths
apps/modules/ninjamation/source/lib/api-zod/src/generated/types/logoutSuccess.ts,quarantined-import,12,259,53e412f9c3b7641f07686f424ea078d2bdf3c05297dd5718ecc6258661fa975d,inventory only; see report for traced paths
apps/modules/ninjamation/source/lib/api-zod/src/generated/types/mobileTokenExchangeRequest.ts,quarantined-import,20,405,8661d6d8ac50d220571c52b6e8f94f2e405801d5290e51310482cf5f9d6ff919,inventory only; see report for traced paths
apps/modules/ninjamation/source/lib/api-zod/src/generated/types/mobileTokenExchangeSuccess.ts,quarantined-import,11,203,e9adbac4724f2d578f32a875398b1ac6362ae3c5cc836e2d02afcd3697cba535,inventory only; see report for traced paths
apps/modules/ninjamation/source/lib/api-zod/src/generated/types/plan.ts,quarantined-import,17,303,9335746379529bbf8fb7153f666ae79aa90137b1beb6eaf8c4c4a1492c6fe045,inventory only; see report for traced paths
apps/modules/ninjamation/source/lib/api-zod/src/generated/types/plansResponse.ts,quarantined-import,12,227,5b1ef19d2f53f647f02034e5f8f52392d559a484b88962e1bd60059f30cb2703,inventory only; see report for traced paths
apps/modules/ninjamation/source/lib/api-zod/src/generated/types/portalResponse.ts,quarantined-import,11,189,5da24aa64bac2e3fba9235a935262dd3f6bf0bfa26d9b52b5e3e38608683a109,inventory only; see report for traced paths
apps/modules/ninjamation/source/lib/api-zod/src/generated/types/scriptDetail.ts,quarantined-import,20,376,9e8548209825666258cb130807997370511d6d4eee46f3a23a459bedb5079acf,inventory only; see report for traced paths
apps/modules/ninjamation/source/lib/api-zod/src/generated/types/scriptSummary.ts,quarantined-import,18,336,3417031406c02bcc5e5f40f48d4254669f4b76806cacf0a6873c307c9ebb3a7a,inventory only; see report for traced paths
apps/modules/ninjamation/source/lib/api-zod/src/generated/types/scriptsListResponse.ts,quarantined-import,15,320,eb067af99c65cae2d740c97ed90050daf1b4816f1165ca8131b78a0881bccc35,inventory only; see report for traced paths
apps/modules/ninjamation/source/lib/api-zod/src/generated/types/subscriptionStatusResponse.ts,quarantined-import,19,419,c3e94497940ddd8cc9e8f16e10dd75e1b1345cd5b8fb6abdf40e39684505a900,inventory only; see report for traced paths
apps/modules/ninjamation/source/lib/api-zod/src/generated/types/syncResponse.ts,quarantined-import,12,210,187cf633c546258e3cd1ec3075740dd2db34a2a3fc52178744540bdad841262f,inventory only; see report for traced paths
apps/modules/ninjamation/source/lib/api-zod/src/index.ts,quarantined-import,2,70,89699bd2b0a25ca0b01a66c59639489e641f63060c4f0fe2747f4c20a6ef9141,inventory only; see report for traced paths
apps/modules/ninjamation/source/lib/db/drizzle.config.ts,quarantined-import,14,366,fe5188330c72c0f21a8a5b5f0caccbf8e434ad2f2640bffbcf70655ff98a9b36,inventory only; see report for traced paths
apps/modules/ninjamation/source/lib/db/src/index.ts,quarantined-import,16,432,fce8835334260a94de751c8c586eb1141348aaa143bb2a711a46b6ea5520b83e,inventory only; see report for traced paths
apps/modules/ninjamation/source/lib/db/src/schema/auth.ts,quarantined-import,29,1191,760e4bbadeaa8fac449716afaa6e109f2886d962bbba75ca7efe4a1ee04bd9f4,inventory only; see report for traced paths
apps/modules/ninjamation/source/lib/db/src/schema/index.ts,quarantined-import,2,53,8645bbbb08333efd0a9c85dd24fc1551d8c962b732ed05b4ffcec88d85db0935,inventory only; see report for traced paths
apps/modules/ninjamation/source/lib/db/src/schema/scripts.ts,quarantined-import,22,1048,da8354fc870fa173da4f61d442654c1205e665bc31a8642565a88388ed2ee4eb,inventory only; see report for traced paths
apps/modules/ninjamation/source/lib/integrations-openai-ai-server/src/audio/client.ts,quarantined-import,251,8197,e540172882ab8235a0967fa9f336e3749017fc1740babec1e61e36c37447a6a8,inventory only; see report for traced paths
apps/modules/ninjamation/source/lib/integrations-openai-ai-server/src/audio/index.ts,quarantined-import,13,242,9cc78eb1ec57939c6d9d473a31374f1b2f64f8bd7349d066af62476c0eca44a9,inventory only; see report for traced paths
apps/modules/ninjamation/source/lib/integrations-openai-ai-server/src/batch/index.ts,quarantined-import,6,113,72d79c4574464aee97892cae2b4771cc36c83975be96344d516d391c1ee24b02,inventory only; see report for traced paths
apps/modules/ninjamation/source/lib/integrations-openai-ai-server/src/batch/utils.ts,quarantined-import,139,3973,848cf6da6bf668b5f31c34da8bd3a443b312b813f4950f84f04842a3520a166b,inventory only; see report for traced paths
apps/modules/ninjamation/source/lib/integrations-openai-ai-server/src/client.ts,quarantined-import,18,567,8aaaee1c542f3bea1400db293c898344ec57a0e8037bdbaf18926d848748d357,inventory only; see report for traced paths
apps/modules/ninjamation/source/lib/integrations-openai-ai-server/src/image/client.ts,quarantined-import,62,1628,524cb604589d44095af4bea47ff92f5b020bab003d40392133994243dd5bd99d,inventory only; see report for traced paths
apps/modules/ninjamation/source/lib/integrations-openai-ai-server/src/image/index.ts,quarantined-import,1,69,7a6427ea3f384c1f5cb42f13c11cdd7f82bd4f16f583523320caf643404d5c39,inventory only; see report for traced paths
apps/modules/ninjamation/source/lib/integrations-openai-ai-server/src/index.ts,quarantined-import,3,195,1269146a2a37fb2a5e705b3f3feb51413cb836ec10cb3c4ae0bbeb9d48cccd90,inventory only; see report for traced paths
apps/modules/ninjamation/source/lib/replit-auth-web/src/env.d.ts,quarantined-import,7,121,34bb7f5c62d1c388e208ed677061aeb92e1dc6fc5a02592548eeea5b0c835b1e,inventory only; see report for traced paths
apps/modules/ninjamation/source/lib/replit-auth-web/src/index.ts,quarantined-import,2,84,70a120dc719c0ee3185dc015d89fd85c4890c691b5b93bb53d5ad40eb567f866,inventory only; see report for traced paths
apps/modules/ninjamation/source/lib/replit-auth-web/src/use-auth.ts,quarantined-import,60,1465,8ecad9f71a814842cb20e0b9070db6739fe90cb7372b3be3f48cea06e900bd22,inventory only; see report for traced paths
apps/modules/ninjamation/source/scripts/post-merge.sh,quarantined-import,4,76,482bb77382d90ec72e3e6a4172ccb0b0811d466f3e3f7b0f71f79b37940c4662,inventory only; see report for traced paths
apps/modules/ninjamation/source/scripts/src/hello.ts,quarantined-import,1,47,867b8e4cd892bd51bf01ca72884a70d28750b5d475b38d060f0721a18c2553fa,inventory only; see report for traced paths
apps/modules/ninjamation/source/scripts/src/seed-products.ts,quarantined-import,88,3386,28f5df4df339a6ae84d5725a8e0aa872cefd1396ccd4437de505e61b6e43107e,inventory only; see report for traced paths
apps/modules/ninjamation/source/scripts/src/stripeClient.ts,quarantined-import,58,1738,a5b979bdf6162339099480129d6710410b5e8d50cdbcf01f08787de3be29b66b,inventory only; see report for traced paths
apps/modules/outcall/adapter.ts,quarantined-import,95,2850,afcb1ee1b9cf3decc3c83469b929731530a1adbe52a558d2d3d9846a9e5d1db2,inventory only; see report for traced paths
apps/modules/pulsedesk/adapter.ts,quarantined-import,116,4096,0b4764c25388c5562f53f2f858cf1d6d6e4df8aeba807c281ea7f8646493fe3a,inventory only; see report for traced paths
apps/modules/pulsedesk/source/client/public/sw.js,quarantined-import,72,1867,4b3bd5c4ab232d0ac3f25c68c793cf34f317c6e7b19ac02cdc2a8250b625ea00,inventory only; see report for traced paths
apps/modules/pulsedesk/source/client/src/App.tsx,quarantined-import,175,6498,1b9ac05f78e9fc28614b2e0064c4f50f966c666e00e1b8077cff230350c91c18,inventory only; see report for traced paths
apps/modules/pulsedesk/source/client/src/components/app-sidebar.tsx,quarantined-import,224,9028,a9655245f5dc1a1994e380e8957db8df90187f002db0b9b3d3099576015da33e,inventory only; see report for traced paths
apps/modules/pulsedesk/source/client/src/components/dashboard/activity-feed.tsx,quarantined-import,55,2091,3d581cb430b4d2a9c7d8c29c110550c397c8908695fcf24ad00e0003ac288c80,inventory only; see report for traced paths
apps/modules/pulsedesk/source/client/src/components/dashboard/quick-actions.tsx,quarantined-import,28,1161,81053da6e226305584d4274cff04f592e7c59d2650dd793f2652bce64493ca36,inventory only; see report for traced paths
apps/modules/pulsedesk/source/client/src/components/dashboard/revenue-chart.tsx,quarantined-import,72,2155,c0529f572a93adc84a5974484c4fe66995ebacca8f70383ce66fe2bcef3be59d,inventory only; see report for traced paths
apps/modules/pulsedesk/source/client/src/components/data-table.tsx,quarantined-import,224,7349,2585b4437a08e7b112a30fae8c61066e38c34d7a3b20ac846b75e03d2cde1eb2,inventory only; see report for traced paths
apps/modules/pulsedesk/source/client/src/components/demo-banner.tsx,quarantined-import,14,660,86fbf7ec838aba902b9aa4d2e3c91a9c4b27e0bc1adba28d6df26f84ecd40af4,inventory only; see report for traced paths
apps/modules/pulsedesk/source/client/src/components/ecosystem-footer.tsx,quarantined-import,64,2576,147616ef98535fb2968da3272c87c4ba9b81cfc33847e1d8aebdd8af724b35ba,inventory only; see report for traced paths
apps/modules/pulsedesk/source/client/src/components/empty-state.tsx,quarantined-import,35,1025,a114ede45d18e10ac7fdf990b1d5b0ce4161cceebe3af1a0fc02ccba3716955b,inventory only; see report for traced paths
apps/modules/pulsedesk/source/client/src/components/error-boundary.tsx,quarantined-import,63,2145,f69edc3477d0bd6b281bb57553f17e709ff95c30f794f13e36cf274e3cf90645,inventory only; see report for traced paths
apps/modules/pulsedesk/source/client/src/components/help-drawer.tsx,quarantined-import,77,3920,76203e75ed9244ba03dd6d25c14a674f304345370d2a278e4efbc6d0f749dea7,inventory only; see report for traced paths
apps/modules/pulsedesk/source/client/src/components/mobile-action-bar.tsx,quarantined-import,38,1022,847039197d2c912bd890a47e91014a9dc1e820f9451397f5c7329b4eef057799,inventory only; see report for traced paths
apps/modules/pulsedesk/source/client/src/components/notification-center.tsx,quarantined-import,173,6695,73e9b23d7ae6bf4f49debffbff3447005e8e366a38e81efcf4cdefbc9fbd774e,inventory only; see report for traced paths
apps/modules/pulsedesk/source/client/src/components/page-header.tsx,quarantined-import,25,1025,9d7c8a31377e5a5abb47b5141fecb1c5fbb8ba219458e35a416bd5b451454bd5,inventory only; see report for traced paths
apps/modules/pulsedesk/source/client/src/components/pulse-line.tsx,quarantined-import,73,2132,368508f935087741ef4ee0b959981f2118e606a7ac0a075a78ae08da3e135e41,inventory only; see report for traced paths
apps/modules/pulsedesk/source/client/src/components/pwa-install-banner.tsx,quarantined-import,105,3831,ecd556b43d7b4705b21706a30e5a1dc54038657a99b840dceaac5e0d7c1692e8,inventory only; see report for traced paths
apps/modules/pulsedesk/source/client/src/components/pwa-install-prompt.tsx,quarantined-import,132,4750,04cd10ec9d190821692fb60b5d899d0088d423cb3aba96d3a86877c7283c4655,inventory only; see report for traced paths
apps/modules/pulsedesk/source/client/src/components/related-products.tsx,quarantined-import,65,2637,0c3f13a0373fdb3240f6eda093c6326c00f9e3cada788f7b5c3354c2b638d1d3,inventory only; see report for traced paths
apps/modules/pulsedesk/source/client/src/components/stat-card.tsx,quarantined-import,42,1684,29c47bb0883af6effa9955efdf5783dcd9e84316f01818d885d886e688b52f72,inventory only; see report for traced paths
apps/modules/pulsedesk/source/client/src/components/status-badge.tsx,quarantined-import,105,3600,b90d012761a11a06fcb59653ee79fe2ad277c5ad2239d66cc10b49986aa46eaa,inventory only; see report for traced paths
apps/modules/pulsedesk/source/client/src/components/ui/accordion.tsx,quarantined-import,56,2033,ec30822a5aa2e45d1e249a99f473fa12a35b2c466993d571239466f622062eff,inventory only; see report for traced paths
apps/modules/pulsedesk/source/client/src/components/ui/alert-dialog.tsx,quarantined-import,139,4559,938870c65894f35eefcd4723e28fa5408d1332b783768900350780800161b7ab,inventory only; see report for traced paths
apps/modules/pulsedesk/source/client/src/components/ui/alert.tsx,quarantined-import,59,1643,1aaba23c7a1095f7abea7c9f6ce12a43c22bb8f97e957c9cae222666e0c8be83,inventory only; see report for traced paths
apps/modules/pulsedesk/source/client/src/components/ui/aspect-ratio.tsx,quarantined-import,5,145,62f29cd87c19f52d403dc2d17823849db2c8cbd541c9f96de20ef13e58d379db,inventory only; see report for traced paths
apps/modules/pulsedesk/source/client/src/components/ui/avatar.tsx,quarantined-import,51,1643,b5721fcdb7a6970d7914c46af2fc04271e1ddc588975fae33d85a882f4d68129,inventory only; see report for traced paths
apps/modules/pulsedesk/source/client/src/components/ui/badge.tsx,quarantined-import,38,1240,440c15d298be41c6ea0b9047238d04e8318ec14649b40a08a7585e1b875a5d15,inventory only; see report for traced paths
apps/modules/pulsedesk/source/client/src/components/ui/breadcrumb.tsx,quarantined-import,115,2827,76807d2c1be3d1e5e0e055ffbecd8451acfc71db6a7aa3c8660631d7603d517f,inventory only; see report for traced paths
apps/modules/pulsedesk/source/client/src/components/ui/button.tsx,quarantined-import,62,2421,2612300e2cee856b13955515bc2d6bafbbcbcde8cb9dee33cbe516b3934a070e,inventory only; see report for traced paths
apps/modules/pulsedesk/source/client/src/components/ui/calendar.tsx,quarantined-import,68,2763,bd9df47ec3903c7b91e83ba2a759a4eab014aef7c11c5908b952391d976d1275,inventory only; see report for traced paths
apps/modules/pulsedesk/source/client/src/components/ui/card.tsx,quarantined-import,85,1989,273d56163b96af72be78bf573e2e54f4d16243d0695c052a85f9e5c376091601,inventory only; see report for traced paths
apps/modules/pulsedesk/source/client/src/components/ui/carousel.tsx,quarantined-import,260,6470,d48a52f0bc5161c47ee818c88bebedea98c14742a1e4d3c76639a612ddbb376a,inventory only; see report for traced paths
apps/modules/pulsedesk/source/client/src/components/ui/chart.tsx,quarantined-import,365,10846,eab9c3a74a9e97aad44af978604e018cb2ff3a79445347aca4f2af40d48aac19,inventory only; see report for traced paths
apps/modules/pulsedesk/source/client/src/components/ui/checkbox.tsx,quarantined-import,28,1084,8fe06fca3f25a01e2ecf407f258a730580ffd07515efa30acbbe0ffbe4571383,inventory only; see report for traced paths
apps/modules/pulsedesk/source/client/src/components/ui/collapsible.tsx,quarantined-import,11,340,bc854800960ef4129d4679a7c4a6b5091e7038adc03698e4529d0c9b5af0d831,inventory only; see report for traced paths
apps/modules/pulsedesk/source/client/src/components/ui/command.tsx,quarantined-import,151,5036,78592bb671847c7b42ee1cba37998602c84d2188845c7bdc8fbdccd2d36ac29b,inventory only; see report for traced paths
apps/modules/pulsedesk/source/client/src/components/ui/context-menu.tsx,quarantined-import,198,7626,4859019ad56c4d450f7daebb7e947867495539a194502acb9cef023c7de90184,inventory only; see report for traced paths
apps/modules/pulsedesk/source/client/src/components/ui/dialog.tsx,quarantined-import,122,3999,24bc04b53092b48b61ccc74853362300aed402ce902e1ed4f4ad27f3ed2d32f5,inventory only; see report for traced paths
apps/modules/pulsedesk/source/client/src/components/ui/drawer.tsx,quarantined-import,118,3139,98895f2b716a0a0b60e372811640b3b3b48295e0a67aebbd01de9843a391f6e1,inventory only; see report for traced paths
apps/modules/pulsedesk/source/client/src/components/ui/dropdown-menu.tsx,quarantined-import,198,7807,8602f520062a2751ca88e4cfe88aea9632d19539efd1d8a7f29fb52ce413eaf3,inventory only; see report for traced paths
apps/modules/pulsedesk/source/client/src/components/ui/form.tsx,quarantined-import,178,4298,a80b39038485dff70cd9a7c2287676d8122a033784e851d958dee2020fc54efc,inventory only; see report for traced paths
apps/modules/pulsedesk/source/client/src/components/ui/hover-card.tsx,quarantined-import,29,1280,7605fd8868dd43b6400f274f4e36d02af46476a37423b6781814070cf839c8bf,inventory only; see report for traced paths
apps/modules/pulsedesk/source/client/src/components/ui/input-otp.tsx,quarantined-import,69,2223,2ee885a5810101b04bcf296775ba3607dd1b22a4ba03ea2a9bc9e809134b3f77,inventory only; see report for traced paths
apps/modules/pulsedesk/source/client/src/components/ui/input.tsx,quarantined-import,23,867,62781ad35d8bd17775f11f3c30059987e50065bb8ce29fa4c1867435e51e8b52,inventory only; see report for traced paths
apps/modules/pulsedesk/source/client/src/components/ui/label.tsx,quarantined-import,24,734,ece819598d95360af8aedf36d90be41a93af49797240a6d6a69181180b095a76,inventory only; see report for traced paths
apps/modules/pulsedesk/source/client/src/components/ui/menubar.tsx,quarantined-import,256,8861,9aac3cf4f2d0fae4119eea157d99213d688211662859bcbf6d8af95803d06f1a,inventory only; see report for traced paths
apps/modules/pulsedesk/source/client/src/components/ui/navigation-menu.tsx,quarantined-import,128,5256,e604019198acde672086f0b79a894486fa52e684c4a25959a29806227dcdab25,inventory only; see report for traced paths
apps/modules/pulsedesk/source/client/src/components/ui/pagination.tsx,quarantined-import,117,2868,7f9821730c7eea34c32da11aa82185d3db1d36f9d476fa9d5ae14765c35a6fc8,inventory only; see report for traced paths
apps/modules/pulsedesk/source/client/src/components/ui/popover.tsx,quarantined-import,29,1309,b8418994c90487d7ce695379956c770ce1266c5755ec8b323a92759d0cc293a6,inventory only; see report for traced paths
apps/modules/pulsedesk/source/client/src/components/ui/progress.tsx,quarantined-import,28,819,db85995906f690fd4ba684608effd177522cfbdce80cb9a501aed16e5a13f72f,inventory only; see report for traced paths
apps/modules/pulsedesk/source/client/src/components/ui/radio-group.tsx,quarantined-import,42,1509,e67b5ffbd1727e873ca9b2593a7e798328b1d4ef20f507d8379aea3fe69abe93,inventory only; see report for traced paths
apps/modules/pulsedesk/source/client/src/components/ui/resizable.tsx,quarantined-import,45,1768,bbb236cf580525f2f1f7e40404d34c03cf806c02eee8404891f72fcf5034ec31,inventory only; see report for traced paths
apps/modules/pulsedesk/source/client/src/components/ui/scroll-area.tsx,quarantined-import,46,1688,5bbf2efc963f2a62d9f9d41fdf2a96f798ad409ee2a1fdb1fe51da947d882dc7,inventory only; see report for traced paths
apps/modules/pulsedesk/source/client/src/components/ui/select.tsx,quarantined-import,160,5901,cebfdbc028c7e9ba725031a07d3a77cfd7a3cd8e4560ea2030afefb6fa26d7bc,inventory only; see report for traced paths
apps/modules/pulsedesk/source/client/src/components/ui/separator.tsx,quarantined-import,29,785,1e2f9c2eab409bf25614f4e0b495b9a67646e92a0a7d1a033afaada64fdb1b78,inventory only; see report for traced paths
apps/modules/pulsedesk/source/client/src/components/ui/sheet.tsx,quarantined-import,140,4421,c02a18d6c73b21078ca394465b819b4cebeef60778c3bdcd3e1f818522981f0f,inventory only; see report for traced paths
apps/modules/pulsedesk/source/client/src/components/ui/sidebar.tsx,quarantined-import,727,22573,3a36ba9f139af5708d6aa1f0fc620085e4b2e9fcc1e58e35ee1933a0c9ac07ce,inventory only; see report for traced paths
apps/modules/pulsedesk/source/client/src/components/ui/skeleton.tsx,quarantined-import,15,276,90badf0dcd440128b81554c06d56c4f01b1ccf03748ca3adf7e4a41d611acddd,inventory only; see report for traced paths
apps/modules/pulsedesk/source/client/src/components/ui/slider.tsx,quarantined-import,26,1103,234d9a3e9b62ce0266d580ce885d59b0b0648c6b833604a8fd7dd389ade95329,inventory only; see report for traced paths
apps/modules/pulsedesk/source/client/src/components/ui/switch.tsx,quarantined-import,27,1166,9d3d144eb219caccadd9da0eab64f463f4f38fcc05f49f3d9b1438222ddce70f,inventory only; see report for traced paths
apps/modules/pulsedesk/source/client/src/components/ui/table.tsx,quarantined-import,117,2882,54bfa4489e6dc84dceb294b63023bb352c6c446c019c67230ce6f1dac76e3713,inventory only; see report for traced paths
apps/modules/pulsedesk/source/client/src/components/ui/tabs.tsx,quarantined-import,53,1936,cbcded04f856af28223e71674f1cf2c6b4e361a752d4d934f27117b3c990df96,inventory only; see report for traced paths
apps/modules/pulsedesk/source/client/src/components/ui/textarea.tsx,quarantined-import,22,711,f05dce17b28f0fc4a10bc54231937f682f459f174d69c918b5540047901dd5dd,inventory only; see report for traced paths
apps/modules/pulsedesk/source/client/src/components/ui/toast.tsx,quarantined-import,127,4972,2da684420d53b7826485853a5f433bc794eb8a3fa3ca99db7cabb59974dfff38,inventory only; see report for traced paths
apps/modules/pulsedesk/source/client/src/components/ui/toaster.tsx,quarantined-import,33,805,d336e69dc56f72df1da448f1f39eedddb3b7e0dd0e5a69ca5be8db7acb32b7e4,inventory only; see report for traced paths
apps/modules/pulsedesk/source/client/src/components/ui/toggle-group.tsx,quarantined-import,61,1814,04c1ac2983a3b790295fae9a0c475b32c61d6c49954e65eb38b54fa9af09f9dc,inventory only; see report for traced paths
apps/modules/pulsedesk/source/client/src/components/ui/toggle.tsx,quarantined-import,43,1570,7d517849023df8ee638f36fab0a9fad885afdfe130a6c43f9bc6a2d957c0d8b0,inventory only; see report for traced paths
apps/modules/pulsedesk/source/client/src/components/ui/tooltip.tsx,quarantined-import,30,1239,ad62a20f9b4265a885d08c45ac52e5d721be29f3426e30c700f781f9c7967066,inventory only; see report for traced paths
apps/modules/pulsedesk/source/client/src/hooks/use-mobile.tsx,quarantined-import,19,584,d2377fbad5ad2bdf7fa896a68c36ac8bf4aa74a974b2061f77b41ae58d623001,inventory only; see report for traced paths
apps/modules/pulsedesk/source/client/src/hooks/use-pwa-install.ts,quarantined-import,75,2337,51c220e6a3174321505713825bd9ddaa4f274c8fe0697bad4654697f9ef98085,inventory only; see report for traced paths
apps/modules/pulsedesk/source/client/src/hooks/use-toast.ts,quarantined-import,191,4086,52580e80b7d8e7dfc0eee27f3bc8dfa209e32fe8dc96b8e3e79ed61666348dd7,inventory only; see report for traced paths
apps/modules/pulsedesk/source/client/src/index.css,quarantined-import,310,10136,53dcfa2fefff257071d41d0975aab93d63d3f5038cbe239a4b543894ff478df9,inventory only; see report for traced paths
apps/modules/pulsedesk/source/client/src/lib/auth.tsx,quarantined-import,134,4280,6f483e741154f9a23eb39fb915056d560ec93ac87dad2cbd6959718bc3ea11c2,inventory only; see report for traced paths
apps/modules/pulsedesk/source/client/src/lib/permissions.ts,quarantined-import,58,1744,fac7915525f3b20626ab95d3bb7e26f0f02f52601cce3869f716222e5484fb5b,inventory only; see report for traced paths
apps/modules/pulsedesk/source/client/src/lib/queryClient.ts,quarantined-import,61,1569,b6f23b09af2b90c71d3ec36a6dcfa5cdb69f0c8be17fa14a725c6866359ca09e,inventory only; see report for traced paths
apps/modules/pulsedesk/source/client/src/lib/utils.ts,quarantined-import,6,172,74a147991a119f1c4cdc25a4d9b22713632fa32eb136e55ab6939b006d71b9d6,inventory only; see report for traced paths
apps/modules/pulsedesk/source/client/src/main.tsx,quarantined-import,11,343,15df6d9bb3e2f68911387f40461b3026b19385a223d7f52ab0f926ab3c6cd507,inventory only; see report for traced paths
apps/modules/pulsedesk/source/client/src/pages/admin.tsx,quarantined-import,1009,56366,530a31d13ac98b2e8795ef9b308aae8b3ffaf2b9a08a351b40bc054b9a942a87,inventory only; see report for traced paths
apps/modules/pulsedesk/source/client/src/pages/analytics.tsx,quarantined-import,248,11637,03a8794f290e1f768beb2a0f6903f1d6355c011e9634ffcca354c9090c37b9e8,inventory only; see report for traced paths
apps/modules/pulsedesk/source/client/src/pages/assets.tsx,quarantined-import,219,13221,6be7347c5ad6b3eda90f5f925e2be4c08b74fe409fbe9b737279fe84ea0e16e5,inventory only; see report for traced paths
apps/modules/pulsedesk/source/client/src/pages/auth-page.tsx,quarantined-import,173,9012,b456574b53e043df98498dc1e29f5b21e69730d7933cbae27a286c475a50d889,inventory only; see report for traced paths
apps/modules/pulsedesk/source/client/src/pages/dashboard.tsx,quarantined-import,830,39310,d05570dc461b9c2333af351cb95c42181b66ffbd19037feeb93e81a4bd217ca9,inventory only; see report for traced paths
apps/modules/pulsedesk/source/client/src/pages/departments.tsx,quarantined-import,132,6165,30808855edd535aa421ca67b25c82d3d0a82c632570713b63333b7e92424b4d6,inventory only; see report for traced paths
apps/modules/pulsedesk/source/client/src/pages/email-settings.tsx,quarantined-import,1529,87862,19eab9244b34c17f6fb57195b6b7a0ad2735c4e33abe9c1512da9549fa5c4f08,inventory only; see report for traced paths
apps/modules/pulsedesk/source/client/src/pages/facility-requests.tsx,quarantined-import,187,11311,94916e9ead465acc6e3dfef39f6d9765367fb0495bd5c5495f37bf9677e55fed,inventory only; see report for traced paths
apps/modules/pulsedesk/source/client/src/pages/landing.tsx,quarantined-import,143,7839,5d75e91bc972d552483ac233b9e886f0535d09e3e1dca29eec19deb1dc036cb2,inventory only; see report for traced paths
apps/modules/pulsedesk/source/client/src/pages/not-found.tsx,quarantined-import,53,2136,6adf2df35d4c19556fed3d3548d20cd7cf02ebf56846c2f0cb60970215f9fddf,inventory only; see report for traced paths
apps/modules/pulsedesk/source/client/src/pages/org-setup.tsx,quarantined-import,125,5294,dc06f212033cbbaf1d23492784baa937bea05a32815323938b99cb4f468ad4c9,inventory only; see report for traced paths
apps/modules/pulsedesk/source/client/src/pages/privacy-policy.tsx,quarantined-import,246,14662,1bbf715b5934abb494dff89ca1c889138ad4b65fd73a075fc44fbd0c34b659f8,inventory only; see report for traced paths
apps/modules/pulsedesk/source/client/src/pages/settings.tsx,quarantined-import,1165,56845,a4d2b55f174daa5f4e3c81232fbd8cada64b4dc1e066a98fcd3b510fcace051d,inventory only; see report for traced paths
apps/modules/pulsedesk/source/client/src/pages/submit-issue.tsx,quarantined-import,346,15955,b8a7f7caa384dbd187c575955eb493f99ba13ba9c19ac6f7eceed4ba473f0380,inventory only; see report for traced paths
apps/modules/pulsedesk/source/client/src/pages/supply-requests.tsx,quarantined-import,195,11463,35f211cda0916e236acc1c4578b5659e1ed936dd9b32e3a85d0e9b599a9eb9b8,inventory only; see report for traced paths
apps/modules/pulsedesk/source/client/src/pages/terms-of-service.tsx,quarantined-import,255,15686,0e61d57dd8527a52844a7e862d0cfca5366084ccee63df53677fdf0a1d714f09,inventory only; see report for traced paths
apps/modules/pulsedesk/source/client/src/pages/ticket-detail.tsx,quarantined-import,567,25836,7f01d48d9c0cb5e30f6b0da3bbfc2a6c9465425878078a38fd3d9857f844ad50,inventory only; see report for traced paths
apps/modules/pulsedesk/source/client/src/pages/tickets.tsx,quarantined-import,314,15109,35228c307a560f737df69ae4638dba1c27c592f17f9a8fd0afd813f715a11ddb,inventory only; see report for traced paths
apps/modules/pulsedesk/source/client/src/pages/vendors.tsx,quarantined-import,125,7726,c3d2c9a759c927f72cf6d3bd0e8afaa1f3f2e6c56be2ffb3d3a6b8ee876c0998,inventory only; see report for traced paths
apps/modules/pulsedesk/source/drizzle.config.ts,quarantined-import,14,339,55f2715458896e41984236b9b0b6e5cb04056f1670656f84bda09f4e7c1428b8,inventory only; see report for traced paths
apps/modules/pulsedesk/source/postcss.config.js,quarantined-import,6,86,374f669f08b18e67d0a7264fa45b71228017e604fe7f6db8a5c1bd5ba27e5c98,inventory only; see report for traced paths
apps/modules/pulsedesk/source/script/build.ts,quarantined-import,73,1629,1bd0452bcce1c757017a301458696875e981e90b482d26a13f353522df429b92,inventory only; see report for traced paths
apps/modules/pulsedesk/source/script/start.sh,quarantined-import,2,59,c48b3dfbcedf5dbb5406bcd36556fc610c34b39c540effaaf4c49efc11cb51d9,inventory only; see report for traced paths
apps/modules/pulsedesk/source/scripts/check-bundle-size.mjs,quarantined-import,45,1573,f0e2d6e09665d156fe64717d2569ad30c1b42023ef016f068db1a2224cea8cb4,inventory only; see report for traced paths
apps/modules/pulsedesk/source/scripts/post-merge.sh,quarantined-import,4,51,004bf3b9d32e600005eaa02e7a37f9ec002a4f91bbaa17574bfc63b88b69ea95,inventory only; see report for traced paths
apps/modules/pulsedesk/source/scripts/smoke-entitlement-webhook.mjs,quarantined-import,49,2205,e1f90b6597207415ecbb18ee62f27e5e1d988d9761e0870faa787d1f6b19bc09,inventory only; see report for traced paths
apps/modules/pulsedesk/source/scripts/smoke-route-manifest.mjs,quarantined-import,64,3400,3176b610798b3f3068255843ea71ad051bd8a1f275de6742e7e5c7d285d706fd,inventory only; see report for traced paths
apps/modules/pulsedesk/source/scripts/smoke-sso-config.mjs,quarantined-import,62,2556,00b4f257fa0e9abba455f223d426f1a46be351fa5f677f9d00a0f64cb955687c,inventory only; see report for traced paths
apps/modules/pulsedesk/source/scripts/smoke-unauthenticated-routes.mjs,quarantined-import,68,2421,7d468b7b2468f40d19fe5da88345602ffb5057aef0c862489a4d074cbfc7955d,inventory only; see report for traced paths
apps/modules/pulsedesk/source/server/auth/crypto.ts,quarantined-import,36,1392,b1525b1861c1ea4b1dcbcfc30e6cee5fa325af42f9952867e95cf05ac71b378f,inventory only; see report for traced paths
apps/modules/pulsedesk/source/server/auth/entra-provider.ts,quarantined-import,189,6740,9867c894d5e7d8bc02a496402fe939c77f1c939926eccc12bf8eefcfdb515b42,inventory only; see report for traced paths
apps/modules/pulsedesk/source/server/auth/graph-service.ts,quarantined-import,54,1809,4afb3a620a2ec121a63ddea51b9d5a57ec016ff332b35b564b7edc18d160fab0,inventory only; see report for traced paths
apps/modules/pulsedesk/source/server/auth/index.ts,quarantined-import,24,885,4e08521f1673f802c68f3f518d99ef9401a7ae7c07279f5d2bc60490465eb74b,inventory only; see report for traced paths
apps/modules/pulsedesk/source/server/auth/local-provider.ts,quarantined-import,30,1171,0461de36e71f78557b2cb30782b6b86393171e8f084283eaba0257fd6edba9d4,inventory only; see report for traced paths
apps/modules/pulsedesk/source/server/auth/operatoros-sso.ts,quarantined-import,643,21216,af830830aeb21f71217c90464bed6b4a57c0f592112132289af53dd7e82aec3c,inventory only; see report for traced paths
apps/modules/pulsedesk/source/server/auth/providers.ts,quarantined-import,62,1758,8fdaf8deecdcc1797364f46cc46cb9cfc3c5ad6b2b37ab5717b28abdf6542b5f,inventory only; see report for traced paths
apps/modules/pulsedesk/source/server/config/billingConfig.ts,quarantined-import,9,231,38e7c2407fc59c93826ec2010236b9c8369c4dbc7b5df2ca20295f69295b7942,inventory only; see report for traced paths
apps/modules/pulsedesk/source/server/config/masterAdmin.ts,quarantined-import,26,910,0239be9ff5881a1120c9d85526041f0e64265d339c75bedfc736a2ea7c0b8438,inventory only; see report for traced paths
apps/modules/pulsedesk/source/server/db.ts,quarantined-import,13,346,d92ef4d5031720da772d633c1e44eaacdc71dfd289eefb403cf882da34b654ae,inventory only; see report for traced paths
apps/modules/pulsedesk/source/server/email/outbound.ts,quarantined-import,88,4592,1437b8b25dbd247c7b9432d137e4e6c4bd25214b4023561d93b85be3b84a2754,inventory only; see report for traced paths
apps/modules/pulsedesk/source/server/env.ts,quarantined-import,32,1029,2b7fd6035e51a3e5797db01b65bed4f522320d2736f59e93d575e660388069e0,inventory only; see report for traced paths
apps/modules/pulsedesk/source/server/errors.ts,quarantined-import,16,472,a37603bb7ebb4fca6fae2ddd495bf7f388d48e0e44fb24196baf17f4ca9714a1,inventory only; see report for traced paths
apps/modules/pulsedesk/source/server/index.ts,quarantined-import,189,6178,a52d8d9680eee787898288bacabb101dd8c9f2f2cd5b4b4917689a48757bae69,inventory only; see report for traced paths
apps/modules/pulsedesk/source/server/lib/adminAudit.ts,quarantined-import,65,2024,5c4e61efdccd8be194a2c6a8d4f64cc456cfd597d622759e11be8f8873cef21a,inventory only; see report for traced paths
apps/modules/pulsedesk/source/server/middleware.ts,quarantined-import,265,9217,0b551b309d0760c358b48e3cd2cf9bbe5c25ee5cf9da79890d2a1018a1428188,inventory only; see report for traced paths
apps/modules/pulsedesk/source/server/middleware/inboundEmailAuth.ts,quarantined-import,85,3026,8759a3c289787a556f1440a8902e0a6f5b4ab0733e87f7baf23c0f6d982b7b12,inventory only; see report for traced paths
apps/modules/pulsedesk/source/server/middleware/rateLimit.ts,quarantined-import,61,1691,2d04f4cb8f235a42a7073560769d5e4a36546e3854e639fa28b99beeef9d9655,inventory only; see report for traced paths
apps/modules/pulsedesk/source/server/migrate.ts,quarantined-import,764,28230,ebf0e05c474e70c1a618d05fe7da1c7c9073ae0e133dcd533291382c341be937,inventory only; see report for traced paths
apps/modules/pulsedesk/source/server/routes/admin.ts,quarantined-import,811,28280,8b3747850e55c07d1a319f0d7ab75aa110d9be0e61de81e74abe03a487818bb3,inventory only; see report for traced paths
apps/modules/pulsedesk/source/server/routes/analytics.ts,quarantined-import,84,3685,e762b912c63f49fd9ebfe7b2cb0dd07a00fac3c1334f8971dd29d33ea50357d3,inventory only; see report for traced paths
apps/modules/pulsedesk/source/server/routes/assets.ts,quarantined-import,60,2215,e0e44ef5e708613530094d9b35ac42e5cb9873adc4cdefc9355e65aff2f46a9f,inventory only; see report for traced paths
apps/modules/pulsedesk/source/server/routes/auth.ts,quarantined-import,1089,38534,de3e940659d8d83751926bf8a81f113af8d01e97d83856638cea8416d6963a6c,inventory only; see report for traced paths
apps/modules/pulsedesk/source/server/routes/billing.ts,quarantined-import,104,3620,f5c56a896424e8570c7c2fb4440f3582697328cc5ff33204aef6bdb8bed55d5f,inventory only; see report for traced paths
apps/modules/pulsedesk/source/server/routes/connectors.ts,quarantined-import,722,29927,e3cd71054646fc78aa1147a58d08cf9d4d633ff43ab68421b65c2c1398f1018a,inventory only; see report for traced paths
apps/modules/pulsedesk/source/server/routes/departments.ts,quarantined-import,56,2095,b751b5887ded74a9088163f571f43ed36f52b803bda48f39c9e7400e4aeb5cd0,inventory only; see report for traced paths
apps/modules/pulsedesk/source/server/routes/email.ts,quarantined-import,991,37491,0e964d1a83bbb5011e4f91c0559186f4c50a9fa6ba5468b8c8e8ecadd12ab01b,inventory only; see report for traced paths
apps/modules/pulsedesk/source/server/routes/facilityRequests.ts,quarantined-import,60,2360,0baa7df67d8da36431eb160594944abba5771b67e8fdb876e047a8b0bab936dc,inventory only; see report for traced paths
apps/modules/pulsedesk/source/server/routes/health.ts,quarantined-import,72,2199,5327048435c49ffee82e715912b74352c87b83e99ae3fde84a13c251e9c6f6fc,inventory only; see report for traced paths
apps/modules/pulsedesk/source/server/routes/index.ts,quarantined-import,95,2862,303d96425687fc4bb54012e21ab766c43d0dd8b387e331e1e1031776ef13423e,inventory only; see report for traced paths
apps/modules/pulsedesk/source/server/routes/notifications.ts,quarantined-import,43,1457,372bab9201745ef3bd7819d290af7ad3d3ba2d9226d8f93640d90a52536dbb94,inventory only; see report for traced paths
apps/modules/pulsedesk/source/server/routes/onboarding.ts,quarantined-import,138,4798,8dd300f866396616a11160304a8bc004428043a4467728f79d13e5d49abfc55b,inventory only; see report for traced paths
apps/modules/pulsedesk/source/server/routes/orgs.ts,quarantined-import,253,9335,6dad6d39cc124ff01b6ab71795f9fdf85023805cc61de39b855b4c96ded1fb01,inventory only; see report for traced paths
apps/modules/pulsedesk/source/server/routes/sso.ts,quarantined-import,328,12370,449a71396bb7c2be74a98b7fae8854b719fc9294ea3fe8b02c9b2038ca011d6e,inventory only; see report for traced paths
apps/modules/pulsedesk/source/server/routes/supplyRequests.ts,quarantined-import,60,2351,48dd7a90d73ede250e7c196bc4c98736f5b89bd8a47b637da0c03ca777ffe3bc,inventory only; see report for traced paths
apps/modules/pulsedesk/source/server/routes/tickets.ts,quarantined-import,202,8238,f4166a58497721781f88e888f081274076cf8588266b74426990ebd9494a330d,inventory only; see report for traced paths
apps/modules/pulsedesk/source/server/routes/vendors.ts,quarantined-import,56,2039,924d49b3d23f8a74e332512cfa05be49ab6200b4001af38d469e39c8be8399a5,inventory only; see report for traced paths
apps/modules/pulsedesk/source/server/seed-products.ts,quarantined-import,113,3925,a455329baf5fbbad1f980d463700b90454465984f6edd529e8e0c2070a1473ab,inventory only; see report for traced paths
apps/modules/pulsedesk/source/server/seed.ts,quarantined-import,501,18084,5bfc5279686ede7a4360dcda5854c6e781474a795f135dc8046086e628361433,inventory only; see report for traced paths
apps/modules/pulsedesk/source/server/services/billingSync.ts,quarantined-import,121,4552,767e71f0aaf95cab77f855d1102176ad8854c854213e35f02a0f420f923fc364,inventory only; see report for traced paths
apps/modules/pulsedesk/source/server/services/connectorPoller.ts,quarantined-import,421,16579,df784c9e019d8af5fc3c4c80d886eeba77e8b47e64c6d948dc1ea6917a7697f8,inventory only; see report for traced paths
apps/modules/pulsedesk/source/server/services/connectors/forwarding.ts,quarantined-import,61,1628,1f98a1339a22ee9e0c020f5071bcbad6b04c1943a8e1c342cb7c80e21925e87e,inventory only; see report for traced paths
apps/modules/pulsedesk/source/server/services/connectors/google.ts,quarantined-import,266,9082,c1aa9e655c3dd56b897fc011469a9b7a2b34eb205bd853b692271876e4550647,inventory only; see report for traced paths
apps/modules/pulsedesk/source/server/services/connectors/imap.ts,quarantined-import,59,2075,8b908f145fc248219a81456fcdc01f9ec79d654fa62e5dde62a770302e23f706,inventory only; see report for traced paths
apps/modules/pulsedesk/source/server/services/connectors/index.ts,quarantined-import,16,814,b2161cf136a931eae39b5b9f04b39aeec5cc98521478cc3c767c0aa3e19a2536,inventory only; see report for traced paths
apps/modules/pulsedesk/source/server/services/connectors/microsoft.ts,quarantined-import,272,9084,a5900167e918d38101c060fbca5815db1c0740f01a407459be12677170a5a239,inventory only; see report for traced paths
apps/modules/pulsedesk/source/server/services/connectors/registry.ts,quarantined-import,23,750,0336ee2212d4ba9eba9c254351c7b9ded0f5820fa02bc0e84f248a1dc469e9c6,inventory only; see report for traced paths
apps/modules/pulsedesk/source/server/services/connectors/types.ts,quarantined-import,96,2363,f117834987cc0c6f4a7a3e6e8407323e7a3631f1f8deabc03a4e9db9d6119a82,inventory only; see report for traced paths
apps/modules/pulsedesk/source/server/services/emailProcessor.ts,quarantined-import,495,18250,696fb69d51ff7b45c57c15441caa95d6ce008a9d7a6484fd94fe7e1cdc783618,inventory only; see report for traced paths
apps/modules/pulsedesk/source/server/services/imapClient.ts,quarantined-import,162,5034,c617a5350bf9666b6d0b62e94f0acafa7d0d7b324962118db93dfee39f288b51,inventory only; see report for traced paths
apps/modules/pulsedesk/source/server/services/imapPoller.ts,quarantined-import,392,13019,d79208e01ebc2a378c0073ccf57e23ccd9dd811e6fa889cc4f04f617d063f7f8,inventory only; see report for traced paths
apps/modules/pulsedesk/source/server/services/operatorosEntitlements.ts,quarantined-import,518,18893,887ebda6e32849ca90a9b23777aea7306e25038bb77d6d06f4b9d01695407263,inventory only; see report for traced paths
apps/modules/pulsedesk/source/server/services/ticketSla.ts,quarantined-import,99,2813,3a594ffe679b6160e8269722ab3ebf64509171fa110928b330a5ba7e3a944b98,inventory only; see report for traced paths
apps/modules/pulsedesk/source/server/static.ts,quarantined-import,19,573,c976ef4e1e1c8a3b72e9672a43c89211c8a9987427788737eda363c6b251a3f4,inventory only; see report for traced paths
apps/modules/pulsedesk/source/server/storage.ts,quarantined-import,1447,63326,4650d57193e2c38d58440bb07f8228ce948e3c1cc862dfc434edc9d06e8602e2,inventory only; see report for traced paths
apps/modules/pulsedesk/source/server/stripeClient.ts,quarantined-import,79,2302,fc27f7c2a1f471e9cfc602f4473fe4e41d8110d6b3e5bfb3f823162d0ebc09cc,inventory only; see report for traced paths
apps/modules/pulsedesk/source/server/twilioClient.ts,quarantined-import,116,3753,a791b7961d708e442939809d69b4ab88454d77480fbaaf5a5f8506185837c51f,inventory only; see report for traced paths
apps/modules/pulsedesk/source/server/types/express.d.ts,quarantined-import,12,233,a92337d4c97c5f29835610de08498e55659731be46a9e8599ba27bc90e417c19,inventory only; see report for traced paths
apps/modules/pulsedesk/source/server/vite.ts,quarantined-import,58,1599,583f2879aa13a957439e066f9f885d22493488d71d2e9f3664cf1d142e0b806a,inventory only; see report for traced paths
apps/modules/pulsedesk/source/server/webhookHandlers.ts,quarantined-import,35,1355,0e799a04a8ba9cf2b6abdb8a986aa8c54e6269bc2a03d0d2e650d8a6c88a1414,inventory only; see report for traced paths
apps/modules/pulsedesk/source/shared/billingConfig.ts,quarantined-import,134,3648,d3a157e387454ff305b85d541fa7113d499b5a20b7e78ace1bcace019fe69bec,inventory only; see report for traced paths
apps/modules/pulsedesk/source/shared/roles.ts,quarantined-import,52,1564,2dffd0aa729168c35d331be69ee74020c3e642defc3e5ab7e613439ebffd53aa,inventory only; see report for traced paths
apps/modules/pulsedesk/source/shared/schema.ts,quarantined-import,876,32187,2c1a78b1c6e0bb11f358cd42b2a45982f47fa2adc87e5e803f47a2f9dd3de439,inventory only; see report for traced paths
apps/modules/pulsedesk/source/tailwind.config.ts,quarantined-import,107,4157,cd0b8a9858d444906c20b378c1c8cf32404a2f44570098b8aeeeb31869b949d3,inventory only; see report for traced paths
apps/modules/pulsedesk/source/vite.config.ts,quarantined-import,40,1120,966ffaf18d0a67f6e630b2ae239a64a6c8265468eda71568ae9c71c20190e278,inventory only; see report for traced paths
apps/modules/snapproofos/source/artifacts/api-server/build.mjs,quarantined-import,126,3581,8133e19ab8526b0f65b5fb0a54911176758f5973b25f01b682a79e76ed8bb54a,inventory only; see report for traced paths
apps/modules/snapproofos/source/artifacts/api-server/src/app.ts,quarantined-import,41,1007,f02cd67d3e5117e6e34459c04af4b0756ccf30cd60167c0652f9dceb18654580,inventory only; see report for traced paths
apps/modules/snapproofos/source/artifacts/api-server/src/index.ts,quarantined-import,25,536,750554a43e8e1e1f6007ab872107ae44a4870b586da35b320eed8b9907fc2dcd,inventory only; see report for traced paths
apps/modules/snapproofos/source/artifacts/api-server/src/lib/activity.ts,quarantined-import,30,796,2c80ef068a4f26a8f96307fab7e9452cccfc1df2d1e34ed6ea9c0cdc8a8d6b7f,inventory only; see report for traced paths
apps/modules/snapproofos/source/artifacts/api-server/src/lib/auth.ts,quarantined-import,52,1561,bad22311bf4e24fef923a441882d9324eea39ab8923f2a4687e982f3edb29ac9,inventory only; see report for traced paths
apps/modules/snapproofos/source/artifacts/api-server/src/lib/logger.ts,quarantined-import,20,441,61936304bfdbd72987ee561605fb9da3fecad8d2a52c5c9f8557734855d1a4a0,inventory only; see report for traced paths
apps/modules/snapproofos/source/artifacts/api-server/src/routes/activity.ts,quarantined-import,24,779,d7541056a72927afbfcefd62b5cb2086d530ae0b79c46d56762d6e68cb83191c,inventory only; see report for traced paths
apps/modules/snapproofos/source/artifacts/api-server/src/routes/auth.ts,quarantined-import,203,6387,e2a2988166bfae1b121c82dca8b030d326090f2afca7394b6e0b0736d85ea594,inventory only; see report for traced paths
apps/modules/snapproofos/source/artifacts/api-server/src/routes/billing.ts,quarantined-import,86,3466,7b581714e91a49d75ec63b43fde8fee274c2e895109b926a65818c9436092a43,inventory only; see report for traced paths
apps/modules/snapproofos/source/artifacts/api-server/src/routes/branding.ts,quarantined-import,63,2185,aa690acd0e0320e149f1bfc427175df8469211c857bfcd211158b7b2a484e4e8,inventory only; see report for traced paths
apps/modules/snapproofos/source/artifacts/api-server/src/routes/customers.ts,quarantined-import,94,4231,4bafe6154e1f38a1b68da1bbfcb1c18088d1d6ab2389683fda148aa28ddb4123,inventory only; see report for traced paths
apps/modules/snapproofos/source/artifacts/api-server/src/routes/dashboard.ts,quarantined-import,127,5298,89f4fa95d8d3d7728528e850125ff366ab63cf167915aaf1872f7036a169d895,inventory only; see report for traced paths
apps/modules/snapproofos/source/artifacts/api-server/src/routes/exports.ts,quarantined-import,62,2530,0640466682cfde45b0e791402e78dafe1a72afb64fa34ed6eae2621f54de4329,inventory only; see report for traced paths
apps/modules/snapproofos/source/artifacts/api-server/src/routes/health.ts,quarantined-import,11,299,1130cb50b1ef56817252701546b05190a1a609113b9db77cef2a67dce36a8eef,inventory only; see report for traced paths
apps/modules/snapproofos/source/artifacts/api-server/src/routes/index.ts,quarantined-import,36,1143,fa484619ac5b7841c9b17a5a02c28642463da2927cf5857286051f1cfc973fb9,inventory only; see report for traced paths
apps/modules/snapproofos/source/artifacts/api-server/src/routes/jobItems.ts,quarantined-import,245,11081,7d9d52954d596d545d51516b0a1a4aa116f881526f6ecce64f299b8d9ee74d1f,inventory only; see report for traced paths
apps/modules/snapproofos/source/artifacts/api-server/src/routes/jobs.ts,quarantined-import,174,7211,14af9a46dc5be3baceae9834e15e15bc5bb6b365a604b702113b8340c5921aa7,inventory only; see report for traced paths
apps/modules/snapproofos/source/artifacts/api-server/src/routes/organizations.ts,quarantined-import,100,3482,cb1bd1704a2de6be101e96b3d4e76e1ccbcd64ce8417196723dc6be8928cfd12,inventory only; see report for traced paths
apps/modules/snapproofos/source/artifacts/api-server/src/routes/reports.ts,quarantined-import,142,6062,962c2ea8d0cbddbaab99ec2e695e45a2ae1a2ffbfad831d484dc20cc2a5eef7c,inventory only; see report for traced paths
apps/modules/snapproofos/source/artifacts/api-server/src/routes/share.ts,quarantined-import,86,3742,3513e64e0bc101976d31f0a19f56a0e3947e102e5f6febfa5d969c9b0969ca9e,inventory only; see report for traced paths
apps/modules/snapproofos/source/artifacts/api-server/src/routes/team.ts,quarantined-import,109,3960,933626d29e571e5015c615d632489f191efdee30b1fd7f14ae2a71e809592eae,inventory only; see report for traced paths
apps/modules/snapproofos/source/artifacts/api-server/src/routes/templates.ts,quarantined-import,45,1847,1734ebaaf3d7a5973e3657e025623dba5a09255fd62eeb5aa3e6b02324af1b0b,inventory only; see report for traced paths
apps/modules/snapproofos/source/artifacts/snapproof/src/App.tsx,quarantined-import,107,4041,06c48a12c06149a2d017245ff68b62f995f303de43f78951592d0f7b4786e1f9,inventory only; see report for traced paths
apps/modules/snapproofos/source/artifacts/snapproof/src/components/layout/AppLayout.tsx,quarantined-import,134,4976,4ecd2d03f9fc611585216775baa18ce9468cd27766df548d207daf28062d268b,inventory only; see report for traced paths
apps/modules/snapproofos/source/artifacts/snapproof/src/components/layout/PublicLayout.tsx,quarantined-import,28,1745,2004b71be6c5ed2fdf1b9edd2d9d8d386fcce06b32561624ceb4f2fa2c2cfef9,inventory only; see report for traced paths
apps/modules/snapproofos/source/artifacts/snapproof/src/components/ui/accordion.tsx,quarantined-import,55,2056,fff47c151b7b1beedd3cdd38f1bb80b28b0152a7d4e323a50b519471dba5206c,inventory only; see report for traced paths
apps/modules/snapproofos/source/artifacts/snapproof/src/components/ui/alert-dialog.tsx,quarantined-import,139,4558,954aa5d2030eac91726054666e81113f22a709fc3d2786e5e6907384ede58dc3,inventory only; see report for traced paths
apps/modules/snapproofos/source/artifacts/snapproof/src/components/ui/alert.tsx,quarantined-import,59,1657,dfac5998c66e5651323d913a1a3d4548e9a3cad94819950e0f6ab36c6ea92c15,inventory only; see report for traced paths
apps/modules/snapproofos/source/artifacts/snapproof/src/components/ui/aspect-ratio.tsx,quarantined-import,5,145,62f29cd87c19f52d403dc2d17823849db2c8cbd541c9f96de20ef13e58d379db,inventory only; see report for traced paths
apps/modules/snapproofos/source/artifacts/snapproof/src/components/ui/avatar.tsx,quarantined-import,50,1469,4ee6fbff6d693bf5b76f1b30e4cd55de6c6343c46a51e636c3e3b8a911fa7ec0,inventory only; see report for traced paths
apps/modules/snapproofos/source/artifacts/snapproof/src/components/ui/badge.tsx,quarantined-import,43,1565,8e1871d6160d067a687beb25f850fa12dfc30d19356fdaa27ae6f7fd17e1fe02,inventory only; see report for traced paths
apps/modules/snapproofos/source/artifacts/snapproof/src/components/ui/breadcrumb.tsx,quarantined-import,115,2827,76807d2c1be3d1e5e0e055ffbecd8451acfc71db6a7aa3c8660631d7603d517f,inventory only; see report for traced paths
apps/modules/snapproofos/source/artifacts/snapproof/src/components/ui/button-group.tsx,quarantined-import,83,2292,f42ab464f85e682be5dd43e069543ddfbc0938d856665304092a5eba3d4cd0c9,inventory only; see report for traced paths
apps/modules/snapproofos/source/artifacts/snapproof/src/components/ui/button.tsx,quarantined-import,65,2421,d0a176bc30348fb86aa581029fe6091db105aca2e372fd12a5fb98b3606a073b,inventory only; see report for traced paths
apps/modules/snapproofos/source/artifacts/snapproof/src/components/ui/calendar.tsx,quarantined-import,213,7782,c95bd7c60cd25365707126852c718ea6ebdd1be2c487cb7c5d88e4be14ad4634,inventory only; see report for traced paths
apps/modules/snapproofos/source/artifacts/snapproof/src/components/ui/card.tsx,quarantined-import,76,1904,c58a39198aab485b7bec9dde033dca0b25be3fce06c00a101c2561dceff775a1,inventory only; see report for traced paths
apps/modules/snapproofos/source/artifacts/snapproof/src/components/ui/carousel.tsx,quarantined-import,260,6470,d48a52f0bc5161c47ee818c88bebedea98c14742a1e4d3c76639a612ddbb376a,inventory only; see report for traced paths
apps/modules/snapproofos/source/artifacts/snapproof/src/components/ui/chart.tsx,quarantined-import,367,11130,e38a709f24713b27f4fc90ddb140b90f784bb5dbfc81ae4c89f8b34b20bdfcc6,inventory only; see report for traced paths
apps/modules/snapproofos/source/artifacts/snapproof/src/components/ui/checkbox.tsx,quarantined-import,28,1059,a90725bcc6583cbced083484e8051582284f5374acc1585e0a742f1c21925cad,inventory only; see report for traced paths
apps/modules/snapproofos/source/artifacts/snapproof/src/components/ui/collapsible.tsx,quarantined-import,11,340,bc854800960ef4129d4679a7c4a6b5091e7038adc03698e4529d0c9b5af0d831,inventory only; see report for traced paths
apps/modules/snapproofos/source/artifacts/snapproof/src/components/ui/command.tsx,quarantined-import,153,5040,65332ac050fabef0c860273d8d97be14a6a33b8d3b7cfb1599aded26622f0246,inventory only; see report for traced paths
apps/modules/snapproofos/source/artifacts/snapproof/src/components/ui/context-menu.tsx,quarantined-import,198,7604,f875c1dc21224f223d27962338e983589c014a6980bd03c5f1b651ebb7471345,inventory only; see report for traced paths
apps/modules/snapproofos/source/artifacts/snapproof/src/components/ui/dialog.tsx,quarantined-import,120,3955,8a4215777ab3e381c840c0708818dbf4799d6fe3ba44f39cbae0da0b3e0bcab1,inventory only; see report for traced paths
apps/modules/snapproofos/source/artifacts/snapproof/src/components/ui/drawer.tsx,quarantined-import,116,3123,9710f71dcf19d52d2e757ea2f364a03b4bd4546161f4bbebfdd8a829a382748a,inventory only; see report for traced paths
apps/modules/snapproofos/source/artifacts/snapproof/src/components/ui/dropdown-menu.tsx,quarantined-import,201,7807,8d02514fbfde8abddd519887fa2332fe151428f54c0f46d07466e77a49b2b70f,inventory only; see report for traced paths
apps/modules/snapproofos/source/artifacts/snapproof/src/components/ui/empty.tsx,quarantined-import,104,2500,954873c4438f866bc417e36f7745000c16a8851b59609bdc310bb027c2918953,inventory only; see report for traced paths
apps/modules/snapproofos/source/artifacts/snapproof/src/components/ui/field.tsx,quarantined-import,244,6288,a4808670f918794e5402bf9753e9009a75a29868a1f9ff4f399260a0a3513381,inventory only; see report for traced paths
apps/modules/snapproofos/source/artifacts/snapproof/src/components/ui/form.tsx,quarantined-import,176,4351,377975a4e6a9da67a52d097d59a03a398e9023a45cd5a5cc79de25b6bb6a4a92,inventory only; see report for traced paths
apps/modules/snapproofos/source/artifacts/snapproof/src/components/ui/hover-card.tsx,quarantined-import,27,1264,7bef587e8c6ff88faae02c1dc58572a794f88950459edb4a409070f5ef7bc290,inventory only; see report for traced paths
apps/modules/snapproofos/source/artifacts/snapproof/src/components/ui/input-group.tsx,quarantined-import,168,5139,6d7a49acb2cbb08a0abb911f41deb0d097d2b1a1a8647959c5ebbd4fe37aaa75,inventory only; see report for traced paths
apps/modules/snapproofos/source/artifacts/snapproof/src/components/ui/input-otp.tsx,quarantined-import,69,2212,d7699cf34d1a4cfd88c3da711cf6a193cd72e1f5b0ffc6b392fe9f35d0125f29,inventory only; see report for traced paths
apps/modules/snapproofos/source/artifacts/snapproof/src/components/ui/input.tsx,quarantined-import,22,790,cacc180f0367350b3fe134949e04a562e027878131faadabeb300148c6cd84fb,inventory only; see report for traced paths
apps/modules/snapproofos/source/artifacts/snapproof/src/components/ui/item.tsx,quarantined-import,193,4687,f93d19a3e63b621b16d8ffaabb531c10b3b5611153e14079a187a9d76a78fab8,inventory only; see report for traced paths
apps/modules/snapproofos/source/artifacts/snapproof/src/components/ui/kbd.tsx,quarantined-import,28,890,dd4b76a2c84f23bb410a1361c8355332ad8d0e99bc348cec8fd626c26c50540c,inventory only; see report for traced paths
apps/modules/snapproofos/source/artifacts/snapproof/src/components/ui/label.tsx,quarantined-import,26,750,8253ee4179284de5d037eee03b55f4499b04ff41ddfa60b3176ea28d4bdc301c,inventory only; see report for traced paths
apps/modules/snapproofos/source/artifacts/snapproof/src/components/ui/menubar.tsx,quarantined-import,254,8862,95dff8f7a917b42de3f413df3c5f7615cf158ae4ed9129642eff59ba9d352d0c,inventory only; see report for traced paths
apps/modules/snapproofos/source/artifacts/snapproof/src/components/ui/navigation-menu.tsx,quarantined-import,128,5252,f8ba72ac1edf867f20e940b5b99212d98ebd7d5a2132eaf6a98130209080bb2e,inventory only; see report for traced paths
apps/modules/snapproofos/source/artifacts/snapproof/src/components/ui/pagination.tsx,quarantined-import,117,2868,e3cc6dfb9d84cf94a00b1c61e188ff19ab9cc5558ef046944d90bd6e2de55d31,inventory only; see report for traced paths
apps/modules/snapproofos/source/artifacts/snapproof/src/components/ui/popover.tsx,quarantined-import,31,1373,c700d123e6729b734ac3b13a44947d2ef9180b56dc9a72e8a1768ea8b943bc93,inventory only; see report for traced paths
apps/modules/snapproofos/source/artifacts/snapproof/src/components/ui/progress.tsx,quarantined-import,28,820,0e52f6bdff8b18385effd7845819cbe78fbe565e76509c08d9e072ddd474c566,inventory only; see report for traced paths
apps/modules/snapproofos/source/artifacts/snapproof/src/components/ui/radio-group.tsx,quarantined-import,42,1452,7fe8ffedbabac6b82d277b086b774f9ee57d9184d1ab13452d77ceda489c5c99,inventory only; see report for traced paths
apps/modules/snapproofos/source/artifacts/snapproof/src/components/ui/resizable.tsx,quarantined-import,45,1768,bbb236cf580525f2f1f7e40404d34c03cf806c02eee8404891f72fcf5034ec31,inventory only; see report for traced paths
apps/modules/snapproofos/source/artifacts/snapproof/src/components/ui/scroll-area.tsx,quarantined-import,46,1688,5bbf2efc963f2a62d9f9d41fdf2a96f798ad409ee2a1fdb1fe51da947d882dc7,inventory only; see report for traced paths
apps/modules/snapproofos/source/artifacts/snapproof/src/components/ui/select.tsx,quarantined-import,159,5904,41c332da1a05575ee9f45650301efcdaa62b01b237c831d779ab23f034f535c7,inventory only; see report for traced paths
apps/modules/snapproofos/source/artifacts/snapproof/src/components/ui/separator.tsx,quarantined-import,29,785,1e2f9c2eab409bf25614f4e0b495b9a67646e92a0a7d1a033afaada64fdb1b78,inventory only; see report for traced paths
apps/modules/snapproofos/source/artifacts/snapproof/src/components/ui/sheet.tsx,quarantined-import,140,4420,72edc44a754350bb77fcd9bfd621f3b8b98fba5e85aa72d7555912b1e2ea6faf,inventory only; see report for traced paths
apps/modules/snapproofos/source/artifacts/snapproof/src/components/ui/sidebar.tsx,quarantined-import,727,22573,3a36ba9f139af5708d6aa1f0fc620085e4b2e9fcc1e58e35ee1933a0c9ac07ce,inventory only; see report for traced paths
apps/modules/snapproofos/source/artifacts/snapproof/src/components/ui/skeleton.tsx,quarantined-import,15,281,91e3bb69a8b91319442ae4aa4203407044b90bd43703c3aa8f011d43f844fe43,inventory only; see report for traced paths
apps/modules/snapproofos/source/artifacts/snapproof/src/components/ui/slider.tsx,quarantined-import,26,1063,f2c30f700b5a8dfd342413ca266f7618b39dac0ca50e7101adefd0b68afb3478,inventory only; see report for traced paths
apps/modules/snapproofos/source/artifacts/snapproof/src/components/ui/sonner.tsx,quarantined-import,31,925,16ab4f1f4c538f3991751b31c64d930b44a4d20caef51629ee13c3517db9a986,inventory only; see report for traced paths
apps/modules/snapproofos/source/artifacts/snapproof/src/components/ui/spinner.tsx,quarantined-import,16,347,cbf9073613aed22ffd4ba21219adc1d1b8dce311d4280800f772b5eae587eeff,inventory only; see report for traced paths
apps/modules/snapproofos/source/artifacts/snapproof/src/components/ui/switch.tsx,quarantined-import,27,1175,08711f3d92da7c10c8f84d30984870628331e66212fb9f618da24d1a803a4dee,inventory only; see report for traced paths
apps/modules/snapproofos/source/artifacts/snapproof/src/components/ui/table.tsx,quarantined-import,120,2979,865e3fca4936c02b58beab4509abcb468449fd2ee2ebdc3aebdd23ee3bfd982b,inventory only; see report for traced paths
apps/modules/snapproofos/source/artifacts/snapproof/src/components/ui/tabs.tsx,quarantined-import,53,1930,8134e14b016e1f3846640c2bc8a2c6438c289da6b8ce1d04362a101ef62d45a7,inventory only; see report for traced paths
apps/modules/snapproofos/source/artifacts/snapproof/src/components/ui/textarea.tsx,quarantined-import,22,671,c3b95caa4b59e88f09752932dc93d289f9e3758fd0eff9b029f8e6d453dcea03,inventory only; see report for traced paths
apps/modules/snapproofos/source/artifacts/snapproof/src/components/ui/toast.tsx,quarantined-import,127,4972,2da684420d53b7826485853a5f433bc794eb8a3fa3ca99db7cabb59974dfff38,inventory only; see report for traced paths
apps/modules/snapproofos/source/artifacts/snapproof/src/components/ui/toaster.tsx,quarantined-import,33,805,d336e69dc56f72df1da448f1f39eedddb3b7e0dd0e5a69ca5be8db7acb32b7e4,inventory only; see report for traced paths
apps/modules/snapproofos/source/artifacts/snapproof/src/components/ui/toggle-group.tsx,quarantined-import,61,1814,04c1ac2983a3b790295fae9a0c475b32c61d6c49954e65eb38b54fa9af09f9dc,inventory only; see report for traced paths
apps/modules/snapproofos/source/artifacts/snapproof/src/components/ui/toggle.tsx,quarantined-import,43,1529,950f6552560c82c4f7c8ad15568acb0ce59ee6305afe8b2df92a0b4c60a1d478,inventory only; see report for traced paths
apps/modules/snapproofos/source/artifacts/snapproof/src/components/ui/tooltip.tsx,quarantined-import,32,1299,f3b91d8e764ae4bf78e0bf44a62cd8ef2503a251a7824ee062f0cd864caffdf6,inventory only; see report for traced paths
apps/modules/snapproofos/source/artifacts/snapproof/src/hooks/use-mobile.tsx,quarantined-import,19,584,d2377fbad5ad2bdf7fa896a68c36ac8bf4aa74a974b2061f77b41ae58d623001,inventory only; see report for traced paths
apps/modules/snapproofos/source/artifacts/snapproof/src/hooks/use-toast.ts,quarantined-import,191,4086,52580e80b7d8e7dfc0eee27f3bc8dfa209e32fe8dc96b8e3e79ed61666348dd7,inventory only; see report for traced paths
apps/modules/snapproofos/source/artifacts/snapproof/src/index.css,quarantined-import,154,5075,ebcdefb7c10f944b00680db58418beff3152d8601a75fe5c2380840c6623984e,inventory only; see report for traced paths
apps/modules/snapproofos/source/artifacts/snapproof/src/lib/utils.ts,quarantined-import,6,172,74a147991a119f1c4cdc25a4d9b22713632fa32eb136e55ab6939b006d71b9d6,inventory only; see report for traced paths
apps/modules/snapproofos/source/artifacts/snapproof/src/main.tsx,quarantined-import,5,162,5df52f8fa0b617b6ff92334adc5551e01c4bf771c5a27c6abe58ad162c347b80,inventory only; see report for traced paths
apps/modules/snapproofos/source/artifacts/snapproof/src/pages/activity.tsx,quarantined-import,40,1737,72dc0030bf1f1c0fc92eb2cb1eab1652b89023484a5745794b738f345bb4d647,inventory only; see report for traced paths
apps/modules/snapproofos/source/artifacts/snapproof/src/pages/billing.tsx,quarantined-import,62,3345,9996d4dd22cf364c9deb394726366c39db3a25f2a30f0f046754e87b319515eb,inventory only; see report for traced paths
apps/modules/snapproofos/source/artifacts/snapproof/src/pages/customer-detail.tsx,quarantined-import,71,2725,8e6477fb59f7113a81e5515562f06445d9893fddb1ff6edfdfa01bfb9623e74b,inventory only; see report for traced paths
apps/modules/snapproofos/source/artifacts/snapproof/src/pages/customers.tsx,quarantined-import,132,5856,30b4ccb1f7ed157f460c1d5cc6f5270f8ac9bf0475ebde941480e72a29b3b95b,inventory only; see report for traced paths
apps/modules/snapproofos/source/artifacts/snapproof/src/pages/dashboard.tsx,quarantined-import,80,4242,e96f27931837dd2059a23f4572262e7a50b5967ae721f1db07e69b19e96b007e,inventory only; see report for traced paths
apps/modules/snapproofos/source/artifacts/snapproof/src/pages/features.tsx,quarantined-import,74,3246,dc7f2cfe1328daa394c6e8752a99834eac6f44fece402bd5416b43a72dbcfe24,inventory only; see report for traced paths
apps/modules/snapproofos/source/artifacts/snapproof/src/pages/index.tsx,quarantined-import,53,3180,fcbdcd975a80bf9445d1a04139a0a26c7bc3bf91fcc99e763a9eb543165b92db,inventory only; see report for traced paths
apps/modules/snapproofos/source/artifacts/snapproof/src/pages/job-detail.tsx,quarantined-import,107,4418,36b868df779ee285ea7977ac06871f7949ff96ad0e007242bdc44ea5f1b0d8ee,inventory only; see report for traced paths
apps/modules/snapproofos/source/artifacts/snapproof/src/pages/jobs.tsx,quarantined-import,132,5657,e2ec8f514c552f9673dd7a54a564425c525d95f2881e91f8a3b007210b0ebf0d,inventory only; see report for traced paths
apps/modules/snapproofos/source/artifacts/snapproof/src/pages/login.tsx,quarantined-import,57,2368,ef690cba5eb27a3d5cb5a67cee003c85f32a96c21bc996fa2a99e8a710c120ae,inventory only; see report for traced paths
apps/modules/snapproofos/source/artifacts/snapproof/src/pages/not-found.tsx,quarantined-import,21,732,d6ce1dabff2cb0630606c8502200a8bb531b7aebb7c864d8863ef896df350dac,inventory only; see report for traced paths
apps/modules/snapproofos/source/artifacts/snapproof/src/pages/pricing.tsx,quarantined-import,96,3845,ed60799cd55b89a63590f6ef3535ea9136532028b0eddaf4ccd60ecbecb1f1d7,inventory only; see report for traced paths
apps/modules/snapproofos/source/artifacts/snapproof/src/pages/profile.tsx,quarantined-import,43,1868,e0cdc6c277d987648bcaa5ebba38a7605931ea618f75df8431cce071baf699a9,inventory only; see report for traced paths
apps/modules/snapproofos/source/artifacts/snapproof/src/pages/register.tsx,quarantined-import,80,3436,0f5fea1081092bcfc8f9fb78b085487a1cc68eaad1631a56e04e8783755dce5f,inventory only; see report for traced paths
apps/modules/snapproofos/source/artifacts/snapproof/src/pages/settings.tsx,quarantined-import,11,403,d6d95313c4108ab58b2c3bf3cb954b306a1efb7b3fede7000b606f7b52ac9ebb,inventory only; see report for traced paths
apps/modules/snapproofos/source/artifacts/snapproof/src/pages/templates.tsx,quarantined-import,45,2169,499cda899a73c6c882fc86f02cff8a95d9a9af46007a7b458a6095aa06337d2d,inventory only; see report for traced paths
apps/modules/snapproofos/source/artifacts/snapproof/src/pages/use-cases.tsx,quarantined-import,78,3957,8361dcc0b3aefe704cffd8847eff710950a576a52fd65ffa931941d652fc2196,inventory only; see report for traced paths
apps/modules/snapproofos/source/artifacts/snapproof/vite.config.ts,quarantined-import,81,1957,49c9e3735317916e0885db48262b8df4acd1210da900e784bc3005be34136d97,inventory only; see report for traced paths
apps/modules/snapproofos/source/lib/api-client-react/src/custom-fetch.ts,quarantined-import,371,11794,87b14c49f44fd46b095d24cbf96d6d5918571ff09dc32b510fd5d1fbc547cd77,inventory only; see report for traced paths
apps/modules/snapproofos/source/lib/api-client-react/src/generated/api.schemas.ts,quarantined-import,894,19689,0d8b9c363430f97b4bbb500f7b3c1e9981eecf7bda76a0e4db140ff09a6314cb,inventory only; see report for traced paths
apps/modules/snapproofos/source/lib/api-client-react/src/generated/api.ts,quarantined-import,5065,141761,0971ba118b8151547bd8f59681d40ffe65705db1c9d900564abbda763dd00c8c,inventory only; see report for traced paths
apps/modules/snapproofos/source/lib/api-client-react/src/index.ts,quarantined-import,4,198,b3d4fdd4278127eaa4ee3c253b59ac636392f290459e44eb33dd2beaff4fcb5c,inventory only; see report for traced paths
apps/modules/snapproofos/source/lib/api-spec/orval.config.ts,quarantined-import,72,1875,4405fcf774d84ca551c4f39ac6f5ce009d2eda68119327be5b96077d534eed7b,inventory only; see report for traced paths
apps/modules/snapproofos/source/lib/api-zod/src/generated/api.ts,quarantined-import,1152,31838,8303c008e70deb37012ec20360e090c76c367d44f4fc49163a1f4665697c5166,inventory only; see report for traced paths
apps/modules/snapproofos/source/lib/api-zod/src/generated/types/activityEntry.ts,quarantined-import,20,439,95871251aed43fb4caec6e39e91a5893f75f60cf75f4129b615a5c945d4d9cb9,inventory only; see report for traced paths
apps/modules/snapproofos/source/lib/api-zod/src/generated/types/activityEntryMetadata.ts,quarantined-import,9,199,00ee49f66e3cd24a143708c1d67654d6cbb5188797bec3f761ad4d63042e6eed,inventory only; see report for traced paths
apps/modules/snapproofos/source/lib/api-zod/src/generated/types/authUser.ts,quarantined-import,21,464,cd0a9b58c8b0d2be716bd623e7a056c4dce1aeee639cd385b806bc76c6614fe8,inventory only; see report for traced paths
apps/modules/snapproofos/source/lib/api-zod/src/generated/types/authUserRole.ts,quarantined-import,16,334,ab03b853efcf8ece87abd797f766d66152b37851d27aa17af426eb90636356ad,inventory only; see report for traced paths
apps/modules/snapproofos/source/lib/api-zod/src/generated/types/billingPlan.ts,quarantined-import,19,498,1e15643e73e11533f4c909dcf64711f39393521740a382091b7aae2a4527e358,inventory only; see report for traced paths
apps/modules/snapproofos/source/lib/api-zod/src/generated/types/billingPlanCurrentUsage.ts,quarantined-import,13,251,94e6939ca2d69d53a365fc445a228d3ad0ac0cf6e6f28c920bb0d9332d7138e1,inventory only; see report for traced paths
apps/modules/snapproofos/source/lib/api-zod/src/generated/types/billingPlanPlanId.ts,quarantined-import,18,376,9de4fdb9d04639cd4b67dba946d7cc5780c54d5957b0cc1402793ea610342e69,inventory only; see report for traced paths
apps/modules/snapproofos/source/lib/api-zod/src/generated/types/branding.ts,quarantined-import,28,604,9596f8782fe4698cc54eda802c780b66cdcffc2864c66f9a47f71620c96b437a,inventory only; see report for traced paths
apps/modules/snapproofos/source/lib/api-zod/src/generated/types/createCustomerBody.ts,quarantined-import,16,292,bc7404d4c780cc90c77180e2ec1ffe8474afcc1547d60711124d4b06fe34ed62,inventory only; see report for traced paths
apps/modules/snapproofos/source/lib/api-zod/src/generated/types/createExportBody.ts,quarantined-import,12,282,482dbb1d3c1fe29786bce75bf2b283d8537e9ba5c9190fc523019bafb967cd1d,inventory only; see report for traced paths
apps/modules/snapproofos/source/lib/api-zod/src/generated/types/createExportBodyFormat.ts,quarantined-import,15,333,5a4578b24134e6a00d583333d50ba9ec9d2c27a586025ad1e721b82b7ab7476f,inventory only; see report for traced paths
apps/modules/snapproofos/source/lib/api-zod/src/generated/types/createFindingBody.ts,quarantined-import,16,384,f53a14e5f93ad19dab154478d8cf911ae28221ad7637a40c1f1788b82c86a1af,inventory only; see report for traced paths
apps/modules/snapproofos/source/lib/api-zod/src/generated/types/createFindingBodySeverity.ts,quarantined-import,17,391,0305e1548c4d7e91a5a45262918ea3c7e96b357ec53e10c7d187ddd4995d72a6,inventory only; see report for traced paths
apps/modules/snapproofos/source/lib/api-zod/src/generated/types/createJobBody.ts,quarantined-import,17,333,cab90f19cd573698dbb16d29138bb59f67a320e21f10570165f777fc8a769ee4,inventory only; see report for traced paths
apps/modules/snapproofos/source/lib/api-zod/src/generated/types/createLaborBody.ts,quarantined-import,14,258,4de347da3347a0bd9f501d61eddb418a92b03a629e5a1c1f470bb29acce5ab93,inventory only; see report for traced paths
apps/modules/snapproofos/source/lib/api-zod/src/generated/types/createNoteBody.ts,quarantined-import,15,351,f15f2b64e63113a55046dd8ae690c50737e087ff5d83197cf56714729ffad994,inventory only; see report for traced paths
apps/modules/snapproofos/source/lib/api-zod/src/generated/types/createNoteBodyNoteType.ts,quarantined-import,16,406,082ce3ef53b77119482fad8df8d1a6cc44d593269e681ff85637c0576414eee2,inventory only; see report for traced paths
apps/modules/snapproofos/source/lib/api-zod/src/generated/types/createOrganizationBody.ts,quarantined-import,13,240,d722a596df079ca284fea26326078735ade5423e35cf7af9e6d349d0b13c8d15,inventory only; see report for traced paths
apps/modules/snapproofos/source/lib/api-zod/src/generated/types/createPartBody.ts,quarantined-import,14,256,8c1b0aab8b44b8d5cb7c2df81c5578e412f9b286c8c7117e28f3162540b530b7,inventory only; see report for traced paths
apps/modules/snapproofos/source/lib/api-zod/src/generated/types/createTemplateBody.ts,quarantined-import,16,308,70a33f7f8107ff4ebc4c543181a8700c147edf0981b51f8bffb3fdf0a6e89d88,inventory only; see report for traced paths
apps/modules/snapproofos/source/lib/api-zod/src/generated/types/customer.ts,quarantined-import,24,469,8af4935fce41ae885af4bc4c5a95dd412edb06fdc185e0ff65a57ff0fb97c9cd,inventory only; see report for traced paths
apps/modules/snapproofos/source/lib/api-zod/src/generated/types/dashboardStats.ts,quarantined-import,18,736,817188cf7ce98a889245b7b183ff3b1b1a5ddc413c847dfed0bf3d781bfcd9ed,inventory only; see report for traced paths
apps/modules/snapproofos/source/lib/api-zod/src/generated/types/dashboardStatsJobsByStatusItem.ts,quarantined-import,12,223,508a2b7a1e422312f3f7005d76569cbb91f1ef7a4d9b1f9ec4d0ec33d1927e03,inventory only; see report for traced paths
apps/modules/snapproofos/source/lib/api-zod/src/generated/types/dashboardStatsJobsByTypeItem.ts,quarantined-import,12,219,26686611fc9e715e772fd33a4327f9a26a2418c22b88fb7c179dfdbc35600355,inventory only; see report for traced paths
apps/modules/snapproofos/source/lib/api-zod/src/generated/types/dashboardStatsReportsOverTimeItem.ts,quarantined-import,12,224,35cbd219b5db1e421c1f8fd8d8854362e2b5589abbce7e3f6abbed8c92bf8ef7,inventory only; see report for traced paths
apps/modules/snapproofos/source/lib/api-zod/src/generated/types/dashboardStatsTopCustomersItem.ts,quarantined-import,12,224,ea15bcb180f155fa7343c9fc2bab270978e8318989a26ea82ae433bac9623ced,inventory only; see report for traced paths
apps/modules/snapproofos/source/lib/api-zod/src/generated/types/dashboardSummary.ts,quarantined-import,22,478,f8011d99dfcbcfd75846f3270e87f3821aeb7d60c0e3f2829a068b678608432c,inventory only; see report for traced paths
apps/modules/snapproofos/source/lib/api-zod/src/generated/types/errorResponse.ts,quarantined-import,11,189,663a54fa29cf077f37fc8d760c0c74697db9daa98319dba6444ea5fde586532f,inventory only; see report for traced paths
apps/modules/snapproofos/source/lib/api-zod/src/generated/types/export.ts,quarantined-import,20,444,169c2bcb16d0340055560dd0090158a5bb5131cd61cab42f3678560a6bce1f80,inventory only; see report for traced paths
apps/modules/snapproofos/source/lib/api-zod/src/generated/types/exportFormat.ts,quarantined-import,14,290,86cd5e3e26a50bcd4504602e0ad9e04a30952e4f293646caf8d5d8db21eda1b7,inventory only; see report for traced paths
apps/modules/snapproofos/source/lib/api-zod/src/generated/types/exportStatus.ts,quarantined-import,15,329,ba93b167905de29c7cad299b24629de6f4f77d6e669183f230bedc1de596990d,inventory only; see report for traced paths
apps/modules/snapproofos/source/lib/api-zod/src/generated/types/finding.ts,quarantined-import,23,496,9724dbf6b1217dbc65b0dc479a9b121c3717e69406658852401a677c9fa90f88,inventory only; see report for traced paths
apps/modules/snapproofos/source/lib/api-zod/src/generated/types/findingSeverity.ts,quarantined-import,17,351,0c701cafc98c661ca6713fa1f8d191d10294d8d2b3e1aaf23cc1c9f5c2f7b16c,inventory only; see report for traced paths
apps/modules/snapproofos/source/lib/api-zod/src/generated/types/generateReportBody.ts,quarantined-import,15,436,6ac60bc097d7568091a36e0f9cef56bf16d2eb2e60574043459f57b57c63c635,inventory only; see report for traced paths
apps/modules/snapproofos/source/lib/api-zod/src/generated/types/generateReportBodyReportType.ts,quarantined-import,19,537,6ec66a1d84f609df33427e3fdfd9ef64b4f8c9f4d6ca79d7300092bb4265a9cc,inventory only; see report for traced paths
apps/modules/snapproofos/source/lib/api-zod/src/generated/types/generateReportBodyTone.ts,quarantined-import,18,442,4b11d7a528f998f2e7d504394fa1b9226dcde96d4bd6a44cf9ed45b8fed20a26,inventory only; see report for traced paths
apps/modules/snapproofos/source/lib/api-zod/src/generated/types/getDashboardStatsParams.ts,quarantined-import,12,291,05c08413021cc8f26048d5907411515bf72726b51fbc39e706ec68dffaa7069e,inventory only; see report for traced paths
apps/modules/snapproofos/source/lib/api-zod/src/generated/types/getDashboardStatsPeriod.ts,quarantined-import,17,381,897fb0e74a78b17a0c5d5d3935553d69b89e2f73e292fd45c1c0e437eab7aa94,inventory only; see report for traced paths
apps/modules/snapproofos/source/lib/api-zod/src/generated/types/healthStatus.ts,quarantined-import,11,189,0eb5399210c53fa7c830bf3b3e6a3beb5c2e72690e197aeb0da1a582dba84fde,inventory only; see report for traced paths
apps/modules/snapproofos/source/lib/api-zod/src/generated/types/index.ts,quarantined-import,104,3669,79a7c9ed75dc09ea70af114671ad2735177d63a68ab9d914eecab0fe4255dd45,inventory only; see report for traced paths
apps/modules/snapproofos/source/lib/api-zod/src/generated/types/inviteTeamMemberBody.ts,quarantined-import,15,353,18a7387762947f164c5b6e7db7b9991925d9d6329ef4351f96daf49716a4b976,inventory only; see report for traced paths
apps/modules/snapproofos/source/lib/api-zod/src/generated/types/inviteTeamMemberBodyRole.ts,quarantined-import,16,366,71c1459d3268789a420911b7dab060c68125433ff18909e13d4acdb0d91a04d5,inventory only; see report for traced paths
apps/modules/snapproofos/source/lib/api-zod/src/generated/types/job.ts,quarantined-import,33,729,30bf018fcd34737373268cf68f07607b546fe9c84a07533212b5dc23012d6e12,inventory only; see report for traced paths
apps/modules/snapproofos/source/lib/api-zod/src/generated/types/jobDetail.ts,quarantined-import,43,1084,397fcb4ad4c58d727c920240a39f0a363b85887dd4788a7a4757eeaef7b760c4,inventory only; see report for traced paths
apps/modules/snapproofos/source/lib/api-zod/src/generated/types/jobDetailStatus.ts,quarantined-import,17,375,db791b1c1ec8fb074da2426155182e0f3a5e3bb0c67daef3a4ec730d858c2d84,inventory only; see report for traced paths
apps/modules/snapproofos/source/lib/api-zod/src/generated/types/jobFile.ts,quarantined-import,21,438,3b932f66da17ce830fc2a781e96582e204e5c8b5dd39d0963dea34e44c892b32,inventory only; see report for traced paths
apps/modules/snapproofos/source/lib/api-zod/src/generated/types/jobFileFileType.ts,quarantined-import,17,355,141aa1fd570789b6fd96a3605465cfd9b5307d490872237afe14cac859a8bdf4,inventory only; see report for traced paths
apps/modules/snapproofos/source/lib/api-zod/src/generated/types/jobStatus.ts,quarantined-import,16,348,634a9a1c62178a45a7c27893fc4502e213d7646557fe9a0b8b1d050466ae29d4,inventory only; see report for traced paths
apps/modules/snapproofos/source/lib/api-zod/src/generated/types/laborEntry.ts,quarantined-import,21,408,bd92fc5f59a42fc8f59d0cfd0a9515d7d27ce1f751354c4eae5f72e043b34bd8,inventory only; see report for traced paths
apps/modules/snapproofos/source/lib/api-zod/src/generated/types/listActivityParams.ts,quarantined-import,12,213,5ff7878fe9c255dcb7f3349d749804ba4612a5ae49c95f8c2419be33add628fc,inventory only; see report for traced paths
apps/modules/snapproofos/source/lib/api-zod/src/generated/types/listCustomers200.ts,quarantined-import,13,261,63f8251aa1b7151e6d3ce64b68b0b898f24ad80445a004c4d2d5f63b877ead1e,inventory only; see report for traced paths
apps/modules/snapproofos/source/lib/api-zod/src/generated/types/listCustomersParams.ts,quarantined-import,13,234,e4d6902a36e5662681701bd5b44684f21fc8c73c11bf9daf735b08ab75be8b1e,inventory only; see report for traced paths
apps/modules/snapproofos/source/lib/api-zod/src/generated/types/listExportsParams.ts,quarantined-import,12,212,6cf1f73a0bdc223e08cdcabcab81b76d2848fb7667526b98e8ca17d857132b59,inventory only; see report for traced paths
apps/modules/snapproofos/source/lib/api-zod/src/generated/types/listJobs200.ts,quarantined-import,13,236,6057f9df2caa347775c209f0729b654001c254d7f681b5d5080048fa0ea2b9c7,inventory only; see report for traced paths
apps/modules/snapproofos/source/lib/api-zod/src/generated/types/listJobsParams.ts,quarantined-import,15,273,aa15438745874c625351d6e418259bcc77d496e4d25eb08a5b5ab3fa29adc29c,inventory only; see report for traced paths
apps/modules/snapproofos/source/lib/api-zod/src/generated/types/loginBody.ts,quarantined-import,12,206,499a4d94b60ebb8a4f8cc020c166093e2d447ac536011d959bd76c4d17c004ba,inventory only; see report for traced paths
apps/modules/snapproofos/source/lib/api-zod/src/generated/types/note.ts,quarantined-import,19,388,8d732d38eecaf5e52e15b9fe8b7cfead9031942705e619b1ee4868cfcf1aa41a,inventory only; see report for traced paths
apps/modules/snapproofos/source/lib/api-zod/src/generated/types/noteNoteType.ts,quarantined-import,15,363,9867b26aa29dcaa9189d4d7dd7e973e47865ae64de5b4d573533eaebc35f1295,inventory only; see report for traced paths
apps/modules/snapproofos/source/lib/api-zod/src/generated/types/organization.ts,quarantined-import,18,337,6ebadf406e36e711b52a510d3c46d02ac74af27fa6e8659a3250dc9a3546c4b9,inventory only; see report for traced paths
apps/modules/snapproofos/source/lib/api-zod/src/generated/types/part.ts,quarantined-import,19,348,88ef856cf1bf1a2ecfd2b1bcfd825627d6e6c9278c9a55e9ad18437acfe2417e,inventory only; see report for traced paths
apps/modules/snapproofos/source/lib/api-zod/src/generated/types/registerBody.ts,quarantined-import,16,305,cd703a8639fcc21940a4a200ee9f2a9ed608555c36a56943445edb4635e56399,inventory only; see report for traced paths
apps/modules/snapproofos/source/lib/api-zod/src/generated/types/report.ts,quarantined-import,23,579,0549877df1f9fe2a9a8452d61b7a853f1dffa4e286270958c2330c91b594898b,inventory only; see report for traced paths
apps/modules/snapproofos/source/lib/api-zod/src/generated/types/reportContent.ts,quarantined-import,9,191,dc3f0cd1e65a3a35659f3b53c5299c99c576a063ac9f586da39bb052e2507ffa,inventory only; see report for traced paths
apps/modules/snapproofos/source/lib/api-zod/src/generated/types/reportReportType.ts,quarantined-import,19,489,e0a2150a31932516eaa340af3d2b413e77e083bf1b3d038690249b8896bd5622,inventory only; see report for traced paths
apps/modules/snapproofos/source/lib/api-zod/src/generated/types/reportStatus.ts,quarantined-import,14,296,8a3cad0ee2b22c9add7960b06246afeb02367257352abb2bc36bc351a7385edc,inventory only; see report for traced paths
apps/modules/snapproofos/source/lib/api-zod/src/generated/types/reportTone.ts,quarantined-import,17,391,dcbb3b197c5f2981108deb2eabb380546fb305db40705e2313e526a7c12fa21b,inventory only; see report for traced paths
apps/modules/snapproofos/source/lib/api-zod/src/generated/types/shareLink.ts,quarantined-import,17,304,7b6acc95171c8cf22b99f852ac24a0e6b1aa2b4afe0c76796bc7c9b435ae5fc2,inventory only; see report for traced paths
apps/modules/snapproofos/source/lib/api-zod/src/generated/types/sharedReportView.ts,quarantined-import,34,903,1493f5298325983867c514b28c2d2cc99070ed7b3aa7e6e17e11af254cce6faa,inventory only; see report for traced paths
apps/modules/snapproofos/source/lib/api-zod/src/generated/types/sharedReportViewContent.ts,quarantined-import,9,201,0c53f79cc211abe26b3364c1c7bf915726d216175d138ec484793b86904f02d7,inventory only; see report for traced paths
apps/modules/snapproofos/source/lib/api-zod/src/generated/types/subscribeBody.ts,quarantined-import,12,270,055c4972688a3ab4cd8b46f702dfaacd8e637449d203146e9f8a98daca0b3c14,inventory only; see report for traced paths
apps/modules/snapproofos/source/lib/api-zod/src/generated/types/subscribeBodyPlanId.ts,quarantined-import,18,384,901ba98227171b8127a5033d18cc8c0085f9cfbca73d7293b38b40f8661db4bd,inventory only; see report for traced paths
apps/modules/snapproofos/source/lib/api-zod/src/generated/types/successResponse.ts,quarantined-import,11,194,37559b873e65bad99ef2960056517252b455417fdd213e4fd8ce4bc47c7ff6ce,inventory only; see report for traced paths
apps/modules/snapproofos/source/lib/api-zod/src/generated/types/teamMember.ts,quarantined-import,20,454,ce8438e461335e14d7145aa1f8468c6fc68c39b2ac5cc5f5608ffa13d836c044,inventory only; see report for traced paths
apps/modules/snapproofos/source/lib/api-zod/src/generated/types/teamMemberRole.ts,quarantined-import,17,345,395685f2514f29bb36e4dee54497759be8a99fc57f5dd452686c488d162cce03,inventory only; see report for traced paths
apps/modules/snapproofos/source/lib/api-zod/src/generated/types/teamMemberStatus.ts,quarantined-import,16,346,f3ef70aa47dbdbfae2ae5d461d89d958bd288102fddab0c68fd363514bd93e87,inventory only; see report for traced paths
apps/modules/snapproofos/source/lib/api-zod/src/generated/types/template.ts,quarantined-import,20,379,c7b05a8f96a545aff71228f5df26852cbf72d2d62f1916cf89770f0262451c79,inventory only; see report for traced paths
apps/modules/snapproofos/source/lib/api-zod/src/generated/types/updateBrandingBody.ts,quarantined-import,26,581,153ae3a16e723038bf8361c55026c6cd458526b5e0f3dee6a7f777ffc2fc0bbe,inventory only; see report for traced paths
apps/modules/snapproofos/source/lib/api-zod/src/generated/types/updateCustomerBody.ts,quarantined-import,21,428,382345c786284ea0d26dd5abb4c3aa1149b32d12854dcb9f9a9918d8e55cd7c2,inventory only; see report for traced paths
apps/modules/snapproofos/source/lib/api-zod/src/generated/types/updateFileBody.ts,quarantined-import,13,243,d86b800fe557f47e7552d158017763acfde3aa514e78f58f6bf9301acda9ac85,inventory only; see report for traced paths
apps/modules/snapproofos/source/lib/api-zod/src/generated/types/updateFindingBody.ts,quarantined-import,20,489,1a4fa4bbf560e446415a4a0097d0791e847a58e59844cc06f530d9fae9e15c03,inventory only; see report for traced paths
apps/modules/snapproofos/source/lib/api-zod/src/generated/types/updateFindingBodySeverity.ts,quarantined-import,17,391,1603e1d0f7bee18372cfa618f4d903834859b6cd51575b23cb5958a0a101cf89,inventory only; see report for traced paths
apps/modules/snapproofos/source/lib/api-zod/src/generated/types/updateJobBody.ts,quarantined-import,23,543,d1d89af1df4b1ba1740b5b6394d1d099e822b14b491d4b78d2557045cb6f76ad,inventory only; see report for traced paths
apps/modules/snapproofos/source/lib/api-zod/src/generated/types/updateJobBodyStatus.ts,quarantined-import,17,391,fff5823ce7afd8ecc9e80dffa6ca89d09bbf0610e87b128b8c2f8051befa342d,inventory only; see report for traced paths
apps/modules/snapproofos/source/lib/api-zod/src/generated/types/updateLaborBody.ts,quarantined-import,13,235,5302cd2c5c596b84555eb07bde593cf809391cfdca4c96623b95180ccf841d4b,inventory only; see report for traced paths
apps/modules/snapproofos/source/lib/api-zod/src/generated/types/updateNoteBody.ts,quarantined-import,13,304,c5d286e3d350f7b6bf0f3739d69831c25b7f07a9321258096669ad654aef7943,inventory only; see report for traced paths
apps/modules/snapproofos/source/lib/api-zod/src/generated/types/updateNoteBodyNoteType.ts,quarantined-import,16,406,f287b825990c87fee53880dd8db92418c6c3cfad0398cf4102be152dbfdc868b,inventory only; see report for traced paths
apps/modules/snapproofos/source/lib/api-zod/src/generated/types/updateOrganizationBody.ts,quarantined-import,14,271,b50e292a282a555a2697771c9bb5deb8cf36ba34d7dddcca8ff92c84d1948b24,inventory only; see report for traced paths
apps/modules/snapproofos/source/lib/api-zod/src/generated/types/updatePartBody.ts,quarantined-import,15,286,a042d03991bbe295415730d059e29f3a7eb02520c00b72451c3d750bc6af8892,inventory only; see report for traced paths
apps/modules/snapproofos/source/lib/api-zod/src/generated/types/updateProfileBody.ts,quarantined-import,16,315,c856bd28621f04f376a73000dae44959eaeefcbd96bae3e8d8ee29d74af66ec8,inventory only; see report for traced paths
apps/modules/snapproofos/source/lib/api-zod/src/generated/types/updateReportBody.ts,quarantined-import,15,415,b4ee30eee024f5294babddb6a52f87309107a7c024548afc52123dc557ab81f4,inventory only; see report for traced paths
apps/modules/snapproofos/source/lib/api-zod/src/generated/types/updateReportBodyContent.ts,quarantined-import,9,201,10d130c23583454b2f3cc92bfe21399dd1bed87eeaa1b9c01402b15d8e55305b,inventory only; see report for traced paths
apps/modules/snapproofos/source/lib/api-zod/src/generated/types/updateReportBodyStatus.ts,quarantined-import,15,339,136bb2708d8b5dddfa5536bf2308f181f62c8d541ec11c1b630e4c07f14de0a0,inventory only; see report for traced paths
apps/modules/snapproofos/source/lib/api-zod/src/generated/types/updateTeamMemberBody.ts,quarantined-import,12,291,3c4fa954e12292439dbcc6f15d8aaa8a51b720d139a6be3de54f388e20953c35,inventory only; see report for traced paths
apps/modules/snapproofos/source/lib/api-zod/src/generated/types/updateTeamMemberBodyRole.ts,quarantined-import,16,366,2ae50f807041b5edd6733070d7896df48360c4614b884ac7f5278c9a1c7b627a,inventory only; see report for traced paths
apps/modules/snapproofos/source/lib/api-zod/src/generated/types/uploadFileBody.ts,quarantined-import,16,365,c0245c6b715cc0d46e7cf8343cc78ec43f8cdd417bd29688570262cd53275b4a,inventory only; see report for traced paths
apps/modules/snapproofos/source/lib/api-zod/src/generated/types/uploadFileBodyFileType.ts,quarantined-import,17,383,bd93a3dd7fb10ce2b57ecfa335a529ac3232a088be9c1712effa70aa81b685b2,inventory only; see report for traced paths
apps/modules/snapproofos/source/lib/api-zod/src/generated/types/userProfile.ts,quarantined-import,24,478,b32a9ef870c27aaf5caf2079a80ee2a061e17b388849468571fc15d7db1a76f6,inventory only; see report for traced paths
apps/modules/snapproofos/source/lib/api-zod/src/index.ts,quarantined-import,2,70,89699bd2b0a25ca0b01a66c59639489e641f63060c4f0fe2747f4c20a6ef9141,inventory only; see report for traced paths
apps/modules/snapproofos/source/lib/db/drizzle.config.ts,quarantined-import,14,366,fe5188330c72c0f21a8a5b5f0caccbf8e434ad2f2640bffbcf70655ff98a9b36,inventory only; see report for traced paths
apps/modules/snapproofos/source/lib/db/src/index.ts,quarantined-import,16,432,fce8835334260a94de751c8c586eb1141348aaa143bb2a711a46b6ea5520b83e,inventory only; see report for traced paths
apps/modules/snapproofos/source/lib/db/src/schema/activity.ts,quarantined-import,20,953,668df6fd1f73a8d7e57250da79b80da1b21b22fd4931a05e011c7ab7ecbdf2b4,inventory only; see report for traced paths
apps/modules/snapproofos/source/lib/db/src/schema/branding.ts,quarantined-import,21,892,84696a15d3c08c1dadf6bc00fae6c872ba2a48ce7f381dfb0042dfe53304b40a,inventory only; see report for traced paths
apps/modules/snapproofos/source/lib/db/src/schema/customers.ts,quarantined-import,20,936,27005d00dd19a7cc3bc33c069091c0e01eba47198ddf7400f5daec22fd9dc63e,inventory only; see report for traced paths
apps/modules/snapproofos/source/lib/db/src/schema/exports.ts,quarantined-import,17,812,3d8db1a04b1433106ab684a45330e26277f22d79b614db872bc3b2842157cee4,inventory only; see report for traced paths
apps/modules/snapproofos/source/lib/db/src/schema/files.ts,quarantined-import,19,879,18abb3b604c15ec0a4a2abaf6a4ca994cea297c27c3449bb220e04c851d6a1f4,inventory only; see report for traced paths
apps/modules/snapproofos/source/lib/db/src/schema/findings.ts,quarantined-import,19,868,1499f654bc0188fafefa37abab3184690f9eb3e1fd8bf7db187f7aa9eddea061,inventory only; see report for traced paths
apps/modules/snapproofos/source/lib/db/src/schema/index.ts,quarantined-import,16,455,95c733ee42632fa5fa3be48f75c8160663ac814313114004e7fdf07ee406f497,inventory only; see report for traced paths
apps/modules/snapproofos/source/lib/db/src/schema/jobs.ts,quarantined-import,22,1056,576b6493f66be098c23f2fb2e8b28aee654d15fd2db80180d1ea511b1e969d7b,inventory only; see report for traced paths
apps/modules/snapproofos/source/lib/db/src/schema/labor.ts,quarantined-import,17,850,e4264ddec62366948ec0c0194e9c6531b61614b297bd2c2233ba7aa2b4429a76,inventory only; see report for traced paths
apps/modules/snapproofos/source/lib/db/src/schema/notes.ts,quarantined-import,17,798,9f4b8c8e0690129426f44f369f2205a5f4bebbb543ebc823f4a129de187cdd17,inventory only; see report for traced paths
apps/modules/snapproofos/source/lib/db/src/schema/organizations.ts,quarantined-import,18,952,dc92c505b2c42307feabdc8a3105840bc37e7168ebce2248e1b3b689626dcf73,inventory only; see report for traced paths
apps/modules/snapproofos/source/lib/db/src/schema/parts.ts,quarantined-import,17,842,79ff4e62cc964e25ad0d5829a493277575c68aeb9b3b726347afc978d7de8449,inventory only; see report for traced paths
apps/modules/snapproofos/source/lib/db/src/schema/reports.ts,quarantined-import,19,912,d56e7f72cccb93c857caea34a970487407eaf162b13d30e9f0e7031b3c6fbdee,inventory only; see report for traced paths
apps/modules/snapproofos/source/lib/db/src/schema/shareLinks.ts,quarantined-import,15,743,aaeecf716812424b64b40d634bad4c737c4fb1c94ac4c09c6b25b5057e2c11fa,inventory only; see report for traced paths
apps/modules/snapproofos/source/lib/db/src/schema/teamMembers.ts,quarantined-import,16,798,c05380f3842d2d9452551030baa29cda57bf0dee30f20fc8116df49ba7542f69,inventory only; see report for traced paths
apps/modules/snapproofos/source/lib/db/src/schema/templates.ts,quarantined-import,20,967,f5e1f00a2d00ced0dc91b3046b4814c6bf94d60e5593698f11a210106e64ff0c,inventory only; see report for traced paths
apps/modules/snapproofos/source/lib/db/src/schema/users.ts,quarantined-import,23,1147,566e7a46a5d33818f247b9949dbfbf286a6126b67594967bf642fde934be632f,inventory only; see report for traced paths
apps/modules/snapproofos/source/scripts/post-merge.sh,quarantined-import,4,76,482bb77382d90ec72e3e6a4172ccb0b0811d466f3e3f7b0f71f79b37940c4662,inventory only; see report for traced paths
apps/modules/snapproofos/source/scripts/src/hello.ts,quarantined-import,1,47,867b8e4cd892bd51bf01ca72884a70d28750b5d475b38d060f0721a18c2553fa,inventory only; see report for traced paths
apps/modules/snapproofos/source/scripts/src/seed.ts,quarantined-import,92,3248,f6669f494c78cf0aa850e7d9588a260637a00314842d13530930c17884644b6d,inventory only; see report for traced paths
apps/modules/studyforge-ai/source/artifacts/api-server/build.mjs,quarantined-import,126,3581,8133e19ab8526b0f65b5fb0a54911176758f5973b25f01b682a79e76ed8bb54a,inventory only; see report for traced paths
apps/modules/studyforge-ai/source/artifacts/api-server/src/app.ts,quarantined-import,46,1297,5c217b7fb05224a755a5c9a2e8a3fc1a20287e0debe45d32a38717993c2860d2,inventory only; see report for traced paths
apps/modules/studyforge-ai/source/artifacts/api-server/src/index.ts,quarantined-import,29,674,192e713c068043d6331e876d0ab08e3db9c55276664eb069f2438ceb90f9eda9,inventory only; see report for traced paths
apps/modules/studyforge-ai/source/artifacts/api-server/src/lib/aiGenerator.ts,quarantined-import,155,5686,81501e50e221abcf594e9bd9c89f881e8270fc620a3036101202384a02bb2603,inventory only; see report for traced paths
apps/modules/studyforge-ai/source/artifacts/api-server/src/lib/auth.ts,quarantined-import,111,3883,39e4c6351d52f0e9af075c24969a48a94c5c4fa64ffba010455b885a0c7d0e49,inventory only; see report for traced paths
apps/modules/studyforge-ai/source/artifacts/api-server/src/lib/errorHandler.ts,quarantined-import,18,780,a4a16e6c8d603efbac48de7a46eba86b840c8d305b141977371a22911a0f873a,inventory only; see report for traced paths
apps/modules/studyforge-ai/source/artifacts/api-server/src/lib/generator.ts,quarantined-import,317,10983,cbd90a1aeb76c4fa343dc80bd8f51b7fc95685b8bad5c49c2ca07281ea8c64f0,inventory only; see report for traced paths
apps/modules/studyforge-ai/source/artifacts/api-server/src/lib/logger.ts,quarantined-import,20,441,61936304bfdbd72987ee561605fb9da3fecad8d2a52c5c9f8557734855d1a4a0,inventory only; see report for traced paths
apps/modules/studyforge-ai/source/artifacts/api-server/src/lib/plans.ts,quarantined-import,67,1711,49a8fc40ae2b46b70411b07be9226b42789d281fd7283dbbce4b0e82508d8c89,inventory only; see report for traced paths
apps/modules/studyforge-ai/source/artifacts/api-server/src/lib/rateLimit.ts,quarantined-import,49,1577,5d1ac0ee3399361c6798f98e7c7641f1c629ea26ad8a88a2a6b6542250b4da71,inventory only; see report for traced paths
apps/modules/studyforge-ai/source/artifacts/api-server/src/lib/seed.ts,quarantined-import,174,9759,4fc2f18e4628965a4385184ef431b3066ae18b4d403cde32ceba8e629535f9a7,inventory only; see report for traced paths
apps/modules/studyforge-ai/source/artifacts/api-server/src/lib/streakService.ts,quarantined-import,115,4099,f121c9f5efef31f66b5da265d9bbd27a74a60a8224eee6ef44db4f3f5f2fded4,inventory only; see report for traced paths
apps/modules/studyforge-ai/source/artifacts/api-server/src/lib/studySetService.ts,quarantined-import,256,8148,0939b86dc3679b035f5986adbf739127f5096281e9c7dd5467aab21a017c9f66,inventory only; see report for traced paths
apps/modules/studyforge-ai/source/artifacts/api-server/src/lib/templates.ts,quarantined-import,112,5447,1e36e0274dbcbdab37adea0fa2ed1fce32596a45b36c1f45769a074e21df88b6,inventory only; see report for traced paths
apps/modules/studyforge-ai/source/artifacts/api-server/src/lib/userCleanup.ts,quarantined-import,42,1601,83623327c9272efa42c2696c76ce14b5b4e1cd3fbce7cff77c255ed8753b57ee,inventory only; see report for traced paths
apps/modules/studyforge-ai/source/artifacts/api-server/src/routes/admin.ts,quarantined-import,101,3234,3dcf44c2aa0a9d4767dd4b3a5cd68924a0675b795e6b44a1d0a407a36c6b651d,inventory only; see report for traced paths
apps/modules/studyforge-ai/source/artifacts/api-server/src/routes/auth.ts,quarantined-import,129,4095,4996e82d92a458773af930aa550530bed0ae7eb98b13982eebbff72b93d395a9,inventory only; see report for traced paths
apps/modules/studyforge-ai/source/artifacts/api-server/src/routes/billing.ts,quarantined-import,241,8963,11e8222b591839e6d73279c9c9a85819f981dcecd791270fcf4e0266c5cc5225,inventory only; see report for traced paths
apps/modules/studyforge-ai/source/artifacts/api-server/src/routes/contact.ts,quarantined-import,24,903,60fa63f0b2ef5849507324ca577cf70ddcf99eafb95b9f37f536213a6f10cc75,inventory only; see report for traced paths
apps/modules/studyforge-ai/source/artifacts/api-server/src/routes/dashboard.ts,quarantined-import,180,6085,9a0020c9aa265c22310f6d19c22cd428d4250be4cd2c4b4475e6bcc53e258515,inventory only; see report for traced paths
apps/modules/studyforge-ai/source/artifacts/api-server/src/routes/examCountdowns.ts,quarantined-import,120,3677,3e15e07b08be1eebc4d427ed91d80d890dde4548f5efb13ec05453edfaa881d7,inventory only; see report for traced paths
apps/modules/studyforge-ai/source/artifacts/api-server/src/routes/folders.ts,quarantined-import,79,2439,535372d2d89db95170bcf4d67ead8dee4a999eccfa6a0d1092f031eae3815ec9,inventory only; see report for traced paths
apps/modules/studyforge-ai/source/artifacts/api-server/src/routes/health.ts,quarantined-import,18,514,8f30082376e7aed5ea6e2b371d017be1d07eeb249473bdef6d96a77e497dcf57,inventory only; see report for traced paths
apps/modules/studyforge-ai/source/artifacts/api-server/src/routes/index.ts,quarantined-import,28,883,52b043a092214f1c01f72d6430026e26b084e7ec04fd35651ef56188200aadd6,inventory only; see report for traced paths
apps/modules/studyforge-ai/source/artifacts/api-server/src/routes/quizzes.ts,quarantined-import,229,7181,32ab0166642e0f6f55346444202314f461690f8719d3c5ed1787a23cd2dcb3d1,inventory only; see report for traced paths
apps/modules/studyforge-ai/source/artifacts/api-server/src/routes/studySets.ts,quarantined-import,379,13015,b9d194589f58e4965c7e316e99291310301058408502257883cd94ab6e90b0d5,inventory only; see report for traced paths
apps/modules/studyforge-ai/source/artifacts/api-server/src/routes/templates.ts,quarantined-import,10,245,d2fcc0ac30dfacce993f745b10305f975e1d9f2aa58c6521db081ca37f03bf9c,inventory only; see report for traced paths
apps/modules/studyforge-ai/source/artifacts/studyforge/src/App.tsx,quarantined-import,121,5176,40836875511baf33d2fe8186813e44c715d8324ca50d4f705e0accbed6740463,inventory only; see report for traced paths
apps/modules/studyforge-ai/source/artifacts/studyforge/src/components/app-layout.tsx,quarantined-import,100,3811,69fea8645b03efb0b349e50dbabadfedc076b905060680d3ce22fb3a62535f87,inventory only; see report for traced paths
apps/modules/studyforge-ai/source/artifacts/studyforge/src/components/error-boundary.tsx,quarantined-import,51,1975,4c57359df131141500943fecbb53388e8cc88e88a9eff62a65dfb6bbcf94f9c1,inventory only; see report for traced paths
apps/modules/studyforge-ai/source/artifacts/studyforge/src/components/limit-modal.tsx,quarantined-import,55,2185,757a0595fb3b18c878a6e0ee159d1f628a61b7f9568808b3cc0a225a588af41e,inventory only; see report for traced paths
apps/modules/studyforge-ai/source/artifacts/studyforge/src/components/marketing-layout.tsx,quarantined-import,67,3552,c70177c029c86e7b1c2a6c7562ead9d01d6e8a0bdf9eeca36ad2212af0a27f68,inventory only; see report for traced paths
apps/modules/studyforge-ai/source/artifacts/studyforge/src/components/score-trend.tsx,quarantined-import,62,2182,b9ade10ead8d828ace5876cecb89e2c59108f4644dafa4d0a6169f029949f692,inventory only; see report for traced paths
apps/modules/studyforge-ai/source/artifacts/studyforge/src/components/streak-widget.tsx,quarantined-import,62,2247,d7ea5ac0dbd50eb6567b128ab60bec04a7a29bd4b50d687f8afac9abe2cfca42,inventory only; see report for traced paths
apps/modules/studyforge-ai/source/artifacts/studyforge/src/components/ui/accordion.tsx,quarantined-import,55,2056,fff47c151b7b1beedd3cdd38f1bb80b28b0152a7d4e323a50b519471dba5206c,inventory only; see report for traced paths
apps/modules/studyforge-ai/source/artifacts/studyforge/src/components/ui/alert-dialog.tsx,quarantined-import,139,4558,954aa5d2030eac91726054666e81113f22a709fc3d2786e5e6907384ede58dc3,inventory only; see report for traced paths
apps/modules/studyforge-ai/source/artifacts/studyforge/src/components/ui/alert.tsx,quarantined-import,59,1657,dfac5998c66e5651323d913a1a3d4548e9a3cad94819950e0f6ab36c6ea92c15,inventory only; see report for traced paths
apps/modules/studyforge-ai/source/artifacts/studyforge/src/components/ui/aspect-ratio.tsx,quarantined-import,5,145,62f29cd87c19f52d403dc2d17823849db2c8cbd541c9f96de20ef13e58d379db,inventory only; see report for traced paths
apps/modules/studyforge-ai/source/artifacts/studyforge/src/components/ui/avatar.tsx,quarantined-import,50,1469,4ee6fbff6d693bf5b76f1b30e4cd55de6c6343c46a51e636c3e3b8a911fa7ec0,inventory only; see report for traced paths
apps/modules/studyforge-ai/source/artifacts/studyforge/src/components/ui/badge.tsx,quarantined-import,43,1565,8e1871d6160d067a687beb25f850fa12dfc30d19356fdaa27ae6f7fd17e1fe02,inventory only; see report for traced paths
apps/modules/studyforge-ai/source/artifacts/studyforge/src/components/ui/breadcrumb.tsx,quarantined-import,115,2827,76807d2c1be3d1e5e0e055ffbecd8451acfc71db6a7aa3c8660631d7603d517f,inventory only; see report for traced paths
apps/modules/studyforge-ai/source/artifacts/studyforge/src/components/ui/button-group.tsx,quarantined-import,83,2292,f42ab464f85e682be5dd43e069543ddfbc0938d856665304092a5eba3d4cd0c9,inventory only; see report for traced paths
apps/modules/studyforge-ai/source/artifacts/studyforge/src/components/ui/button.tsx,quarantined-import,65,2421,d0a176bc30348fb86aa581029fe6091db105aca2e372fd12a5fb98b3606a073b,inventory only; see report for traced paths
apps/modules/studyforge-ai/source/artifacts/studyforge/src/components/ui/calendar.tsx,quarantined-import,213,7782,c95bd7c60cd25365707126852c718ea6ebdd1be2c487cb7c5d88e4be14ad4634,inventory only; see report for traced paths
apps/modules/studyforge-ai/source/artifacts/studyforge/src/components/ui/card.tsx,quarantined-import,76,1904,c58a39198aab485b7bec9dde033dca0b25be3fce06c00a101c2561dceff775a1,inventory only; see report for traced paths
apps/modules/studyforge-ai/source/artifacts/studyforge/src/components/ui/carousel.tsx,quarantined-import,260,6470,d48a52f0bc5161c47ee818c88bebedea98c14742a1e4d3c76639a612ddbb376a,inventory only; see report for traced paths
apps/modules/studyforge-ai/source/artifacts/studyforge/src/components/ui/chart.tsx,quarantined-import,367,11130,e38a709f24713b27f4fc90ddb140b90f784bb5dbfc81ae4c89f8b34b20bdfcc6,inventory only; see report for traced paths
apps/modules/studyforge-ai/source/artifacts/studyforge/src/components/ui/checkbox.tsx,quarantined-import,28,1059,a90725bcc6583cbced083484e8051582284f5374acc1585e0a742f1c21925cad,inventory only; see report for traced paths
apps/modules/studyforge-ai/source/artifacts/studyforge/src/components/ui/collapsible.tsx,quarantined-import,11,340,bc854800960ef4129d4679a7c4a6b5091e7038adc03698e4529d0c9b5af0d831,inventory only; see report for traced paths
apps/modules/studyforge-ai/source/artifacts/studyforge/src/components/ui/command.tsx,quarantined-import,153,5040,65332ac050fabef0c860273d8d97be14a6a33b8d3b7cfb1599aded26622f0246,inventory only; see report for traced paths
apps/modules/studyforge-ai/source/artifacts/studyforge/src/components/ui/context-menu.tsx,quarantined-import,198,7604,f875c1dc21224f223d27962338e983589c014a6980bd03c5f1b651ebb7471345,inventory only; see report for traced paths
apps/modules/studyforge-ai/source/artifacts/studyforge/src/components/ui/dialog.tsx,quarantined-import,120,3955,8a4215777ab3e381c840c0708818dbf4799d6fe3ba44f39cbae0da0b3e0bcab1,inventory only; see report for traced paths
apps/modules/studyforge-ai/source/artifacts/studyforge/src/components/ui/drawer.tsx,quarantined-import,116,3123,9710f71dcf19d52d2e757ea2f364a03b4bd4546161f4bbebfdd8a829a382748a,inventory only; see report for traced paths
apps/modules/studyforge-ai/source/artifacts/studyforge/src/components/ui/dropdown-menu.tsx,quarantined-import,201,7807,8d02514fbfde8abddd519887fa2332fe151428f54c0f46d07466e77a49b2b70f,inventory only; see report for traced paths
apps/modules/studyforge-ai/source/artifacts/studyforge/src/components/ui/empty.tsx,quarantined-import,104,2500,954873c4438f866bc417e36f7745000c16a8851b59609bdc310bb027c2918953,inventory only; see report for traced paths
apps/modules/studyforge-ai/source/artifacts/studyforge/src/components/ui/field.tsx,quarantined-import,244,6288,a4808670f918794e5402bf9753e9009a75a29868a1f9ff4f399260a0a3513381,inventory only; see report for traced paths
apps/modules/studyforge-ai/source/artifacts/studyforge/src/components/ui/form.tsx,quarantined-import,176,4351,377975a4e6a9da67a52d097d59a03a398e9023a45cd5a5cc79de25b6bb6a4a92,inventory only; see report for traced paths
apps/modules/studyforge-ai/source/artifacts/studyforge/src/components/ui/hover-card.tsx,quarantined-import,27,1264,7bef587e8c6ff88faae02c1dc58572a794f88950459edb4a409070f5ef7bc290,inventory only; see report for traced paths
apps/modules/studyforge-ai/source/artifacts/studyforge/src/components/ui/input-group.tsx,quarantined-import,168,5139,6d7a49acb2cbb08a0abb911f41deb0d097d2b1a1a8647959c5ebbd4fe37aaa75,inventory only; see report for traced paths
apps/modules/studyforge-ai/source/artifacts/studyforge/src/components/ui/input-otp.tsx,quarantined-import,69,2212,d7699cf34d1a4cfd88c3da711cf6a193cd72e1f5b0ffc6b392fe9f35d0125f29,inventory only; see report for traced paths
apps/modules/studyforge-ai/source/artifacts/studyforge/src/components/ui/input.tsx,quarantined-import,22,790,cacc180f0367350b3fe134949e04a562e027878131faadabeb300148c6cd84fb,inventory only; see report for traced paths
apps/modules/studyforge-ai/source/artifacts/studyforge/src/components/ui/item.tsx,quarantined-import,193,4687,f93d19a3e63b621b16d8ffaabb531c10b3b5611153e14079a187a9d76a78fab8,inventory only; see report for traced paths
apps/modules/studyforge-ai/source/artifacts/studyforge/src/components/ui/kbd.tsx,quarantined-import,28,890,dd4b76a2c84f23bb410a1361c8355332ad8d0e99bc348cec8fd626c26c50540c,inventory only; see report for traced paths
apps/modules/studyforge-ai/source/artifacts/studyforge/src/components/ui/label.tsx,quarantined-import,26,750,8253ee4179284de5d037eee03b55f4499b04ff41ddfa60b3176ea28d4bdc301c,inventory only; see report for traced paths
apps/modules/studyforge-ai/source/artifacts/studyforge/src/components/ui/menubar.tsx,quarantined-import,254,8862,95dff8f7a917b42de3f413df3c5f7615cf158ae4ed9129642eff59ba9d352d0c,inventory only; see report for traced paths
apps/modules/studyforge-ai/source/artifacts/studyforge/src/components/ui/navigation-menu.tsx,quarantined-import,128,5252,f8ba72ac1edf867f20e940b5b99212d98ebd7d5a2132eaf6a98130209080bb2e,inventory only; see report for traced paths
apps/modules/studyforge-ai/source/artifacts/studyforge/src/components/ui/pagination.tsx,quarantined-import,117,2868,e3cc6dfb9d84cf94a00b1c61e188ff19ab9cc5558ef046944d90bd6e2de55d31,inventory only; see report for traced paths
apps/modules/studyforge-ai/source/artifacts/studyforge/src/components/ui/popover.tsx,quarantined-import,31,1373,c700d123e6729b734ac3b13a44947d2ef9180b56dc9a72e8a1768ea8b943bc93,inventory only; see report for traced paths
apps/modules/studyforge-ai/source/artifacts/studyforge/src/components/ui/progress.tsx,quarantined-import,28,820,0e52f6bdff8b18385effd7845819cbe78fbe565e76509c08d9e072ddd474c566,inventory only; see report for traced paths
apps/modules/studyforge-ai/source/artifacts/studyforge/src/components/ui/radio-group.tsx,quarantined-import,42,1452,7fe8ffedbabac6b82d277b086b774f9ee57d9184d1ab13452d77ceda489c5c99,inventory only; see report for traced paths
apps/modules/studyforge-ai/source/artifacts/studyforge/src/components/ui/resizable.tsx,quarantined-import,45,1768,bbb236cf580525f2f1f7e40404d34c03cf806c02eee8404891f72fcf5034ec31,inventory only; see report for traced paths
apps/modules/studyforge-ai/source/artifacts/studyforge/src/components/ui/scroll-area.tsx,quarantined-import,46,1688,5bbf2efc963f2a62d9f9d41fdf2a96f798ad409ee2a1fdb1fe51da947d882dc7,inventory only; see report for traced paths
apps/modules/studyforge-ai/source/artifacts/studyforge/src/components/ui/select.tsx,quarantined-import,159,5904,41c332da1a05575ee9f45650301efcdaa62b01b237c831d779ab23f034f535c7,inventory only; see report for traced paths
apps/modules/studyforge-ai/source/artifacts/studyforge/src/components/ui/separator.tsx,quarantined-import,29,785,1e2f9c2eab409bf25614f4e0b495b9a67646e92a0a7d1a033afaada64fdb1b78,inventory only; see report for traced paths
apps/modules/studyforge-ai/source/artifacts/studyforge/src/components/ui/sheet.tsx,quarantined-import,140,4420,72edc44a754350bb77fcd9bfd621f3b8b98fba5e85aa72d7555912b1e2ea6faf,inventory only; see report for traced paths
apps/modules/studyforge-ai/source/artifacts/studyforge/src/components/ui/sidebar.tsx,quarantined-import,727,22573,3a36ba9f139af5708d6aa1f0fc620085e4b2e9fcc1e58e35ee1933a0c9ac07ce,inventory only; see report for traced paths
apps/modules/studyforge-ai/source/artifacts/studyforge/src/components/ui/skeleton.tsx,quarantined-import,15,281,91e3bb69a8b91319442ae4aa4203407044b90bd43703c3aa8f011d43f844fe43,inventory only; see report for traced paths
apps/modules/studyforge-ai/source/artifacts/studyforge/src/components/ui/slider.tsx,quarantined-import,26,1063,f2c30f700b5a8dfd342413ca266f7618b39dac0ca50e7101adefd0b68afb3478,inventory only; see report for traced paths
apps/modules/studyforge-ai/source/artifacts/studyforge/src/components/ui/sonner.tsx,quarantined-import,31,925,16ab4f1f4c538f3991751b31c64d930b44a4d20caef51629ee13c3517db9a986,inventory only; see report for traced paths
apps/modules/studyforge-ai/source/artifacts/studyforge/src/components/ui/spinner.tsx,quarantined-import,16,347,cbf9073613aed22ffd4ba21219adc1d1b8dce311d4280800f772b5eae587eeff,inventory only; see report for traced paths
apps/modules/studyforge-ai/source/artifacts/studyforge/src/components/ui/switch.tsx,quarantined-import,27,1175,08711f3d92da7c10c8f84d30984870628331e66212fb9f618da24d1a803a4dee,inventory only; see report for traced paths
apps/modules/studyforge-ai/source/artifacts/studyforge/src/components/ui/table.tsx,quarantined-import,120,2979,865e3fca4936c02b58beab4509abcb468449fd2ee2ebdc3aebdd23ee3bfd982b,inventory only; see report for traced paths
apps/modules/studyforge-ai/source/artifacts/studyforge/src/components/ui/tabs.tsx,quarantined-import,53,1930,8134e14b016e1f3846640c2bc8a2c6438c289da6b8ce1d04362a101ef62d45a7,inventory only; see report for traced paths
apps/modules/studyforge-ai/source/artifacts/studyforge/src/components/ui/textarea.tsx,quarantined-import,22,671,c3b95caa4b59e88f09752932dc93d289f9e3758fd0eff9b029f8e6d453dcea03,inventory only; see report for traced paths
apps/modules/studyforge-ai/source/artifacts/studyforge/src/components/ui/toast.tsx,quarantined-import,127,4972,2da684420d53b7826485853a5f433bc794eb8a3fa3ca99db7cabb59974dfff38,inventory only; see report for traced paths
apps/modules/studyforge-ai/source/artifacts/studyforge/src/components/ui/toaster.tsx,quarantined-import,33,805,d336e69dc56f72df1da448f1f39eedddb3b7e0dd0e5a69ca5be8db7acb32b7e4,inventory only; see report for traced paths
apps/modules/studyforge-ai/source/artifacts/studyforge/src/components/ui/toggle-group.tsx,quarantined-import,61,1814,04c1ac2983a3b790295fae9a0c475b32c61d6c49954e65eb38b54fa9af09f9dc,inventory only; see report for traced paths
apps/modules/studyforge-ai/source/artifacts/studyforge/src/components/ui/toggle.tsx,quarantined-import,43,1529,950f6552560c82c4f7c8ad15568acb0ce59ee6305afe8b2df92a0b4c60a1d478,inventory only; see report for traced paths
apps/modules/studyforge-ai/source/artifacts/studyforge/src/components/ui/tooltip.tsx,quarantined-import,32,1299,f3b91d8e764ae4bf78e0bf44a62cd8ef2503a251a7824ee062f0cd864caffdf6,inventory only; see report for traced paths
apps/modules/studyforge-ai/source/artifacts/studyforge/src/hooks/use-auth.tsx,quarantined-import,35,1087,0009d2a23f54b1aed1bc9c3b06ba1a6474d0baebd768597fbc9c7ff298087f88,inventory only; see report for traced paths
apps/modules/studyforge-ai/source/artifacts/studyforge/src/hooks/use-document-meta.ts,quarantined-import,16,532,55e823922402da7465e64096aee732d457553e7433ef848bd96181122213cc38,inventory only; see report for traced paths
apps/modules/studyforge-ai/source/artifacts/studyforge/src/hooks/use-mobile.tsx,quarantined-import,19,584,d2377fbad5ad2bdf7fa896a68c36ac8bf4aa74a974b2061f77b41ae58d623001,inventory only; see report for traced paths
apps/modules/studyforge-ai/source/artifacts/studyforge/src/hooks/use-toast.ts,quarantined-import,191,4086,52580e80b7d8e7dfc0eee27f3bc8dfa209e32fe8dc96b8e3e79ed61666348dd7,inventory only; see report for traced paths
apps/modules/studyforge-ai/source/artifacts/studyforge/src/index.css,quarantined-import,109,3213,7ad508eea8a994e91ac8d448243960d20cd40e3ba949d06dfc227d7a81897a16,inventory only; see report for traced paths
apps/modules/studyforge-ai/source/artifacts/studyforge/src/lib/utils.ts,quarantined-import,6,172,74a147991a119f1c4cdc25a4d9b22713632fa32eb136e55ab6939b006d71b9d6,inventory only; see report for traced paths
apps/modules/studyforge-ai/source/artifacts/studyforge/src/main.tsx,quarantined-import,5,162,5df52f8fa0b617b6ff92334adc5551e01c4bf771c5a27c6abe58ad162c347b80,inventory only; see report for traced paths
apps/modules/studyforge-ai/source/artifacts/studyforge/src/pages/account.tsx,quarantined-import,285,11702,e924c1d82ad5879e7001223856cc0fbdedb0b91e13b568985acad31cb550a70a,inventory only; see report for traced paths
apps/modules/studyforge-ai/source/artifacts/studyforge/src/pages/admin.tsx,quarantined-import,110,4454,52457153d3f35826add49460476f483d53f667c8e7ab5c3943f6fe455ae3ec04,inventory only; see report for traced paths
apps/modules/studyforge-ai/source/artifacts/studyforge/src/pages/contact.tsx,quarantined-import,123,5283,32d156c1bb0a07cdcd953efabf7740d1595f7c457dcca1b435c7ad02d5200718,inventory only; see report for traced paths
apps/modules/studyforge-ai/source/artifacts/studyforge/src/pages/dashboard.tsx,quarantined-import,208,9859,13c2aa307837082553ef4b0f8b57808cbff8c6c7e0745a3e1da49909c94bff73,inventory only; see report for traced paths
apps/modules/studyforge-ai/source/artifacts/studyforge/src/pages/exams.tsx,quarantined-import,199,9016,9ce4af41a1063966f0c0ecacab3fb9d0b612d02ad96c10245ddcf7354b590100,inventory only; see report for traced paths
apps/modules/studyforge-ai/source/artifacts/studyforge/src/pages/landing.tsx,quarantined-import,182,9844,874a9be4b69e21847cf0774b7a57f241f8eafad92dda47acd26efa68e76a73c3,inventory only; see report for traced paths
apps/modules/studyforge-ai/source/artifacts/studyforge/src/pages/login.tsx,quarantined-import,81,3635,5bf330684930d510756e85b8025e347ed080ae9a2cfd485d3e520b7f20c2b505,inventory only; see report for traced paths
apps/modules/studyforge-ai/source/artifacts/studyforge/src/pages/not-found.tsx,quarantined-import,32,1389,3bcab394d224506f820e47fad0fde32b40a80cb970b5851323295a48b85e7cd4,inventory only; see report for traced paths
apps/modules/studyforge-ai/source/artifacts/studyforge/src/pages/pricing.tsx,quarantined-import,221,10882,326103a5a533ff6d5e7c434045b30cad9f2de3a517534d847aa235b8844df985,inventory only; see report for traced paths
apps/modules/studyforge-ai/source/artifacts/studyforge/src/pages/privacy.tsx,quarantined-import,29,1438,53132a47543f0b952dfcd45a51fcf5e945cd8921a1c01c80106fc03f5495e399,inventory only; see report for traced paths
apps/modules/studyforge-ai/source/artifacts/studyforge/src/pages/signup.tsx,quarantined-import,75,3240,6fb26e9f17c1ecf8b135429d25c9cb1650335f0810220fb5eb9400ab70a192a3,inventory only; see report for traced paths
apps/modules/studyforge-ai/source/artifacts/studyforge/src/pages/study-set-detail.tsx,quarantined-import,305,11820,e7c832b84f357b9590f11504dbe87534053ccaa635dcd5458e965eee6e4772e4,inventory only; see report for traced paths
apps/modules/studyforge-ai/source/artifacts/studyforge/src/pages/study-set-flashcards.tsx,quarantined-import,207,8643,e05306f975c134b1bcff27de67eceec41b981b52834e9990400c3f46decbf0e1,inventory only; see report for traced paths
apps/modules/studyforge-ai/source/artifacts/studyforge/src/pages/study-set-plan.tsx,quarantined-import,99,3931,29ddafd009dc82e9cee62b142ab715b444b175153f5e57fc1d9c484a30091bcf,inventory only; see report for traced paths
apps/modules/studyforge-ai/source/artifacts/studyforge/src/pages/study-set-quiz.tsx,quarantined-import,232,9219,5c06d3afcc41ebe6c133bde637e3d84fd458ed2f98c892984faca361185bdb11,inventory only; see report for traced paths
apps/modules/studyforge-ai/source/artifacts/studyforge/src/pages/study-set-review.tsx,quarantined-import,126,5164,eab18c05da88ca04ea39bb9157d20ac429f25e5141a4cbbb5c2f7fb5f810c9d5,inventory only; see report for traced paths
apps/modules/studyforge-ai/source/artifacts/studyforge/src/pages/study-sets-new.tsx,quarantined-import,178,7593,afa5df169eedc23c9c2dc729d1f3c8879d125e7cf8f008596f9ea578a6c9bdb5,inventory only; see report for traced paths
apps/modules/studyforge-ai/source/artifacts/studyforge/src/pages/study-sets.tsx,quarantined-import,127,6046,6760112506874ce63732e4e65cde25b487ba24f7ecd78b73b1eaa3b9ba5d4d17,inventory only; see report for traced paths
apps/modules/studyforge-ai/source/artifacts/studyforge/src/pages/terms.tsx,quarantined-import,34,1675,a03909aa9b448b6ed213643964df6105d4a44f25f9d844473697f6f9f1080b7e,inventory only; see report for traced paths
apps/modules/studyforge-ai/source/artifacts/studyforge/vite.config.ts,quarantined-import,75,1836,d8ed95b4c6f240de23a4c32b85ba83f891d96309b8792f0ffd420aed955613aa,inventory only; see report for traced paths
apps/modules/studyforge-ai/source/lib/api-client-react/src/custom-fetch.ts,quarantined-import,371,11772,fa826f514cb8ced00c77229078c1bb54cbf60ced7011e3b2eb65223c9fa87095,inventory only; see report for traced paths
apps/modules/studyforge-ai/source/lib/api-client-react/src/generated/api.schemas.ts,quarantined-import,510,9891,c97cb3c2e1393f3f180ab78a0afba319ba210955ae6c07251c0bc5e5652ad973,inventory only; see report for traced paths
apps/modules/studyforge-ai/source/lib/api-client-react/src/generated/api.ts,quarantined-import,2544,71989,c22c7c02662503e2d1738f092f6472aa4dd52db2643f0c5a980244be8e3bc3ae,inventory only; see report for traced paths
apps/modules/studyforge-ai/source/lib/api-client-react/src/index.ts,quarantined-import,4,198,b3d4fdd4278127eaa4ee3c253b59ac636392f290459e44eb33dd2beaff4fcb5c,inventory only; see report for traced paths
apps/modules/studyforge-ai/source/lib/api-spec/orval.config.ts,quarantined-import,72,1875,4405fcf774d84ca551c4f39ac6f5ce009d2eda68119327be5b96077d534eed7b,inventory only; see report for traced paths
apps/modules/studyforge-ai/source/lib/api-zod/src/generated/api.ts,quarantined-import,696,18014,28c62b59fd652ca3af4bb5425ecf3f343ff21d24af9f813b22820439f0f96c9d,inventory only; see report for traced paths
apps/modules/studyforge-ai/source/lib/api-zod/src/generated/types/adminStats.ts,quarantined-import,19,453,63920ef00c576ac8464aa8319d44e5c40d9f60ff4318122281e6e1ec33046663,inventory only; see report for traced paths
apps/modules/studyforge-ai/source/lib/api-zod/src/generated/types/adminUser.ts,quarantined-import,17,300,3a1a5dc1c5684f6b9cfe796cf3d5b5968a1a6738ac6c04ddb433d44ed4196783,inventory only; see report for traced paths
apps/modules/studyforge-ai/source/lib/api-zod/src/generated/types/billingStatus.ts,quarantined-import,16,364,2cc09590ae031c1f6dbd4a57996617183693e8ddf61f851d9ff2524923cf3c35,inventory only; see report for traced paths
apps/modules/studyforge-ai/source/lib/api-zod/src/generated/types/billingStatusPlan.ts,quarantined-import,16,333,cd64b2ad88849d828f1a2d1a312bbe486351d88157541020f99cd91d8b7e7382,inventory only; see report for traced paths
apps/modules/studyforge-ai/source/lib/api-zod/src/generated/types/checkoutBody.ts,quarantined-import,12,259,02439bbf595d5c30f432b35baea5ad79d6520f41211b96ca0da60c3af0dd739d,inventory only; see report for traced paths
apps/modules/studyforge-ai/source/lib/api-zod/src/generated/types/checkoutBodyPlan.ts,quarantined-import,15,312,f3d4580743c8c514767f53e9a29ff021ac1dd335d491d1c68d11871e8c9d2d44,inventory only; see report for traced paths
apps/modules/studyforge-ai/source/lib/api-zod/src/generated/types/checkoutResponse.ts,quarantined-import,15,277,ac8184c037ac9e1aeceb302a460914ba6044609fdb7c00ba0009e90844b9fc65,inventory only; see report for traced paths
apps/modules/studyforge-ai/source/lib/api-zod/src/generated/types/contactBody.ts,quarantined-import,21,333,ec638470064ae76a6a5104a59d1d9f44d1291db2cac2ec8d29d7877af9f6ecaf,inventory only; see report for traced paths
apps/modules/studyforge-ai/source/lib/api-zod/src/generated/types/createExamCountdownBody.ts,quarantined-import,14,275,84d18ecee5e23a1dc728f913a6221989c73cf96bc81074730323b242e8447f82,inventory only; see report for traced paths
apps/modules/studyforge-ai/source/lib/api-zod/src/generated/types/createFolderBody.ts,quarantined-import,17,288,ed63bc37fd6cc67d4ba17945b984fe4629d79ce918000b7f605abc89c5658f51,inventory only; see report for traced paths
apps/modules/studyforge-ai/source/lib/api-zod/src/generated/types/createStudySetBody.ts,quarantined-import,39,738,d17da3468ebf9e78d1808e6c0137bc9ff52811813566627d1af5712942ff81f8,inventory only; see report for traced paths
apps/modules/studyforge-ai/source/lib/api-zod/src/generated/types/createStudySetBodyDifficulty.ts,quarantined-import,16,381,2433d19153130bdf3813984c25125c5caa7166bc9c4fdb3ea064647adb9e2111,inventory only; see report for traced paths
apps/modules/studyforge-ai/source/lib/api-zod/src/generated/types/dailyActivity.ts,quarantined-import,12,207,306bd365f022d428bda88e6a6e65a5ace29123277a99b45688790a4b9ba0c470,inventory only; see report for traced paths
apps/modules/studyforge-ai/source/lib/api-zod/src/generated/types/dashboardSummary.ts,quarantined-import,31,961,7756fb6299336a6561f629d088e3b45f2b63b98df9e541f006490d57a0210d44,inventory only; see report for traced paths
apps/modules/studyforge-ai/source/lib/api-zod/src/generated/types/errorResponse.ts,quarantined-import,11,190,d2a1309ee0c1e5745f546f48b34fdb5ddeb381ee6c80f248429b45e325e4e05c,inventory only; see report for traced paths
apps/modules/studyforge-ai/source/lib/api-zod/src/generated/types/examCountdown.ts,quarantined-import,19,456,e5715a12eba23556c72fbb2e142fdcd188a8a7058ee2f64d11212afe64d404b1,inventory only; see report for traced paths
apps/modules/studyforge-ai/source/lib/api-zod/src/generated/types/examCountdownRiskStatus.ts,quarantined-import,16,403,5e9923c0b697cf3946618d528d68c716860cf8c10ab608f17af25c603dd6d687,inventory only; see report for traced paths
apps/modules/studyforge-ai/source/lib/api-zod/src/generated/types/flashcard.ts,quarantined-import,15,305,b1cfd7ac6b17534c2671823ee9cb972e9839c3a70d20f863e7bc8e1b610ec7bf,inventory only; see report for traced paths
apps/modules/studyforge-ai/source/lib/api-zod/src/generated/types/flashcardStatus.ts,quarantined-import,16,329,9178d462b6010159f7e063a17fc3877f6c967cf98dfc44d9b150f86945eb62cd,inventory only; see report for traced paths
apps/modules/studyforge-ai/source/lib/api-zod/src/generated/types/flashcardStatusBody.ts,quarantined-import,12,295,da84849ecc4f62f0daaa5c94b2e92ea8a9f123b84ac625983b6f8ffe1f02a580,inventory only; see report for traced paths
apps/modules/studyforge-ai/source/lib/api-zod/src/generated/types/flashcardStatusBodyStatus.ts,quarantined-import,16,369,ec3b3a084fec38a4866a1b173b9fdf3e667155cf2599028b83b55b5919fefb6b,inventory only; see report for traced paths
apps/modules/studyforge-ai/source/lib/api-zod/src/generated/types/folder.ts,quarantined-import,14,241,bdb0417748b235ce981a88da993bfc8155fd3864511144a5c0f2143d7a3e61b6,inventory only; see report for traced paths
apps/modules/studyforge-ai/source/lib/api-zod/src/generated/types/healthStatus.ts,quarantined-import,11,190,5d87ed0f880c0d2d586f6e08a4594e3ba4007dc9851549f9155b291e7a825956,inventory only; see report for traced paths
apps/modules/studyforge-ai/source/lib/api-zod/src/generated/types/index.ts,quarantined-import,64,2119,4651be8a9a2fe7edc76be3ac7ea41558b03ba68ea2e64c75a4afd53da7206cca,inventory only; see report for traced paths
apps/modules/studyforge-ai/source/lib/api-zod/src/generated/types/keyTerm.ts,quarantined-import,12,206,ff7b5b37c172ad87d5aa6233f0cddc598feb5973362df2c0368160de5674dab8,inventory only; see report for traced paths
apps/modules/studyforge-ai/source/lib/api-zod/src/generated/types/limitErrorResponse.ts,quarantined-import,15,287,dd90ef981d782a4351449fbc4dcb5c8391d0d94eab3ecfc5206c5a3945469392,inventory only; see report for traced paths
apps/modules/studyforge-ai/source/lib/api-zod/src/generated/types/listStudySetsParams.ts,quarantined-import,16,276,cdd613b63697025676697ff62db8d6ba0f4748b65247e37cfaaec7b8b7c7a9b5,inventory only; see report for traced paths
apps/modules/studyforge-ai/source/lib/api-zod/src/generated/types/loginBody.ts,quarantined-import,12,207,62357c8861c600e207fc271a5ff12f007f93ab4a7cac09572ad3ea559b76cc0d,inventory only; see report for traced paths
apps/modules/studyforge-ai/source/lib/api-zod/src/generated/types/okResponse.ts,quarantined-import,11,185,5ac1f9df3b842b07d0718256baec2d9259ea6a696426a52740bd629375ee7c2c,inventory only; see report for traced paths
apps/modules/studyforge-ai/source/lib/api-zod/src/generated/types/planCount.ts,quarantined-import,12,203,20cb5dc1af593b4c6c82e20e866467c784696c970271dc1217d09a4294b3fc4c,inventory only; see report for traced paths
apps/modules/studyforge-ai/source/lib/api-zod/src/generated/types/planUsage.ts,quarantined-import,16,339,4c59e0d857b4a201be427c00a6d68d808c2c45247ff73ba69e0a38c3cfa8942f,inventory only; see report for traced paths
apps/modules/studyforge-ai/source/lib/api-zod/src/generated/types/quizAnswerBreakdown.ts,quarantined-import,17,338,9c2b1299d64dd0443cb0d2eb444b09cc7ca244d9f8fcdf399a6466bb059b1a8d,inventory only; see report for traced paths
apps/modules/studyforge-ai/source/lib/api-zod/src/generated/types/quizAnswerInput.ts,quarantined-import,12,223,34c3db25a700a0326080f83aef2094bdc646fcde2a400ea46a0c1132b1d7bc5a,inventory only; see report for traced paths
apps/modules/studyforge-ai/source/lib/api-zod/src/generated/types/quizAttempt.ts,quarantined-import,16,298,4c964e8f88ff98cf2b714f57c8cd83f20935deae1ef6dbca370be948de2e42db,inventory only; see report for traced paths
apps/modules/studyforge-ai/source/lib/api-zod/src/generated/types/quizAttemptResult.ts,quarantined-import,15,381,936cab5b032d160578e908066683c221bd4730f57713ccdcba48fe5cfaf8f2e5,inventory only; see report for traced paths
apps/modules/studyforge-ai/source/lib/api-zod/src/generated/types/quizQuestion.ts,quarantined-import,16,296,c7751a41600fe5a959613c367e434bbd7af5372fae04118918194122a62c0209,inventory only; see report for traced paths
apps/modules/studyforge-ai/source/lib/api-zod/src/generated/types/reviewSection.ts,quarantined-import,12,214,fb658b048d227a8ff59cb8bb02e2b535ac97c02a90f25e297dd185d5496b9f1e,inventory only; see report for traced paths
apps/modules/studyforge-ai/source/lib/api-zod/src/generated/types/reviewSheet.ts,quarantined-import,13,281,59f08d749a04eb07f487d6a882e7b73b3e0828c2734c2cbf0f60646c9fa86461,inventory only; see report for traced paths
apps/modules/studyforge-ai/source/lib/api-zod/src/generated/types/scorePoint.ts,quarantined-import,12,204,a98c5692d94337f8c59f3e6f535b85c01e8d484dab15a3939a0b4d2e05ef8376,inventory only; see report for traced paths
apps/modules/studyforge-ai/source/lib/api-zod/src/generated/types/sessionCompleteBody.ts,quarantined-import,11,201,646802b01d4373d6d1cc63071be361349c381d82fb8604469d97ab9894034f4d,inventory only; see report for traced paths
apps/modules/studyforge-ai/source/lib/api-zod/src/generated/types/sessionResponse.ts,quarantined-import,12,254,7c51acbdcc8c202498e898c06c828df8ffed31d229a857db9a337a3160744da2,inventory only; see report for traced paths
apps/modules/studyforge-ai/source/lib/api-zod/src/generated/types/sessionUser.ts,quarantined-import,18,412,2d548273da9a8736713eb166df2b806a9936c4f7071224637c08f4929cfaea6b,inventory only; see report for traced paths
apps/modules/studyforge-ai/source/lib/api-zod/src/generated/types/sessionUserPlan.ts,quarantined-import,16,325,6e332ecf652b4c8a7c19e26ca6a40c4d077f74396d9abad8202bf444393e7ec6,inventory only; see report for traced paths
apps/modules/studyforge-ai/source/lib/api-zod/src/generated/types/sessionUserRole.ts,quarantined-import,16,335,c166e43040aebe8b16729407295cf1f6fe4ab7f875addb52cefbcc58889d1aeb,inventory only; see report for traced paths
apps/modules/studyforge-ai/source/lib/api-zod/src/generated/types/shortAnswerQuestion.ts,quarantined-import,14,251,94cf36a77e08c68efceeec412ce70df9d8c2f4127f021901dcd3289174694131,inventory only; see report for traced paths
apps/modules/studyforge-ai/source/lib/api-zod/src/generated/types/signupBody.ts,quarantined-import,22,357,d85a5a432f083b3de92d938588fd31f5df21222b6e40c8901e25a9736060f3c4,inventory only; see report for traced paths
apps/modules/studyforge-ai/source/lib/api-zod/src/generated/types/streakInfo.ts,quarantined-import,13,234,fef727b1ac7bf99898ea0328a7cb344a7eec56f2260323d8ef6cbb951ce9c9a2,inventory only; see report for traced paths
apps/modules/studyforge-ai/source/lib/api-zod/src/generated/types/studySession.ts,quarantined-import,17,307,a3920228304bf220d437db4c19eea44864a418ec2358906b34bbf5995769f107,inventory only; see report for traced paths
apps/modules/studyforge-ai/source/lib/api-zod/src/generated/types/studySet.ts,quarantined-import,40,1075,4d27f56856fcd757e85527317f91c8762d5a986842e046d2571b841c69cb0d75,inventory only; see report for traced paths
apps/modules/studyforge-ai/source/lib/api-zod/src/generated/types/studySetSummary.ts,quarantined-import,24,496,90357a1fd501ae3c2ac7385b87ef4c5cfb0d68392acd919e2210a34df27e1a8c,inventory only; see report for traced paths
apps/modules/studyforge-ai/source/lib/api-zod/src/generated/types/studyTemplate.ts,quarantined-import,17,312,295d7f8bb5b4d7999ca7572d24a7ed29836802c9f68bb96ec5ac0bdf3f915f9b,inventory only; see report for traced paths
apps/modules/studyforge-ai/source/lib/api-zod/src/generated/types/submitQuizAttemptBody.ts,quarantined-import,12,270,47723cccc95b0b403ab171288801ac9c579134be25a31c115d9ed92d6389796f,inventory only; see report for traced paths
apps/modules/studyforge-ai/source/lib/api-zod/src/generated/types/todaySession.ts,quarantined-import,16,312,1d25a25f811117955b600b3fbb81f69b882655145052b3a21494a7bcb602655f,inventory only; see report for traced paths
apps/modules/studyforge-ai/source/lib/api-zod/src/generated/types/updateProfileBody.ts,quarantined-import,15,246,aebb683380f764f09f443d02b7de42ead7a7812b43944fd97d80417f324a918f,inventory only; see report for traced paths
apps/modules/studyforge-ai/source/lib/api-zod/src/generated/types/updateStudySetBody.ts,quarantined-import,36,716,e647a7d3fd8105c93ac84cf28df5358bc0c9e382e959c75f8435be63e7eb097f,inventory only; see report for traced paths
apps/modules/studyforge-ai/source/lib/api-zod/src/generated/types/updateStudySetBodyDifficulty.ts,quarantined-import,16,381,a8cd28758f907c6052329b1608aa21623929c7d29b5888654937a3ef8f21a836,inventory only; see report for traced paths
apps/modules/studyforge-ai/source/lib/api-zod/src/generated/types/weakArea.ts,quarantined-import,14,255,6d2631469e19b824410a07703a8ec806e83094251a6240d5f421777c9e69fe32,inventory only; see report for traced paths
apps/modules/studyforge-ai/source/lib/api-zod/src/index.ts,quarantined-import,6,395,5af8e71834be68af3ee3c5af04d2b40ffa8f108b15df7da82d580571666a4495,inventory only; see report for traced paths
apps/modules/studyforge-ai/source/lib/db/drizzle.config.ts,quarantined-import,14,366,fe5188330c72c0f21a8a5b5f0caccbf8e434ad2f2640bffbcf70655ff98a9b36,inventory only; see report for traced paths
apps/modules/studyforge-ai/source/lib/db/src/index.ts,quarantined-import,16,432,fce8835334260a94de751c8c586eb1141348aaa143bb2a711a46b6ea5520b83e,inventory only; see report for traced paths
apps/modules/studyforge-ai/source/lib/db/src/schema/examCountdowns.ts,quarantined-import,18,636,ec7a4cf984232f1ab9968886286eeb2275df452466b618e4ce68c423a8a9ae96,inventory only; see report for traced paths
apps/modules/studyforge-ai/source/lib/db/src/schema/flashcards.ts,quarantined-import,18,579,f347e8fb42424b1aad6a2b05bfb4c72f5594cbd3c29af1e56653cd37b4d13a50,inventory only; see report for traced paths
apps/modules/studyforge-ai/source/lib/db/src/schema/folders.ts,quarantined-import,17,551,82e9c9a208eca2672a654cf1bfc2da38588917364456eeee2a9bbaf10cb954be,inventory only; see report for traced paths
apps/modules/studyforge-ai/source/lib/db/src/schema/index.ts,quarantined-import,11,347,2c3f844d31c43c4b67546824dec22659155fbe6a100714f47b9f2bb1e0194f94,inventory only; see report for traced paths
apps/modules/studyforge-ai/source/lib/db/src/schema/quizAttempts.ts,quarantined-import,29,1039,f2527c82932adb271d9cea7c1298b8d0b3b56da2b93536aec63ee5acf6894b14,inventory only; see report for traced paths
apps/modules/studyforge-ai/source/lib/db/src/schema/quizQuestions.ts,quarantined-import,22,869,a0f0e01ad7abb535d51fb9f57300a1322faa463daa8a63ee003af1986a3094c2,inventory only; see report for traced paths
apps/modules/studyforge-ai/source/lib/db/src/schema/sessions.ts,quarantined-import,15,461,8bc82c19539b8d938e28538249ae3b84fe30eb8e4150d185fe7822c85dc0cc3d,inventory only; see report for traced paths
apps/modules/studyforge-ai/source/lib/db/src/schema/stripeEvents.ts,quarantined-import,13,537,e44349cc6f276fd26169d3c995ef3fc6b89533ff2c0baa8e49589fa764efb1a4,inventory only; see report for traced paths
apps/modules/studyforge-ai/source/lib/db/src/schema/studyActivity.ts,quarantined-import,22,813,0f4f38af1b84268f6cff6b3ff8e9b5ded110893a77a532f9d249b836a4df1d50,inventory only; see report for traced paths
apps/modules/studyforge-ai/source/lib/db/src/schema/studySessions.ts,quarantined-import,20,723,5039a19c812d4f24dabb8188ab2b8bf0e3be68dc47100b8a1be7d9cceb5e3a2e,inventory only; see report for traced paths
apps/modules/studyforge-ai/source/lib/db/src/schema/studySets.ts,quarantined-import,37,1660,f07acdc7cff4caab028c4df1bc7ed8b231a4f5c13d7b97d359132a6fb909210d,inventory only; see report for traced paths
apps/modules/studyforge-ai/source/lib/db/src/schema/users.ts,quarantined-import,27,1171,84b95043d43e1ba402e081aed477ba920b1e5d1cfa8fa8ba48811ee13415e81e,inventory only; see report for traced paths
apps/modules/studyforge-ai/source/scripts/post-merge.sh,quarantined-import,4,76,482bb77382d90ec72e3e6a4172ccb0b0811d466f3e3f7b0f71f79b37940c4662,inventory only; see report for traced paths
apps/modules/studyforge-ai/source/scripts/src/hello.ts,quarantined-import,1,47,867b8e4cd892bd51bf01ca72884a70d28750b5d475b38d060f0721a18c2553fa,inventory only; see report for traced paths
apps/modules/techdeck/adapter.ts,quarantined-import,94,2954,fbe28b86cc1f96b6a33a2654ebe367645ab79a497b52edc40866c0bea9c5bd33,inventory only; see report for traced paths
apps/modules/techdeck/source/client/public/sw.js,quarantined-import,42,1103,efdc8cebd37fd93c5bf056cd6ac5bacc79848c98b40126bfb5470899a18d1007,inventory only; see report for traced paths
apps/modules/techdeck/source/client/replit_integrations/audio/audio-playback-worklet.js,quarantined-import,112,3170,ec06132bc8cb7e0741f404b01b7be76a3849e3c172f12fc313e8a9bcb0d55582,inventory only; see report for traced paths
apps/modules/techdeck/source/client/replit_integrations/audio/audio-utils.ts,quarantined-import,36,1122,d5e6500286a22c5402ad4f5de1cad68677516c1bd1442ef79c3428461753b064,inventory only; see report for traced paths
apps/modules/techdeck/source/client/replit_integrations/audio/index.ts,quarantined-import,45,1424,64605fb7170b403963f9f0c74e2bda5cbfba03e556a1a7b00b1badac4691d79d,inventory only; see report for traced paths
apps/modules/techdeck/source/client/replit_integrations/audio/useAudioPlayback.ts,quarantined-import,105,3600,5ec6631a9ec23296fb32066d7f1462fed3bbe175c1df9101243ada321187f27a,inventory only; see report for traced paths
apps/modules/techdeck/source/client/replit_integrations/audio/useVoiceRecorder.ts,quarantined-import,52,1602,74be00fc0ff9ed10a127df3a92609a00b5c22c7695410848d1990166a7a99c3c,inventory only; see report for traced paths
apps/modules/techdeck/source/client/replit_integrations/audio/useVoiceStream.ts,quarantined-import,91,3005,59e59318d1082d856ca642dcff4b98ccad8b89e9c2d76e0da5380d0de151fa39,inventory only; see report for traced paths
apps/modules/techdeck/source/client/src/App.tsx,quarantined-import,351,19217,cad0e86eaa34f6695eaf89b50661401ac96bdc7022c19066688d959289cc945e,inventory only; see report for traced paths
apps/modules/techdeck/source/client/src/components/app-sidebar.tsx,quarantined-import,254,8429,f65c1990eb96f797794e7e9521aaf350f241f6d25e70fc7f7aa978f361b3cad3,inventory only; see report for traced paths
apps/modules/techdeck/source/client/src/components/breadcrumbs.tsx,quarantined-import,31,925,124b5c76638fcf7c4922d44b178337eb47e1a135128c496f0613b127f1ec5d22,inventory only; see report for traced paths
apps/modules/techdeck/source/client/src/components/empty-state.tsx,quarantined-import,70,2480,0fd8096b00a494d7171c75db73137be11e6352430c307f799e027b1885a0182a,inventory only; see report for traced paths
apps/modules/techdeck/source/client/src/components/error-boundary.tsx,quarantined-import,72,2551,d13972d1871ea04f725484412b3c741d199cc4fd532768cf71fcf58a355ad5b6,inventory only; see report for traced paths
apps/modules/techdeck/source/client/src/components/evidence-preview.tsx,quarantined-import,1,89,9f41a77f48cbf5c7a9d8fdb859a374d4f4579ed936bffb6fa46938934025eb85,inventory only; see report for traced paths
apps/modules/techdeck/source/client/src/components/list-skeleton.tsx,quarantined-import,50,1680,e98a178939dc4399fff5c054676b854d4cae0d25c6892b2ec2f50abae020796b,inventory only; see report for traced paths
apps/modules/techdeck/source/client/src/components/paused-banner.tsx,quarantined-import,65,2440,086c1122a26a033ba8341eba520e6c40da94e9a5e496a7769e09ed17edd0f1ad,inventory only; see report for traced paths
apps/modules/techdeck/source/client/src/components/plan-badge.tsx,quarantined-import,44,1487,7f4e9e3196c9d33781716f3ddd69b885168e5e5933b7db66c4cc41f6ec599e98,inventory only; see report for traced paths
apps/modules/techdeck/source/client/src/components/theme-provider.tsx,quarantined-import,44,1115,39547e88956f8226b93a2d622d2cdf4c4de040bf8988b4e4ea6031d728efffbc,inventory only; see report for traced paths
apps/modules/techdeck/source/client/src/components/theme-toggle.tsx,quarantined-import,18,477,caaa5a0c509494a05d9e1122da1c2a069f40acbb91ebf89d4dab072e85f41e3d,inventory only; see report for traced paths
apps/modules/techdeck/source/client/src/components/ui/accordion.tsx,quarantined-import,56,2033,ec30822a5aa2e45d1e249a99f473fa12a35b2c466993d571239466f622062eff,inventory only; see report for traced paths
apps/modules/techdeck/source/client/src/components/ui/alert-dialog.tsx,quarantined-import,139,4559,938870c65894f35eefcd4723e28fa5408d1332b783768900350780800161b7ab,inventory only; see report for traced paths
apps/modules/techdeck/source/client/src/components/ui/alert.tsx,quarantined-import,59,1643,1aaba23c7a1095f7abea7c9f6ce12a43c22bb8f97e957c9cae222666e0c8be83,inventory only; see report for traced paths
apps/modules/techdeck/source/client/src/components/ui/aspect-ratio.tsx,quarantined-import,5,145,62f29cd87c19f52d403dc2d17823849db2c8cbd541c9f96de20ef13e58d379db,inventory only; see report for traced paths
apps/modules/techdeck/source/client/src/components/ui/avatar.tsx,quarantined-import,51,1643,b5721fcdb7a6970d7914c46af2fc04271e1ddc588975fae33d85a882f4d68129,inventory only; see report for traced paths
apps/modules/techdeck/source/client/src/components/ui/badge.tsx,quarantined-import,38,1240,440c15d298be41c6ea0b9047238d04e8318ec14649b40a08a7585e1b875a5d15,inventory only; see report for traced paths
apps/modules/techdeck/source/client/src/components/ui/breadcrumb.tsx,quarantined-import,115,2827,76807d2c1be3d1e5e0e055ffbecd8451acfc71db6a7aa3c8660631d7603d517f,inventory only; see report for traced paths
apps/modules/techdeck/source/client/src/components/ui/button.tsx,quarantined-import,62,2421,2612300e2cee856b13955515bc2d6bafbbcbcde8cb9dee33cbe516b3934a070e,inventory only; see report for traced paths
apps/modules/techdeck/source/client/src/components/ui/calendar.tsx,quarantined-import,68,2763,bd9df47ec3903c7b91e83ba2a759a4eab014aef7c11c5908b952391d976d1275,inventory only; see report for traced paths
apps/modules/techdeck/source/client/src/components/ui/card.tsx,quarantined-import,85,1989,273d56163b96af72be78bf573e2e54f4d16243d0695c052a85f9e5c376091601,inventory only; see report for traced paths
apps/modules/techdeck/source/client/src/components/ui/carousel.tsx,quarantined-import,260,6470,d48a52f0bc5161c47ee818c88bebedea98c14742a1e4d3c76639a612ddbb376a,inventory only; see report for traced paths
apps/modules/techdeck/source/client/src/components/ui/chart.tsx,quarantined-import,365,10846,eab9c3a74a9e97aad44af978604e018cb2ff3a79445347aca4f2af40d48aac19,inventory only; see report for traced paths
apps/modules/techdeck/source/client/src/components/ui/checkbox.tsx,quarantined-import,28,1084,8fe06fca3f25a01e2ecf407f258a730580ffd07515efa30acbbe0ffbe4571383,inventory only; see report for traced paths
apps/modules/techdeck/source/client/src/components/ui/collapsible.tsx,quarantined-import,11,340,bc854800960ef4129d4679a7c4a6b5091e7038adc03698e4529d0c9b5af0d831,inventory only; see report for traced paths
apps/modules/techdeck/source/client/src/components/ui/command.tsx,quarantined-import,151,5036,78592bb671847c7b42ee1cba37998602c84d2188845c7bdc8fbdccd2d36ac29b,inventory only; see report for traced paths
apps/modules/techdeck/source/client/src/components/ui/context-menu.tsx,quarantined-import,198,7626,4859019ad56c4d450f7daebb7e947867495539a194502acb9cef023c7de90184,inventory only; see report for traced paths
apps/modules/techdeck/source/client/src/components/ui/dialog.tsx,quarantined-import,122,3970,fcfbab9497211911a8bb854983bf3975bfcc19ff4cb1ca0b136a445438f06ccf,inventory only; see report for traced paths
apps/modules/techdeck/source/client/src/components/ui/drawer.tsx,quarantined-import,118,3139,98895f2b716a0a0b60e372811640b3b3b48295e0a67aebbd01de9843a391f6e1,inventory only; see report for traced paths
apps/modules/techdeck/source/client/src/components/ui/dropdown-menu.tsx,quarantined-import,198,7807,8602f520062a2751ca88e4cfe88aea9632d19539efd1d8a7f29fb52ce413eaf3,inventory only; see report for traced paths
apps/modules/techdeck/source/client/src/components/ui/form.tsx,quarantined-import,178,4298,a80b39038485dff70cd9a7c2287676d8122a033784e851d958dee2020fc54efc,inventory only; see report for traced paths
apps/modules/techdeck/source/client/src/components/ui/hover-card.tsx,quarantined-import,29,1280,7605fd8868dd43b6400f274f4e36d02af46476a37423b6781814070cf839c8bf,inventory only; see report for traced paths
apps/modules/techdeck/source/client/src/components/ui/input-otp.tsx,quarantined-import,69,2223,2ee885a5810101b04bcf296775ba3607dd1b22a4ba03ea2a9bc9e809134b3f77,inventory only; see report for traced paths
apps/modules/techdeck/source/client/src/components/ui/input.tsx,quarantined-import,23,867,62781ad35d8bd17775f11f3c30059987e50065bb8ce29fa4c1867435e51e8b52,inventory only; see report for traced paths
apps/modules/techdeck/source/client/src/components/ui/label.tsx,quarantined-import,24,734,ece819598d95360af8aedf36d90be41a93af49797240a6d6a69181180b095a76,inventory only; see report for traced paths
apps/modules/techdeck/source/client/src/components/ui/menubar.tsx,quarantined-import,256,8861,9aac3cf4f2d0fae4119eea157d99213d688211662859bcbf6d8af95803d06f1a,inventory only; see report for traced paths
apps/modules/techdeck/source/client/src/components/ui/navigation-menu.tsx,quarantined-import,128,5256,e604019198acde672086f0b79a894486fa52e684c4a25959a29806227dcdab25,inventory only; see report for traced paths
apps/modules/techdeck/source/client/src/components/ui/pagination.tsx,quarantined-import,117,2868,7f9821730c7eea34c32da11aa82185d3db1d36f9d476fa9d5ae14765c35a6fc8,inventory only; see report for traced paths
apps/modules/techdeck/source/client/src/components/ui/popover.tsx,quarantined-import,29,1309,b8418994c90487d7ce695379956c770ce1266c5755ec8b323a92759d0cc293a6,inventory only; see report for traced paths
apps/modules/techdeck/source/client/src/components/ui/progress.tsx,quarantined-import,28,819,db85995906f690fd4ba684608effd177522cfbdce80cb9a501aed16e5a13f72f,inventory only; see report for traced paths
apps/modules/techdeck/source/client/src/components/ui/radio-group.tsx,quarantined-import,42,1509,e67b5ffbd1727e873ca9b2593a7e798328b1d4ef20f507d8379aea3fe69abe93,inventory only; see report for traced paths
apps/modules/techdeck/source/client/src/components/ui/resizable.tsx,quarantined-import,45,1768,bbb236cf580525f2f1f7e40404d34c03cf806c02eee8404891f72fcf5034ec31,inventory only; see report for traced paths
apps/modules/techdeck/source/client/src/components/ui/scroll-area.tsx,quarantined-import,46,1688,5bbf2efc963f2a62d9f9d41fdf2a96f798ad409ee2a1fdb1fe51da947d882dc7,inventory only; see report for traced paths
apps/modules/techdeck/source/client/src/components/ui/select.tsx,quarantined-import,160,5901,cebfdbc028c7e9ba725031a07d3a77cfd7a3cd8e4560ea2030afefb6fa26d7bc,inventory only; see report for traced paths
apps/modules/techdeck/source/client/src/components/ui/separator.tsx,quarantined-import,29,785,1e2f9c2eab409bf25614f4e0b495b9a67646e92a0a7d1a033afaada64fdb1b78,inventory only; see report for traced paths
apps/modules/techdeck/source/client/src/components/ui/sheet.tsx,quarantined-import,140,4421,c02a18d6c73b21078ca394465b819b4cebeef60778c3bdcd3e1f818522981f0f,inventory only; see report for traced paths
apps/modules/techdeck/source/client/src/components/ui/sidebar.tsx,quarantined-import,727,22573,3a36ba9f139af5708d6aa1f0fc620085e4b2e9fcc1e58e35ee1933a0c9ac07ce,inventory only; see report for traced paths
apps/modules/techdeck/source/client/src/components/ui/skeleton.tsx,quarantined-import,15,276,90badf0dcd440128b81554c06d56c4f01b1ccf03748ca3adf7e4a41d611acddd,inventory only; see report for traced paths
apps/modules/techdeck/source/client/src/components/ui/slider.tsx,quarantined-import,26,1103,234d9a3e9b62ce0266d580ce885d59b0b0648c6b833604a8fd7dd389ade95329,inventory only; see report for traced paths
apps/modules/techdeck/source/client/src/components/ui/switch.tsx,quarantined-import,27,1166,9d3d144eb219caccadd9da0eab64f463f4f38fcc05f49f3d9b1438222ddce70f,inventory only; see report for traced paths
apps/modules/techdeck/source/client/src/components/ui/table.tsx,quarantined-import,117,2882,54bfa4489e6dc84dceb294b63023bb352c6c446c019c67230ce6f1dac76e3713,inventory only; see report for traced paths
apps/modules/techdeck/source/client/src/components/ui/tabs.tsx,quarantined-import,53,1936,cbcded04f856af28223e71674f1cf2c6b4e361a752d4d934f27117b3c990df96,inventory only; see report for traced paths
apps/modules/techdeck/source/client/src/components/ui/textarea.tsx,quarantined-import,22,711,f05dce17b28f0fc4a10bc54231937f682f459f174d69c918b5540047901dd5dd,inventory only; see report for traced paths
apps/modules/techdeck/source/client/src/components/ui/toast.tsx,quarantined-import,127,4972,2da684420d53b7826485853a5f433bc794eb8a3fa3ca99db7cabb59974dfff38,inventory only; see report for traced paths
apps/modules/techdeck/source/client/src/components/ui/toaster.tsx,quarantined-import,33,805,d336e69dc56f72df1da448f1f39eedddb3b7e0dd0e5a69ca5be8db7acb32b7e4,inventory only; see report for traced paths
apps/modules/techdeck/source/client/src/components/ui/toggle-group.tsx,quarantined-import,61,1814,04c1ac2983a3b790295fae9a0c475b32c61d6c49954e65eb38b54fa9af09f9dc,inventory only; see report for traced paths
apps/modules/techdeck/source/client/src/components/ui/toggle.tsx,quarantined-import,43,1570,7d517849023df8ee638f36fab0a9fad885afdfe130a6c43f9bc6a2d957c0d8b0,inventory only; see report for traced paths
apps/modules/techdeck/source/client/src/components/ui/tooltip.tsx,quarantined-import,30,1239,ad62a20f9b4265a885d08c45ac52e5d721be29f3426e30c700f781f9c7967066,inventory only; see report for traced paths
apps/modules/techdeck/source/client/src/components/upgrade-overlay.tsx,quarantined-import,60,2448,d5827c30e521edba6d62529747a2e3bf6e77d401622fdb917f4abf7b0336889d,inventory only; see report for traced paths
apps/modules/techdeck/source/client/src/hooks/use-auth.ts,quarantined-import,56,1441,bf0bac33fec6f3fe5e505e15e5264e2c658dc79d9c7e2f2116944cc8488b6ce9,inventory only; see report for traced paths
apps/modules/techdeck/source/client/src/hooks/use-mobile-redirect.ts,quarantined-import,45,1302,014a48c5298fc3db17283f6eac0c7707e8a1e8d49f2a24fe9bd3c1df9442eeaf,inventory only; see report for traced paths
apps/modules/techdeck/source/client/src/hooks/use-mobile.tsx,quarantined-import,19,584,d2377fbad5ad2bdf7fa896a68c36ac8bf4aa74a974b2061f77b41ae58d623001,inventory only; see report for traced paths
apps/modules/techdeck/source/client/src/hooks/use-toast.ts,quarantined-import,191,4086,52580e80b7d8e7dfc0eee27f3bc8dfa209e32fe8dc96b8e3e79ed61666348dd7,inventory only; see report for traced paths
apps/modules/techdeck/source/client/src/index.css,quarantined-import,304,11376,ed3bf35da76ddc5dacb29860e265568af615f447067278ed92c8198c9e45bc8f,inventory only; see report for traced paths
apps/modules/techdeck/source/client/src/lib/auth-utils.ts,quarantined-import,20,692,e022dc87c9b080008461549dfaeadbcd7ebf564f98e891f41d4cd28427646b36,inventory only; see report for traced paths
apps/modules/techdeck/source/client/src/lib/csrf.ts,quarantined-import,38,992,c9dc30ec1f1b28ca51f09bd7163587dda0012aef1f33c748d10b1f1dc0b0dafb,inventory only; see report for traced paths
apps/modules/techdeck/source/client/src/lib/operatoros.ts,quarantined-import,43,1309,d9d18f8c21f80de5d3eadaf9258b7375d0a8ce3b3b811972f777714058198c43,inventory only; see report for traced paths
apps/modules/techdeck/source/client/src/lib/queryClient.ts,quarantined-import,57,1440,5c3dedc28e3e31acd030809b9a8d35a38203dde6e599c0a9893c82abf5c25fcc,inventory only; see report for traced paths
apps/modules/techdeck/source/client/src/lib/route-manifest.ts,quarantined-import,249,23550,a56e60f489e9bb7636183da5bc6674d710a05a6f22f74c61ff17c8b3477ddec6,inventory only; see report for traced paths
apps/modules/techdeck/source/client/src/lib/types.ts,quarantined-import,65,1431,3a54cf5d12ce2c1db8c80faa2c514e34b5b201ac81bdcb63a368f1f41353fbf4,inventory only; see report for traced paths
apps/modules/techdeck/source/client/src/lib/utils.ts,quarantined-import,6,172,74a147991a119f1c4cdc25a4d9b22713632fa32eb136e55ab6939b006d71b9d6,inventory only; see report for traced paths
apps/modules/techdeck/source/client/src/main.tsx,quarantined-import,5,162,5df52f8fa0b617b6ff92334adc5551e01c4bf771c5a27c6abe58ad162c347b80,inventory only; see report for traced paths
apps/modules/techdeck/source/client/src/modules/admin/index.ts,quarantined-import,1,55,744ed334c7bec8d94b177cfe26bcfd2ca971cc3afd41ca452ff2725701857130,inventory only; see report for traced paths
apps/modules/techdeck/source/client/src/modules/admin/pages/admin-panel.tsx,quarantined-import,425,16033,0e836c5a49d3fe3d6bd81e59ab1562e7fa1243de2e576b30ba81be1dfaaeea9f,inventory only; see report for traced paths
apps/modules/techdeck/source/client/src/modules/api/index.ts,quarantined-import,1,64,83b26e71675cda29ec5a0ba9c7ce0817afa6d7b7b537e1379668f4a3b6ab34bb,inventory only; see report for traced paths
apps/modules/techdeck/source/client/src/modules/api/pages/api-tokens.tsx,quarantined-import,376,14954,a73f601cf4c06d8a3e1b36d71fe73406e6838b5cddab3be31778b492168ff597,inventory only; see report for traced paths
apps/modules/techdeck/source/client/src/modules/billing/index.ts,quarantined-import,1,59,f1f67310dedb7c547b97e265d6a058560580158799af624a3e99fb7642af23d9,inventory only; see report for traced paths
apps/modules/techdeck/source/client/src/modules/billing/pages/billing.tsx,quarantined-import,198,7378,8007b10c8c4fafab6a05ddd15d5bfa77e48e77a9b622c89bcb2620fae44095e9,inventory only; see report for traced paths
apps/modules/techdeck/source/client/src/modules/calendar/index.ts,quarantined-import,1,61,0f5cdb79cdd40a88e3721d744352165257e3ec044358f4839fb9af7fbbaf4689,inventory only; see report for traced paths
apps/modules/techdeck/source/client/src/modules/calendar/pages/calendar.tsx,quarantined-import,601,22988,3f3da3555769306f9de31097c3286732472c04ac4edba6f24c6e455eeb076bb4,inventory only; see report for traced paths
apps/modules/techdeck/source/client/src/modules/core/index.ts,quarantined-import,11,667,3ef8f9517b2e17ac4b3609ce7d08073a790cb25690fe5160740a54265eb6e2e8,inventory only; see report for traced paths
apps/modules/techdeck/source/client/src/modules/core/pages/assets.tsx,quarantined-import,521,21272,2c11fd736dcefccf708c04b9a09a8d17c6ce95dbcac75c761ab97d0d6fa273d5,inventory only; see report for traced paths
apps/modules/techdeck/source/client/src/modules/core/pages/audit.tsx,quarantined-import,219,8982,6c6952908eb4731352aa32e9326b584347313945f4fc902945139c969e940bfa,inventory only; see report for traced paths
apps/modules/techdeck/source/client/src/modules/core/pages/client-access.tsx,quarantined-import,308,11962,dc0ad5a2d3f22196e4d3f245b5238d9bf06711a3833c608a64fad499bc236db0,inventory only; see report for traced paths
apps/modules/techdeck/source/client/src/modules/core/pages/client-detail.tsx,quarantined-import,172,6044,55625f3c80c7c299f4194d08a24e9e17ba0abc36a4de681e9193ea345b0dd975,inventory only; see report for traced paths
apps/modules/techdeck/source/client/src/modules/core/pages/clients.tsx,quarantined-import,477,19655,5d03ebddad7ea49afa946c4d021771bfb7920d84742b91b646bfea04dad15223,inventory only; see report for traced paths
apps/modules/techdeck/source/client/src/modules/core/pages/dashboard.tsx,quarantined-import,620,23679,0e946770707ad684ac7ccf195b9306b8f625c891ef6bb04eef16084646fa4dae,inventory only; see report for traced paths
apps/modules/techdeck/source/client/src/modules/core/pages/landing.tsx,quarantined-import,702,32036,b99d82518540a12768d58844c91aa30f3222e1c0411da4d2a0d90479871acb79,inventory only; see report for traced paths
apps/modules/techdeck/source/client/src/modules/core/pages/onboarding.tsx,quarantined-import,125,4815,039fa00cbf306e48860e2471964d76e396712c50476d34dc942ac8bf1ff2ebaf,inventory only; see report for traced paths
apps/modules/techdeck/source/client/src/modules/core/pages/settings.tsx,quarantined-import,220,8829,0b72c9f08bfc083d782cc3f9679dcc7b10b25a1a4f589dd1d41c7a167fd21a24,inventory only; see report for traced paths
apps/modules/techdeck/source/client/src/modules/core/pages/sites.tsx,quarantined-import,455,18436,db6929423b18366d617f5a8bd9cbd23e0b5c632ad6fc9f5cfe09377a1249d5f2,inventory only; see report for traced paths
apps/modules/techdeck/source/client/src/modules/core/pages/team.tsx,quarantined-import,226,7686,c9d7be93f72df647e09ebce9959210e4ef639f0bbf7dda88fef7aab943c8300e,inventory only; see report for traced paths
apps/modules/techdeck/source/client/src/modules/evidence/components/evidence-preview.tsx,quarantined-import,76,2399,98070f9788e1057817748e7a9047c7115c1088020a3283c707751a8b28e09a6e,inventory only; see report for traced paths
apps/modules/techdeck/source/client/src/modules/evidence/index.ts,quarantined-import,4,281,48ac9fd2413915e00256bf1084874a3a0261ea50c8b6afa8489a13be3d25ce12,inventory only; see report for traced paths
apps/modules/techdeck/source/client/src/modules/evidence/pages/evidence-detail.tsx,quarantined-import,287,10301,622d9e134187fa782311d01036d0bcec091822529a5ad46948e10684dc583af3,inventory only; see report for traced paths
apps/modules/techdeck/source/client/src/modules/evidence/pages/evidence-upload.tsx,quarantined-import,353,12267,ad0568ed748bc1c80bafd2d83cd9c19a09809d9685ea0e7420cf1cc41dcd2cb9,inventory only; see report for traced paths
apps/modules/techdeck/source/client/src/modules/evidence/pages/evidence.tsx,quarantined-import,379,14607,88b82c52982a1ea202f3c22bb5876489014deee3820add11e054548aafffeb31,inventory only; see report for traced paths
apps/modules/techdeck/source/client/src/modules/invoicing/index.ts,quarantined-import,3,209,05052c08cfc18f5e6f78ea5dd49f7f3ad3ae7e8bf5e1251f5fef84c8663c61ef,inventory only; see report for traced paths
apps/modules/techdeck/source/client/src/modules/invoicing/pages/billing-settings.tsx,quarantined-import,255,9188,8a03ebd9fd57a4de8806b6285ad7407fc220b0443009d3fdf418c78a36567a41,inventory only; see report for traced paths
apps/modules/techdeck/source/client/src/modules/invoicing/pages/invoice-detail.tsx,quarantined-import,742,26606,b3d9c09d639194236ddc52b425c32ce6e0e31caa4bf66d7d31bc4d195ffccc7b,inventory only; see report for traced paths
apps/modules/techdeck/source/client/src/modules/invoicing/pages/invoices.tsx,quarantined-import,389,13837,f629c813e8f68dace0ff67f013cb2e8d21f6cb4425e035d7af9df4abe2db506a,inventory only; see report for traced paths
apps/modules/techdeck/source/client/src/modules/itops/components/response-block.tsx,quarantined-import,102,4998,bbf28d2bb1b9a420fcaa2db2b192912daf2906f5dc927d9aa06a9511f659a22a,inventory only; see report for traced paths
apps/modules/techdeck/source/client/src/modules/itops/components/save-dialog.tsx,quarantined-import,77,2965,ef7c3204434c6702820283ca973d9016876bc2a21d267cdde53a2dfda4f4ab4f,inventory only; see report for traced paths
apps/modules/techdeck/source/client/src/modules/itops/components/vault-dialog.tsx,quarantined-import,129,5278,579d46db9532804dfaaf225acbb0c2c67de2328d342a8e6393c88852481cd592,inventory only; see report for traced paths
apps/modules/techdeck/source/client/src/modules/itops/index.ts,quarantined-import,1,53,c1f17b2043c0dd7b458ce5d4ab11a1734d726674cafe391bf95bb3ffd3ae6cf2,inventory only; see report for traced paths
apps/modules/techdeck/source/client/src/modules/itops/pages/console.tsx,quarantined-import,514,19564,0162d293ba208ea4a6978b26f8f76e1b98f6a0a64eacb24be11a961fcbcc5b2d,inventory only; see report for traced paths
apps/modules/techdeck/source/client/src/modules/itops/types.ts,quarantined-import,42,1318,fd773df6dc9805193592b0530cf6f808dae5eb80c7c66e9197c8ae34f6cecdb4,inventory only; see report for traced paths
apps/modules/techdeck/source/client/src/modules/itops/utils.ts,quarantined-import,103,2987,cb2c1a6ca9d4bbf8e42a860503d11fc1f7308f868991e34326fa31a46d17c8dc,inventory only; see report for traced paths
apps/modules/techdeck/source/client/src/modules/kb/index.ts,quarantined-import,2,122,81d45af3b9542e361f4f8b68f2ca8a6114c1191dbef799ceedf435dfe530802a,inventory only; see report for traced paths
apps/modules/techdeck/source/client/src/modules/kb/pages/kb-article.tsx,quarantined-import,245,8369,703a3de960122d2420008cd43e019e3f4145fe4d8a22af186004089228c17c64,inventory only; see report for traced paths
apps/modules/techdeck/source/client/src/modules/kb/pages/kb-list.tsx,quarantined-import,325,12585,33c06035b6f6aea90a2475bdb7c154fc8f7785f712444bb4ef84dc12e703a61a,inventory only; see report for traced paths
apps/modules/techdeck/source/client/src/modules/license/index.ts,quarantined-import,2,124,d18a8352805b7698ad4a452e88ac0b9ad1c4f4b994f3593c9c743978fd5e8643,inventory only; see report for traced paths
apps/modules/techdeck/source/client/src/modules/license/pages/developer.tsx,quarantined-import,189,6920,2a848f59cd0347d830dbb932fb544cee6a44b8b059844659eb6096a9bab8c642,inventory only; see report for traced paths
apps/modules/techdeck/source/client/src/modules/license/pages/licenses.tsx,quarantined-import,614,24647,201517748c054a0e5ba14ce7a6d73254fd9556ddbaefb27a3bee0d2cea47f96a,inventory only; see report for traced paths
apps/modules/techdeck/source/client/src/modules/mobile/index.ts,quarantined-import,5,337,66b36de4a3548a12649a691afee97602972dfaaa3d5a898196b6555a1a6561b0,inventory only; see report for traced paths
apps/modules/techdeck/source/client/src/modules/mobile/layout.tsx,quarantined-import,105,4151,c5d9c3603b7de7af7528696d6ff8c652d2f59feb6ef9058181165d7588d18162,inventory only; see report for traced paths
apps/modules/techdeck/source/client/src/modules/mobile/pages/mobile-calendar.tsx,quarantined-import,647,25695,d9673aa2e0d583d7892c552bfab76dc47dd1bd48d3d0b700622519fe29b56f8a,inventory only; see report for traced paths
apps/modules/techdeck/source/client/src/modules/mobile/pages/mobile-ticket-detail.tsx,quarantined-import,530,20466,1c2f48aea747c6e561d8d609535abb148cbeaec6f2c79b282467c68c6941bd90,inventory only; see report for traced paths
apps/modules/techdeck/source/client/src/modules/mobile/pages/mobile-tickets.tsx,quarantined-import,758,30646,52924ba802299f2b1bfef947dab634e89f6be6aa5acaaab7c0f53331bf07df75,inventory only; see report for traced paths
apps/modules/techdeck/source/client/src/modules/mobile/pages/mobile-time.tsx,quarantined-import,559,21646,b2c44393fd7541b16307d529cc9cc5f076563ccb2b721139330e5255cbfba6b8,inventory only; see report for traced paths
apps/modules/techdeck/source/client/src/modules/portal/index.ts,quarantined-import,5,369,7ff9d696cce940237ff44af365613fe439f9d5215da34c8ca9b84841e19cfe9b,inventory only; see report for traced paths
apps/modules/techdeck/source/client/src/modules/portal/pages/portal-client-detail.tsx,quarantined-import,160,5887,2e7044c20d1694eb0aa3db027b3ecd9af69ddc84b9ed60147a4aa85f285545b0,inventory only; see report for traced paths
apps/modules/techdeck/source/client/src/modules/portal/pages/portal-evidence.tsx,quarantined-import,145,5775,4c4056da7febdcd5561bf095feda9f01635fd8c928c0a87a3a01796b9d24ab62,inventory only; see report for traced paths
apps/modules/techdeck/source/client/src/modules/portal/pages/portal-home.tsx,quarantined-import,164,6347,7c33ad58a89a0d9729628ccdb36882642b9a510c6db9031d6218947651a05a7f,inventory only; see report for traced paths
apps/modules/techdeck/source/client/src/modules/portal/pages/portal-invoices.tsx,quarantined-import,240,9548,e5e5b79816650549651401496afc05a545cdeb2dfbd41456c5be4bc6024e1556,inventory only; see report for traced paths
apps/modules/techdeck/source/client/src/modules/portal/pages/portal-tickets.tsx,quarantined-import,353,14366,554ad01fe189c8a95c41aab4dccfa5b5c7ba53893ba31abbb357c9e7dab935e4,inventory only; see report for traced paths
apps/modules/techdeck/source/client/src/modules/recurring/index.ts,quarantined-import,1,82,ece6cd4d82e3710ec71872129813455e6f8f588397e02a26baf358c8bb5d25c9,inventory only; see report for traced paths
apps/modules/techdeck/source/client/src/modules/recurring/pages/recurring-templates.tsx,quarantined-import,494,19471,a5736ea327ae4a721b6dcf3c1c0697c1455e9625bf62c2c8a444e0c7cc28293b,inventory only; see report for traced paths
apps/modules/techdeck/source/client/src/modules/reports/index.ts,quarantined-import,1,59,8b5b5d2afa6d17c68ac76fe1cade6d6a2bdcf2387f20b872c98c3cb8653d3094,inventory only; see report for traced paths
apps/modules/techdeck/source/client/src/modules/reports/pages/reports.tsx,quarantined-import,316,12921,e29b0972bef159a4978b4375a5acda1966923a7dddfeb6063f0392820007993c,inventory only; see report for traced paths
apps/modules/techdeck/source/client/src/modules/secure-intake/index.ts,quarantined-import,7,453,c08c4b78b020ed2ebd9177cba111eb44f279d228bab12cea960cb15328559fc8,inventory only; see report for traced paths
apps/modules/techdeck/source/client/src/modules/secure-intake/pages/audit.tsx,quarantined-import,139,6916,da6792a801a198dd2f3b22f20771623d174021b004401c2172f754305595c8f5,inventory only; see report for traced paths
apps/modules/techdeck/source/client/src/modules/secure-intake/pages/dashboard.tsx,quarantined-import,219,10332,2559b62f19c3694703ddf0fcce46d51a01ea6750e19291be9e1d9981c66a8d1c,inventory only; see report for traced paths
apps/modules/techdeck/source/client/src/modules/secure-intake/pages/files.tsx,quarantined-import,205,10413,57b2eb05a4e87b00b14e785a361d44c0078e021d230e6623b6c534df63b7460c,inventory only; see report for traced paths
apps/modules/techdeck/source/client/src/modules/secure-intake/pages/policies.tsx,quarantined-import,164,8166,200fe385191e07bb98e4284f601d47a47bdb8a13633a42718163a4d532d20e64,inventory only; see report for traced paths
apps/modules/techdeck/source/client/src/modules/secure-intake/pages/requests.tsx,quarantined-import,270,14157,f804b0b863720d107f1df44d7843954d302cbc67e563bf1659e9051b88828f9d,inventory only; see report for traced paths
apps/modules/techdeck/source/client/src/modules/secure-intake/pages/spaces.tsx,quarantined-import,212,10931,e18e4d5543f9ad285c0941a6a3cfd031dc72742b96f8cea00ddbd15460a31147,inventory only; see report for traced paths
apps/modules/techdeck/source/client/src/modules/secure-intake/pages/storage.tsx,quarantined-import,101,4552,14f95b075cd7232799bc0bd76cf31354e4881fda1af1b95fef53547d44b14bab,inventory only; see report for traced paths
apps/modules/techdeck/source/client/src/modules/status/index.ts,quarantined-import,2,138,7ff036194e9f7692d4336d66ca8577bd9382068c8f2d7f76f405fdd4e2b22164,inventory only; see report for traced paths
apps/modules/techdeck/source/client/src/modules/status/pages/public-status.tsx,quarantined-import,191,8189,c8cf87d38516cde4a537c8b04df7209843d2a16405bb16359caa387f168e55c5,inventory only; see report for traced paths
apps/modules/techdeck/source/client/src/modules/status/pages/status-admin.tsx,quarantined-import,451,19099,2e83ba59b79a6b471754af55871b79fbb5bcf45491add8599f43e47bb3d963f2,inventory only; see report for traced paths
apps/modules/techdeck/source/client/src/modules/tickets/index.ts,quarantined-import,2,129,a0f16104a98a7d290546827a1c5f769d7ac21928417d44433423fe58b6dbb928,inventory only; see report for traced paths
apps/modules/techdeck/source/client/src/modules/tickets/pages/ticket-detail.tsx,quarantined-import,650,27268,1421f4dfb71c563cc0a20fd06d4264568525c6cc507da8193abb9be83654cd30,inventory only; see report for traced paths
apps/modules/techdeck/source/client/src/modules/tickets/pages/tickets.tsx,quarantined-import,518,21170,f3c088f6aa96d22d804708a12b2ccc1e8c1ad7051879a7fa9f7eb159677172f1,inventory only; see report for traced paths
apps/modules/techdeck/source/client/src/modules/time/index.ts,quarantined-import,1,68,592b791f9f5b0cf8b68e818e0b9c6dcd13385686389e940b86aa3ea755241a88,inventory only; see report for traced paths
apps/modules/techdeck/source/client/src/modules/time/pages/time-entries.tsx,quarantined-import,585,22833,20f14876bb25376de1cca81182a1801c6928f178f4277b64bf2a080eedaa830e,inventory only; see report for traced paths
apps/modules/techdeck/source/client/src/modules/webhooks/index.ts,quarantined-import,1,61,e8ff86f4414e653e7cb0eb838bd445400a5cf99ad4ae1d1184051c00bbe6462f,inventory only; see report for traced paths
apps/modules/techdeck/source/client/src/modules/webhooks/pages/webhooks.tsx,quarantined-import,459,16893,e1e7976ac610d87850beaaef3a4dfea5cf76635955d9be42ba6ab555bf922bd8,inventory only; see report for traced paths
apps/modules/techdeck/source/client/src/pages/access-denied.tsx,quarantined-import,65,2995,3cb1f0ae1358465fb9e66d8c96c5764e206f438e7662ccdfe76519d6add76f8d,inventory only; see report for traced paths
apps/modules/techdeck/source/client/src/pages/account-security.tsx,quarantined-import,47,2139,5d214b74d6fd49d16daf4de0f0fa77ef09bbb14ddf97eaca79539f23afedab57,inventory only; see report for traced paths
apps/modules/techdeck/source/client/src/pages/delete-account.tsx,quarantined-import,227,9584,8a548a9128adb4da43ba507e15ee97f45edc59564487cda1c17fb36a0b4d4348,inventory only; see report for traced paths
apps/modules/techdeck/source/client/src/pages/external-upload.tsx,quarantined-import,266,11009,b5b220ebb27eea4f52e1c3b404fccf1df4d4f5c6bd9a988770c8dde27ebda28d,inventory only; see report for traced paths
apps/modules/techdeck/source/client/src/pages/login.tsx,quarantined-import,41,1735,341e316b358cead46847463749b97891585a0435d472f1709bab153753ee26cb,inventory only; see report for traced paths
apps/modules/techdeck/source/client/src/pages/mfa-setup.tsx,quarantined-import,37,1542,77870dc05a21a911ff5c79a0c7bbade1c558d59fa52170729f636fe9d2039fdd,inventory only; see report for traced paths
apps/modules/techdeck/source/client/src/pages/not-found.tsx,quarantined-import,37,1662,2c4481977a6b30b8bb19389abdd22b30e84ce8b24ecf0c8ff14df27005e2d253,inventory only; see report for traced paths
apps/modules/techdeck/source/client/src/pages/pricing.tsx,quarantined-import,53,2187,922f9d2a831ca189f067acfbf92870276455f987d15b68dd409582654ff910f8,inventory only; see report for traced paths
apps/modules/techdeck/source/client/src/pages/privacy.tsx,quarantined-import,174,9154,05d8887553860840d6dff906670bf14a57970997e8a4de39476a4b5c8261c0e3,inventory only; see report for traced paths
apps/modules/techdeck/source/client/src/pages/refund.tsx,quarantined-import,141,6341,337e29995da3e3a4299396d0fa72886429eb359108f399227622c36783896367,inventory only; see report for traced paths
apps/modules/techdeck/source/client/src/pages/register.tsx,quarantined-import,41,1816,4fa6ee1357ae460df86363e65bf13a7aee5a05d619e66c0c534f0a57844e3e47,inventory only; see report for traced paths
apps/modules/techdeck/source/client/src/pages/reviewer-login.tsx,quarantined-import,35,1452,d996bd56bbf042d118b970e371a236d2ea36cb1ba7339600f3214b3a97c76035,inventory only; see report for traced paths
apps/modules/techdeck/source/client/src/pages/terms.tsx,quarantined-import,202,9781,6aefafd4cc7ebeb96d75d9e1c97ba7ebb556f1c2c938d1851afe3199464b9c4a,inventory only; see report for traced paths
apps/modules/techdeck/source/drizzle.config.ts,quarantined-import,14,339,55f2715458896e41984236b9b0b6e5cb04056f1670656f84bda09f4e7c1428b8,inventory only; see report for traced paths
apps/modules/techdeck/source/postcss.config.js,quarantined-import,6,86,374f669f08b18e67d0a7264fa45b71228017e604fe7f6db8a5c1bd5ba27e5c98,inventory only; see report for traced paths
apps/modules/techdeck/source/script/build.ts,quarantined-import,68,1539,1a50df16c9168ac2a964612c9f12e4cc9f1ea6a389bd2e522f2dee340644d41b,inventory only; see report for traced paths
apps/modules/techdeck/source/scripts/post-merge.sh,quarantined-import,20,867,a09b9128f132c9fa1adaa441430527adff1fa88103f21c5a1c9600d04edf298c,inventory only; see report for traced paths
apps/modules/techdeck/source/server/auth/authService.ts,quarantined-import,241,6967,ed1bd41dc1f9304d562b67adfba4383902b90c804c0cace8e82ad3e27ed06abb,inventory only; see report for traced paths
apps/modules/techdeck/source/server/auth/csrf.ts,quarantined-import,43,1420,2c804255234ffdd72fc19064254bc3d8823f494d0842604ea7c6b82b512a967b,inventory only; see report for traced paths
apps/modules/techdeck/source/server/auth/entitlements.ts,quarantined-import,195,6644,341dae9712314067ddda7fadeaa272f2237d9d913d3b4f62e7fd68ecbed3efd8,inventory only; see report for traced paths
apps/modules/techdeck/source/server/auth/errorPage.ts,quarantined-import,697,29965,4b0bef51dd337c48ce140cdd5d6c352af86735a79098512f349a53f89108778b,inventory only; see report for traced paths
apps/modules/techdeck/source/server/auth/httpsEnforce.ts,quarantined-import,14,443,9aa36ce165bd93e8d22d75f1094ae67c90676f6532b149335e208e676e3bd528,inventory only; see report for traced paths
apps/modules/techdeck/source/server/auth/index.ts,quarantined-import,7,372,76bb19fa4d39fd533258c5f27195312002ad3021c7fd21914a60e9f21f478ccb,inventory only; see report for traced paths
apps/modules/techdeck/source/server/auth/middleware.ts,quarantined-import,80,2504,ec43cd93827a1b8d0a0eb18f00e1402996a4fcd7138355dde7d7189a31b87276,inventory only; see report for traced paths
apps/modules/techdeck/source/server/auth/routes.ts,quarantined-import,390,13572,5594d17e77952cc47c4ea260078769b39dd66bfb75399b6bdb729eb82f3d894b,inventory only; see report for traced paths
apps/modules/techdeck/source/server/auth/session.ts,quarantined-import,31,832,77973dce3b4d4df8c5c7444bb692626c47b782cf563998a9b5b14ca697b9bf4f,inventory only; see report for traced paths
apps/modules/techdeck/source/server/auth/sso.ts,quarantined-import,682,25677,758642f2bce7c9b72390640b33d117189b815612ca18968e2d3a6f67cd2a9a14,inventory only; see report for traced paths
apps/modules/techdeck/source/server/auth/ssoErrorPage.ts,quarantined-import,6,143,b3e47d9395761b31a17f814fb6e9449255207d99f8b90b8c37af004f4cd268bf,inventory only; see report for traced paths
apps/modules/techdeck/source/server/authz.ts,quarantined-import,112,3128,6db3613788ab1d971854eb4451e09f979ab58634b185915798437460b5ded3d0,inventory only; see report for traced paths
apps/modules/techdeck/source/server/core/apiAuth.ts,quarantined-import,82,2439,3319dccd809d3bd8ba74749b36500a72cec8d769d076fb40a860882501c30987,inventory only; see report for traced paths
apps/modules/techdeck/source/server/core/billing/enforcePlan.ts,quarantined-import,323,12374,e0a0663e3de43fcc4b9648ffe4b51308f4e8e8950e90062be7ce77a6410c38bd,inventory only; see report for traced paths
apps/modules/techdeck/source/server/core/billing/graceCleanup.ts,quarantined-import,57,2127,d90907240e4e5e349f43d971e54c6977c83868fdcb78a983fb5e3d034cb7720e,inventory only; see report for traced paths
apps/modules/techdeck/source/server/core/events/bus.ts,quarantined-import,40,1290,95dac1465e654fd4fc9b95f33d8a2ec69688491d5763f4b5ddfe774c097b8c55,inventory only; see report for traced paths
apps/modules/techdeck/source/server/core/events/helpers.ts,quarantined-import,19,363,8aa7631e5237b8bbc628d42b7540cfcc63d76b1eb0c28a5c56dc22e32c79ab64,inventory only; see report for traced paths
apps/modules/techdeck/source/server/core/events/subscribers.ts,quarantined-import,28,772,5d9e9505d7ec8590822339da18c1e6c4987a5c2889625777b78cfd4f01da7bc5,inventory only; see report for traced paths
apps/modules/techdeck/source/server/core/events/types.ts,quarantined-import,11,281,d8769dd7edac25427bf5d5cd61e5b09bab15e177cb7ced55df2484810bba5a32,inventory only; see report for traced paths
apps/modules/techdeck/source/server/core/middleware/requireNotPaused.ts,quarantined-import,59,2525,cedea7e9d49c0219c15457f2d02353f5cf7ff7f5411e52eb4542d373d39df4c1,inventory only; see report for traced paths
apps/modules/techdeck/source/server/core/middleware/requireSystemAdmin.ts,quarantined-import,19,598,bd59da4e9367cb473b1ba79b45122e29d8291fc77d6dfbee4f11c2b70d93d36b,inventory only; see report for traced paths
apps/modules/techdeck/source/server/db.ts,quarantined-import,14,409,cbfe7ec875532b7854a5e8a76134728f74744d42292caf441569339f43fcff86,inventory only; see report for traced paths
apps/modules/techdeck/source/server/devSeed.ts,quarantined-import,37,1064,868951e14f9143382efe8854968499fcae0d1dea81dff3e67ab0ee8506ca991a,inventory only; see report for traced paths
apps/modules/techdeck/source/server/fileStorage.ts,quarantined-import,66,2094,495d1b151767100c66a4970ba2c9257c81f7a35d61cb3f576fd818e718b8577f,inventory only; see report for traced paths
apps/modules/techdeck/source/server/index.ts,quarantined-import,167,5045,7285021ebe072e3771919936226e037b5690ec4fed4d1bb9285a622df42871b8,inventory only; see report for traced paths
apps/modules/techdeck/source/server/logger.ts,quarantined-import,63,1649,5025419b8728ab7d2fdb0222497d80898be61fff22cacf9bfe50b2067509233d,inventory only; see report for traced paths
apps/modules/techdeck/source/server/mail.ts,quarantined-import,132,4521,ace296e418ef811c8104362caab0d0de77967220c3de8e8d9ba9b5d6cf0231e0,inventory only; see report for traced paths
apps/modules/techdeck/source/server/modules/account/routes.ts,quarantined-import,102,3167,c021d1890d951f9c4cb7f9d288ced272c01eefcefab806c3885810cbb4c9f23a,inventory only; see report for traced paths
apps/modules/techdeck/source/server/modules/admin/routes.ts,quarantined-import,181,7200,b5bdcf91ce6da79fcc720abb1dcab049f4f9302f0cd8f3e4b498448075cbce50,inventory only; see report for traced paths
apps/modules/techdeck/source/server/modules/api/adminRoutes.ts,quarantined-import,101,3295,58d947724fb4588e5d8930b7fc9999865108f0f457a93984d76be9def68c2eb6,inventory only; see report for traced paths
apps/modules/techdeck/source/server/modules/api/routes.ts,quarantined-import,248,8247,e51173781529d5d0efb31fd16dcdeb7e0b11450d7bc490bf6fecd571f02c1a02,inventory only; see report for traced paths
apps/modules/techdeck/source/server/modules/billing/routes.ts,quarantined-import,93,4225,931aaaa4f74f0e4842a5663a4df7ce0514e9badc70363b91bda1a846fd501792,inventory only; see report for traced paths
apps/modules/techdeck/source/server/modules/billing/stripe.ts,quarantined-import,137,3428,5c30d7bde1d32ab5469134e55dac02af39587e989673d9631a39a4b4da68a0bb,inventory only; see report for traced paths
apps/modules/techdeck/source/server/modules/billing/webhook.ts,quarantined-import,169,6444,a0d3d0c37566d2618fac93eee512495311ed5c491d2add14535b384c5c19c124,inventory only; see report for traced paths
apps/modules/techdeck/source/server/modules/calendar/routes.ts,quarantined-import,170,5970,75e0d98ed7d21d79615d7a651c8e20c17d75ac785cc4b4a22153a74e0274a9a6,inventory only; see report for traced paths
apps/modules/techdeck/source/server/modules/core/routes.ts,quarantined-import,751,27878,a7d1e059d406f950002a8c3aea9ec2a44eb0e2bf9f365d403b3fe44f077aa0c6,inventory only; see report for traced paths
apps/modules/techdeck/source/server/modules/demo/routes.ts,quarantined-import,104,4412,09459124ec85120cc9f5d8798719e23ce1ee126428395d98ad8515d78caee461,inventory only; see report for traced paths
apps/modules/techdeck/source/server/modules/evidence/routes.ts,quarantined-import,352,12272,24af30dc0f3416c851a7f73871c0c8ea7b9993e3f4818c40c626f36938811cb3,inventory only; see report for traced paths
apps/modules/techdeck/source/server/modules/invoicing/routes.ts,quarantined-import,412,13711,3a3be7259ab7b54ef9628fbc09c7042c10d0f56d3ca9a4d738f39b9be05290fe,inventory only; see report for traced paths
apps/modules/techdeck/source/server/modules/itops/routes.ts,quarantined-import,271,8867,c13c9ab15fcbcc2afe04b4da060fd7e4aa66c3e1fab940eda7515427e69120db,inventory only; see report for traced paths
apps/modules/techdeck/source/server/modules/kb/routes.ts,quarantined-import,165,5204,9c2327ee403d341f3112c1b8c321684852eb50ca9cfad7f759e232a312580860,inventory only; see report for traced paths
apps/modules/techdeck/source/server/modules/license/routes.ts,quarantined-import,354,11959,5f6e2105a89b175207f04191648c09be49dfef6d3fad9bfa64e4de4682743992,inventory only; see report for traced paths
apps/modules/techdeck/source/server/modules/operatoros/routes.ts,quarantined-import,233,10036,1ebf7a6b8dba328b5ef13d78c22a6644c3d764b62da57fca42c0095fdf9648d7,inventory only; see report for traced paths
apps/modules/techdeck/source/server/modules/portal/routes.ts,quarantined-import,450,15947,c1a5d8620d949979942e7d66094b81af2b5d9171503fc368096620b58afba8a5,inventory only; see report for traced paths
apps/modules/techdeck/source/server/modules/recurring/routes.ts,quarantined-import,194,6572,2586bf22677c054a4bb9c59ecdef5eb55cae496284b492db29e433386723be10,inventory only; see report for traced paths
apps/modules/techdeck/source/server/modules/reports/generator.ts,quarantined-import,193,6851,5b11fba92687335b0dbfe20c62fa557b5ba85fb3cbe1b0036077bb0ec6984762,inventory only; see report for traced paths
apps/modules/techdeck/source/server/modules/reports/routes.ts,quarantined-import,152,5320,91bc4d60d3a1988821c80b68abf6513687d49c290467905f3011ad2a79970544,inventory only; see report for traced paths
apps/modules/techdeck/source/server/modules/reviewer/routes.ts,quarantined-import,20,888,ab02403769bed8f71f5bc4e6ca54bf7c6b5eb6344b95fff94fc4345c1651617c,inventory only; see report for traced paths
apps/modules/techdeck/source/server/modules/secure-intake/routes.ts,quarantined-import,640,31969,26aa5c8e5b7f2900dd346de74131fcade0b4cefb468d762402c917cf2a9fd824,inventory only; see report for traced paths
apps/modules/techdeck/source/server/modules/status/routes.ts,quarantined-import,219,10076,6e0f8c53afca286507beb630321ae69c1dcbabe474a92de8a8976f9692d79274,inventory only; see report for traced paths
apps/modules/techdeck/source/server/modules/tickets/routes.ts,quarantined-import,449,15491,dc3aaa6cf2693d24c66873caa2d42948aee5c46475b2a59acff3a0c12bac9168,inventory only; see report for traced paths
apps/modules/techdeck/source/server/modules/time/routes.ts,quarantined-import,173,6060,f9b14ee1a66eb0b6a301068fda8fe4499398f34c598b44225bd845fecf667a3c,inventory only; see report for traced paths
apps/modules/techdeck/source/server/modules/webhooks/routes.ts,quarantined-import,131,5189,4eaef78e7e4fe482e763b7be9566271ddd2a4c690503a65bd249c87abc4d1884,inventory only; see report for traced paths
apps/modules/techdeck/source/server/modules/webhooks/urlValidation.ts,quarantined-import,110,3573,f86abec3acb9f3b6dfb3729fb456b2d837d51abc2714a46ec747552a1d8177fe,inventory only; see report for traced paths
apps/modules/techdeck/source/server/modules/webhooks/worker.ts,quarantined-import,178,5656,b922bc3a9b19229e6f2f0b2c9ae1806a6d7385c6246e527a4a2d93415f0f424a,inventory only; see report for traced paths
apps/modules/techdeck/source/server/productionSeed.ts,quarantined-import,46,1640,15b513d3101c96580609e6c13f3e94c73545e1222f4bf8fb68df92de35dd8770,inventory only; see report for traced paths
apps/modules/techdeck/source/server/replit_integrations/audio/client.ts,quarantined-import,274,9347,2ee66cc89ab0e51d2990f470b76ea08dc72aaa3403ffce2819effbecd4007407,inventory only; see report for traced paths
apps/modules/techdeck/source/server/replit_integrations/audio/index.ts,quarantined-import,14,291,6fb696a321e531f250acb18c8c5c935b149cb92dda7c36735dd4bfed1345f5d1,inventory only; see report for traced paths
apps/modules/techdeck/source/server/replit_integrations/audio/routes.ts,quarantined-import,136,5344,28cf4a7802e58d89384a3b36bca1728cd4b795f2d743fd433880d684fb0096be,inventory only; see report for traced paths
apps/modules/techdeck/source/server/replit_integrations/batch/index.ts,quarantined-import,7,115,5d6c5691e87a3c13378d39bc058dfab47a75a48118b4fa43e853f0ca377b08a0,inventory only; see report for traced paths
apps/modules/techdeck/source/server/replit_integrations/batch/utils.ts,quarantined-import,182,5777,dbee72771a1f5932caf2ae835dbd5464f86eb9ee1a8ce46cea7679747fcfc95a,inventory only; see report for traced paths
apps/modules/techdeck/source/server/replit_integrations/chat/index.ts,quarantined-import,3,111,ad40ab9ef2940b858944f5985bed9b9182306ca2da3aaf0dde0476fceed6589d,inventory only; see report for traced paths
apps/modules/techdeck/source/server/replit_integrations/chat/routes.ts,quarantined-import,118,4219,1b1b139097053a580eb18a8a0d686acabe4acc93a890920a6dba7801c7c4f022,inventory only; see report for traced paths
apps/modules/techdeck/source/server/replit_integrations/chat/storage.ts,quarantined-import,43,1780,6cd51fdf3b6e21451be8360b8f34fef1d6429c8fe00318d90eaa35c9cf09a844,inventory only; see report for traced paths
apps/modules/techdeck/source/server/replit_integrations/image/client.ts,quarantined-import,59,1473,6983ef9085dd9740bf92f81a38a5e977f44ae3d582f8211c6515110a41ecd020,inventory only; see report for traced paths
apps/modules/techdeck/source/server/replit_integrations/image/index.ts,quarantined-import,3,120,3c74a50694d74b97f7d307daa6239de0d77e5f263c5d403556d540b3d18017c2,inventory only; see report for traced paths
apps/modules/techdeck/source/server/replit_integrations/image/routes.ts,quarantined-import,34,1029,ed57261329459004d3915cf3afd5a22e448473307f373b2330a26fec58d0d9a1,inventory only; see report for traced paths
apps/modules/techdeck/source/server/routes.ts,quarantined-import,201,7777,b89fc09a3c8a9dff87c8ca1989bc893692b0558cf4683f6fad46a0189883aac5,inventory only; see report for traced paths
apps/modules/techdeck/source/server/seed-stripe-products.ts,quarantined-import,80,2478,b45c747dc0c4dd4a101c858d5dd989da52de77c2f3565542078ff56f773f31d3,inventory only; see report for traced paths
apps/modules/techdeck/source/server/static.ts,quarantined-import,19,573,c976ef4e1e1c8a3b72e9672a43c89211c8a9987427788737eda363c6b251a3f4,inventory only; see report for traced paths
apps/modules/techdeck/source/server/storage.ts,quarantined-import,2533,105083,cafc26335d294d6428a89a5b60b15b5412329daa2c41b9853521b619f161173e,inventory only; see report for traced paths
apps/modules/techdeck/source/server/stripeClient.ts,quarantined-import,91,2675,a6b5f2b0cdcd8cad2545eddfa7ae145f8983a3947a6fabe95199593100a8844a,inventory only; see report for traced paths
apps/modules/techdeck/source/server/vite.ts,quarantined-import,58,1599,583f2879aa13a957439e066f9f885d22493488d71d2e9f3664cf1d142e0b806a,inventory only; see report for traced paths
apps/modules/techdeck/source/server/webhookHandlers.ts,quarantined-import,17,641,0dbb60e9e9a67c2d18aac8319d6a487382557c2bc490aad22f3f5ca368b1a1f8,inventory only; see report for traced paths
apps/modules/techdeck/source/shared/models/auth.ts,quarantined-import,42,1755,b926eadda560651f2014b359b22f865acfa8d280836213eeb936dc5069e7ca61,inventory only; see report for traced paths
apps/modules/techdeck/source/shared/models/chat.ts,quarantined-import,34,1263,8bdc09ab8ccaa697647bd8323c36df9ec779d3e4ca4d3afdaa1454e645560f75,inventory only; see report for traced paths
apps/modules/techdeck/source/shared/modules/index.ts,quarantined-import,336,14267,c6e91ac636fb501ef3cf4e896c27c0c74ddefb477258c923912b1d960662012a,inventory only; see report for traced paths
apps/modules/techdeck/source/shared/modules/types.ts,quarantined-import,40,851,de2d4dabe2eaaab727647dddc196aaaeeacae93310d82f7aa55b48453e3abfd4,inventory only; see report for traced paths
apps/modules/techdeck/source/shared/schema.ts,quarantined-import,1572,55259,b7d97d1fee52fb97dbdf4103e2fc04d5afeda3b3cb0544e872766abd137d91a3,inventory only; see report for traced paths
apps/modules/techdeck/source/tailwind.config.ts,quarantined-import,107,4157,cd0b8a9858d444906c20b378c1c8cf32404a2f44570098b8aeeeb31869b949d3,inventory only; see report for traced paths
apps/modules/techdeck/source/tests/auth-local-policy.test.ts,quarantined-import,111,3483,eb10fabd426f0c214cf15f2dd4ca328f17a23c4b51425b19a8a145d4d3750fe1,inventory only; see report for traced paths
apps/modules/techdeck/source/tests/auth-session-revocation.test.ts,quarantined-import,86,2715,5199d89c62414ce369db94df4a3b19012bc017ccba7a7fe5bf7f6838d7268edd,inventory only; see report for traced paths
apps/modules/techdeck/source/tests/auth.flow.test.ts,quarantined-import,24,810,a971c8593a6246a7200213c3b14119385ceb20e649e4f877972c5ce563c3eb62,inventory only; see report for traced paths
apps/modules/techdeck/source/tests/authErrorPage.test.ts,quarantined-import,69,2746,0475cc8849c551ef349ecac337a4cda01e2b9ff5eb284dababd3f17f0496c83e,inventory only; see report for traced paths
apps/modules/techdeck/source/tests/authRoutes.integration.test.ts,quarantined-import,92,3291,34666e6b565000c0a4748f8d1c8db68ecfaad20d1ab5e863b134d4783186ba6e,inventory only; see report for traced paths
apps/modules/techdeck/source/tests/entitlements.test.ts,quarantined-import,178,6838,d7c70578854f4c0a29b53cf5a6d52ec97de02cca2f28c2f95ba4927e862c0363,inventory only; see report for traced paths
apps/modules/techdeck/source/tests/operatoros-billing-decommission.test.ts,quarantined-import,115,3876,7e3a33588c91e2b87885de2a402f3f904dad3c0bbdaeb690a06ed5691cd3b371,inventory only; see report for traced paths
apps/modules/techdeck/source/tests/operatoros-sync.test.ts,quarantined-import,220,7485,64fa7bc1085d66b5f8703ae6a7c6c8bcdcf1ce1556a2fb8e21e7cc4e6a8cba80,inventory only; see report for traced paths
apps/modules/techdeck/source/tests/operatoros-ui-copy.test.ts,quarantined-import,33,1463,6c4bf704a4b2eaf0e81b98bdfa36ddb1431ea13028b50f0d1c44d01448fd7af9,inventory only; see report for traced paths
apps/modules/techdeck/source/tests/route-nav-matrix.test.ts,quarantined-import,84,3926,cf6439ccc04817eba377de58998d2cba82a3aa66444ac6e8317b638e0eccb75b,inventory only; see report for traced paths
apps/modules/techdeck/source/tests/smoke.test.ts,quarantined-import,11,250,df78743f231d7f2c3616f247b94814d4d0b6c5cfca8570f41976e2c264c10c1a,inventory only; see report for traced paths
apps/modules/techdeck/source/tests/sso.test.ts,quarantined-import,748,29304,97ad772d6392273f0ff9869cd28565d9f2aaf1ce6492e76d018044cef3d8dc37,inventory only; see report for traced paths
apps/modules/techdeck/source/tests/stripe-webhook-audit.test.ts,quarantined-import,71,2351,d7e1626033ad28b4ffb0a8f1323c152360cc3e14661d219b1a2229cd3c6eadea,inventory only; see report for traced paths
apps/modules/techdeck/source/tests/tenant.isolation.test.ts,quarantined-import,15,642,9feda40f6ba3ab278efff2b4884b948d7a3daae690ba510a3c5d21ff12c24d0f,inventory only; see report for traced paths
apps/modules/techdeck/source/vite.config.ts,quarantined-import,40,1120,966ffaf18d0a67f6e630b2ae239a64a6c8265468eda71568ae9c71c20190e278,inventory only; see report for traced paths
apps/modules/techdeck/source/vitest.config.ts,quarantined-import,17,387,9fc568a17557c1739c07119d5dad647f9fc40dd02b0288f677cc0fcb92e3b883,inventory only; see report for traced paths
apps/modules/torqueshed/source/artifacts/api-server/build.mjs,quarantined-import,126,3581,8133e19ab8526b0f65b5fb0a54911176758f5973b25f01b682a79e76ed8bb54a,inventory only; see report for traced paths
apps/modules/torqueshed/source/artifacts/api-server/src/app (1).ts,quarantined-import,131,3587,70a60a1ab450bcadd6f81d307583e03db3b2f4216124327a841b255378bc73f5,inventory only; see report for traced paths
apps/modules/torqueshed/source/artifacts/api-server/src/app.ts,quarantined-import,140,3865,ee2290a637ddb3760b8d81faa401dbe3d730f571bf6972a2f28437c209d88429,inventory only; see report for traced paths
apps/modules/torqueshed/source/artifacts/api-server/src/index.ts,quarantined-import,25,536,750554a43e8e1e1f6007ab872107ae44a4870b586da35b320eed8b9907fc2dcd,inventory only; see report for traced paths
apps/modules/torqueshed/source/artifacts/api-server/src/lib/http.ts,quarantined-import,82,3050,0b9cbe3768c74099af613f249ae451d736dae68802bd4f7b1805cfd2dc83ec03,inventory only; see report for traced paths
apps/modules/torqueshed/source/artifacts/api-server/src/lib/logger (1).ts,quarantined-import,20,441,61936304bfdbd72987ee561605fb9da3fecad8d2a52c5c9f8557734855d1a4a0,inventory only; see report for traced paths
apps/modules/torqueshed/source/artifacts/api-server/src/lib/logger.ts,quarantined-import,21,500,2f6fcc7b51486018a196d8de9e514fe2f0849df4e951d79ab3a2442890dceb2f,inventory only; see report for traced paths
apps/modules/torqueshed/source/artifacts/api-server/src/routes/auth (1).ts,quarantined-import,466,14213,87729cb4ae2940da39767ecdb6c2570e6a26eb01e4df66b574fd3228823eda85,inventory only; see report for traced paths
apps/modules/torqueshed/source/artifacts/api-server/src/routes/auth.ts,quarantined-import,470,14370,63f503a4851d604a7449889c08c02d0bf9b4c1a00bff13b8edb810830386911e,inventory only; see report for traced paths
apps/modules/torqueshed/source/artifacts/api-server/src/routes/billing.ts,quarantined-import,239,11469,47257970c7c30f00e9eba6d30c9ad2b0d5e9386b6b27f5027d6e33507333867c,inventory only; see report for traced paths
apps/modules/torqueshed/source/artifacts/api-server/src/routes/health.ts,quarantined-import,11,299,1130cb50b1ef56817252701546b05190a1a609113b9db77cef2a67dce36a8eef,inventory only; see report for traced paths
apps/modules/torqueshed/source/artifacts/api-server/src/routes/index (1).ts,quarantined-import,10,238,060507d9170069a485ad62b931ae116d311a82f2c35604999e32b5ccf3be9855,inventory only; see report for traced paths
apps/modules/torqueshed/source/artifacts/api-server/src/routes/index.ts,quarantined-import,14,374,808a8a5441faffdb26d37471eba58c67008a5693411262fcd6704326d37cd881,inventory only; see report for traced paths
apps/modules/torqueshed/source/artifacts/api-server/src/routes/product.ts,quarantined-import,770,37923,3b5210cd576719592c36d4f6d44a4603db295fd820b6792d916de2cf36ef9691,inventory only; see report for traced paths
apps/modules/torqueshed/source/artifacts/api-server/src/services/token-balance.ts,quarantined-import,35,1191,e987777f285bd48b3afeb08cd6171950cc3e29d7d13bc49872b44c0f2138e129,inventory only; see report for traced paths
apps/modules/torqueshed/source/artifacts/api-server/src/services/torque-assist-adapter.ts,quarantined-import,207,7806,fd3cf183179cee910ea0abbf948a92f42800c46c75259849c5477aee0c22b593,inventory only; see report for traced paths
apps/modules/torqueshed/source/artifacts/api-server/src/services/torque-assist.ts,quarantined-import,183,6344,5d6d44808bbe875a44e742304c3e5016ca0bdf47ef025729377f46a1fc4b2b59,inventory only; see report for traced paths
apps/modules/torqueshed/source/artifacts/torqueshed-mobile/expo-env.d.ts,quarantined-import,1,38,09464bbdd1ffa2b7a502014bdf3753b02274021d9af7ecd6237335a0313f7a4c,inventory only; see report for traced paths
apps/modules/torqueshed/source/artifacts/torqueshed-mobile/src/app/(tabs)/_layout.tsx,quarantined-import,32,1328,87a9d0e12e07751dbb5f37b24c6d7b768fbf8a8a8e2fa44beafe848682a55847,inventory only; see report for traced paths
apps/modules/torqueshed/source/artifacts/torqueshed-mobile/src/app/(tabs)/assist.tsx,quarantined-import,1,69,3ac238be69b5af56559cfd36b2d3d3476561fbc7feec4eeac939e5eb1183a99e,inventory only; see report for traced paths
apps/modules/torqueshed/source/artifacts/torqueshed-mobile/src/app/(tabs)/builds.tsx,quarantined-import,1,69,bf767c89eb8ec22708bc991642fdc02fec149fb74ae6addc34570875c759b1f3,inventory only; see report for traced paths
apps/modules/torqueshed/source/artifacts/torqueshed-mobile/src/app/(tabs)/garage.tsx,quarantined-import,1,69,8230f99bb1141944e2cb219e7eb715a287316a1896138f4a7a6c00c1eb25b377,inventory only; see report for traced paths
apps/modules/torqueshed/source/artifacts/torqueshed-mobile/src/app/(tabs)/index.tsx,quarantined-import,1,67,691ae7be57af043ba5be1da6567237de31da3f26292a5239c83a68c02dd9d93a,inventory only; see report for traced paths
apps/modules/torqueshed/source/artifacts/torqueshed-mobile/src/app/(tabs)/market.tsx,quarantined-import,1,69,9b4544cadf20efef15fbec3ab2cab6b33e271dd09a4bcd736273873db7b3f10e,inventory only; see report for traced paths
apps/modules/torqueshed/source/artifacts/torqueshed-mobile/src/app/_layout.tsx,quarantined-import,16,567,9fd511fdedf52950f5842774f392e8d48de683dfe47c8199d3d34887a645af77,inventory only; see report for traced paths
apps/modules/torqueshed/source/artifacts/torqueshed-mobile/src/app/sso.tsx,quarantined-import,48,2918,d8f4402bf412b1bdb1f811aed545963b76f8656e070d94261ededc50f6ca2a9b,inventory only; see report for traced paths
apps/modules/torqueshed/source/artifacts/torqueshed-mobile/src/components/Screens.tsx,quarantined-import,96,19681,d3460c7ef438cfd0355f8d878770a273a3fc4e5ddf2b291c435fdd83e50c3abc,inventory only; see report for traced paths
apps/modules/torqueshed/source/artifacts/torqueshed-mobile/src/components/Shell.tsx,quarantined-import,44,3720,24fa97240372490527bc776b5d4b0794bfcc0cb5e63cb0004d97f17ab0d66630,inventory only; see report for traced paths
apps/modules/torqueshed/source/artifacts/torqueshed-mobile/src/lib/auth.tsx,quarantined-import,89,3289,f436abb150e480e58359f090f4245422129ccc759ea1f3162e826645b5de58bd,inventory only; see report for traced paths
apps/modules/torqueshed/source/artifacts/torqueshed-mobile/src/lib/theme.ts,quarantined-import,15,605,66b1922f3ff50d703536589a5c7beddc1d89b397569a6263835da7283914a2e1,inventory only; see report for traced paths
apps/modules/torqueshed/source/artifacts/torqueshed/src/App (1).tsx,quarantined-import,48,1479,fe101e71f304040d24a288efac81f9ac9e7bad681df75181a064985ef470d9df,inventory only; see report for traced paths
apps/modules/torqueshed/source/artifacts/torqueshed/src/App.tsx,quarantined-import,52,1693,3865bbb0e6af861772b8db2b51f4f070a580b3cdee813733014f9c1f7b6d2bba,inventory only; see report for traced paths
apps/modules/torqueshed/source/artifacts/torqueshed/src/components/ui/accordion.tsx,quarantined-import,55,2056,fff47c151b7b1beedd3cdd38f1bb80b28b0152a7d4e323a50b519471dba5206c,inventory only; see report for traced paths
apps/modules/torqueshed/source/artifacts/torqueshed/src/components/ui/alert-dialog.tsx,quarantined-import,139,4558,954aa5d2030eac91726054666e81113f22a709fc3d2786e5e6907384ede58dc3,inventory only; see report for traced paths
apps/modules/torqueshed/source/artifacts/torqueshed/src/components/ui/alert.tsx,quarantined-import,59,1657,dfac5998c66e5651323d913a1a3d4548e9a3cad94819950e0f6ab36c6ea92c15,inventory only; see report for traced paths
apps/modules/torqueshed/source/artifacts/torqueshed/src/components/ui/aspect-ratio.tsx,quarantined-import,5,145,62f29cd87c19f52d403dc2d17823849db2c8cbd541c9f96de20ef13e58d379db,inventory only; see report for traced paths
apps/modules/torqueshed/source/artifacts/torqueshed/src/components/ui/avatar.tsx,quarantined-import,50,1469,4ee6fbff6d693bf5b76f1b30e4cd55de6c6343c46a51e636c3e3b8a911fa7ec0,inventory only; see report for traced paths
apps/modules/torqueshed/source/artifacts/torqueshed/src/components/ui/badge.tsx,quarantined-import,43,1565,8e1871d6160d067a687beb25f850fa12dfc30d19356fdaa27ae6f7fd17e1fe02,inventory only; see report for traced paths
apps/modules/torqueshed/source/artifacts/torqueshed/src/components/ui/breadcrumb.tsx,quarantined-import,115,2827,76807d2c1be3d1e5e0e055ffbecd8451acfc71db6a7aa3c8660631d7603d517f,inventory only; see report for traced paths
apps/modules/torqueshed/source/artifacts/torqueshed/src/components/ui/button-group.tsx,quarantined-import,83,2292,f42ab464f85e682be5dd43e069543ddfbc0938d856665304092a5eba3d4cd0c9,inventory only; see report for traced paths
apps/modules/torqueshed/source/artifacts/torqueshed/src/components/ui/button.tsx,quarantined-import,65,2421,d0a176bc30348fb86aa581029fe6091db105aca2e372fd12a5fb98b3606a073b,inventory only; see report for traced paths
apps/modules/torqueshed/source/artifacts/torqueshed/src/components/ui/calendar.tsx,quarantined-import,213,7782,c95bd7c60cd25365707126852c718ea6ebdd1be2c487cb7c5d88e4be14ad4634,inventory only; see report for traced paths
apps/modules/torqueshed/source/artifacts/torqueshed/src/components/ui/card.tsx,quarantined-import,76,1904,c58a39198aab485b7bec9dde033dca0b25be3fce06c00a101c2561dceff775a1,inventory only; see report for traced paths
apps/modules/torqueshed/source/artifacts/torqueshed/src/components/ui/carousel.tsx,quarantined-import,260,6470,d48a52f0bc5161c47ee818c88bebedea98c14742a1e4d3c76639a612ddbb376a,inventory only; see report for traced paths
apps/modules/torqueshed/source/artifacts/torqueshed/src/components/ui/chart.tsx,quarantined-import,367,11130,e38a709f24713b27f4fc90ddb140b90f784bb5dbfc81ae4c89f8b34b20bdfcc6,inventory only; see report for traced paths
apps/modules/torqueshed/source/artifacts/torqueshed/src/components/ui/checkbox.tsx,quarantined-import,28,1059,a90725bcc6583cbced083484e8051582284f5374acc1585e0a742f1c21925cad,inventory only; see report for traced paths
apps/modules/torqueshed/source/artifacts/torqueshed/src/components/ui/collapsible.tsx,quarantined-import,11,340,bc854800960ef4129d4679a7c4a6b5091e7038adc03698e4529d0c9b5af0d831,inventory only; see report for traced paths
apps/modules/torqueshed/source/artifacts/torqueshed/src/components/ui/command.tsx,quarantined-import,153,5040,65332ac050fabef0c860273d8d97be14a6a33b8d3b7cfb1599aded26622f0246,inventory only; see report for traced paths
apps/modules/torqueshed/source/artifacts/torqueshed/src/components/ui/context-menu.tsx,quarantined-import,198,7604,f875c1dc21224f223d27962338e983589c014a6980bd03c5f1b651ebb7471345,inventory only; see report for traced paths
apps/modules/torqueshed/source/artifacts/torqueshed/src/components/ui/dialog.tsx,quarantined-import,120,3955,8a4215777ab3e381c840c0708818dbf4799d6fe3ba44f39cbae0da0b3e0bcab1,inventory only; see report for traced paths
apps/modules/torqueshed/source/artifacts/torqueshed/src/components/ui/drawer.tsx,quarantined-import,116,3123,9710f71dcf19d52d2e757ea2f364a03b4bd4546161f4bbebfdd8a829a382748a,inventory only; see report for traced paths
apps/modules/torqueshed/source/artifacts/torqueshed/src/components/ui/dropdown-menu.tsx,quarantined-import,201,7807,8d02514fbfde8abddd519887fa2332fe151428f54c0f46d07466e77a49b2b70f,inventory only; see report for traced paths
apps/modules/torqueshed/source/artifacts/torqueshed/src/components/ui/empty.tsx,quarantined-import,104,2500,954873c4438f866bc417e36f7745000c16a8851b59609bdc310bb027c2918953,inventory only; see report for traced paths
apps/modules/torqueshed/source/artifacts/torqueshed/src/components/ui/field.tsx,quarantined-import,244,6288,a4808670f918794e5402bf9753e9009a75a29868a1f9ff4f399260a0a3513381,inventory only; see report for traced paths
apps/modules/torqueshed/source/artifacts/torqueshed/src/components/ui/form.tsx,quarantined-import,176,4351,377975a4e6a9da67a52d097d59a03a398e9023a45cd5a5cc79de25b6bb6a4a92,inventory only; see report for traced paths
apps/modules/torqueshed/source/artifacts/torqueshed/src/components/ui/hover-card.tsx,quarantined-import,27,1264,7bef587e8c6ff88faae02c1dc58572a794f88950459edb4a409070f5ef7bc290,inventory only; see report for traced paths
apps/modules/torqueshed/source/artifacts/torqueshed/src/components/ui/input-group.tsx,quarantined-import,168,5139,6d7a49acb2cbb08a0abb911f41deb0d097d2b1a1a8647959c5ebbd4fe37aaa75,inventory only; see report for traced paths
apps/modules/torqueshed/source/artifacts/torqueshed/src/components/ui/input-otp.tsx,quarantined-import,69,2212,d7699cf34d1a4cfd88c3da711cf6a193cd72e1f5b0ffc6b392fe9f35d0125f29,inventory only; see report for traced paths
apps/modules/torqueshed/source/artifacts/torqueshed/src/components/ui/input.tsx,quarantined-import,22,790,cacc180f0367350b3fe134949e04a562e027878131faadabeb300148c6cd84fb,inventory only; see report for traced paths
apps/modules/torqueshed/source/artifacts/torqueshed/src/components/ui/item.tsx,quarantined-import,193,4687,f93d19a3e63b621b16d8ffaabb531c10b3b5611153e14079a187a9d76a78fab8,inventory only; see report for traced paths
apps/modules/torqueshed/source/artifacts/torqueshed/src/components/ui/kbd.tsx,quarantined-import,28,890,dd4b76a2c84f23bb410a1361c8355332ad8d0e99bc348cec8fd626c26c50540c,inventory only; see report for traced paths
apps/modules/torqueshed/source/artifacts/torqueshed/src/components/ui/label.tsx,quarantined-import,26,750,8253ee4179284de5d037eee03b55f4499b04ff41ddfa60b3176ea28d4bdc301c,inventory only; see report for traced paths
apps/modules/torqueshed/source/artifacts/torqueshed/src/components/ui/menubar.tsx,quarantined-import,254,8862,95dff8f7a917b42de3f413df3c5f7615cf158ae4ed9129642eff59ba9d352d0c,inventory only; see report for traced paths
apps/modules/torqueshed/source/artifacts/torqueshed/src/components/ui/navigation-menu.tsx,quarantined-import,128,5252,f8ba72ac1edf867f20e940b5b99212d98ebd7d5a2132eaf6a98130209080bb2e,inventory only; see report for traced paths
apps/modules/torqueshed/source/artifacts/torqueshed/src/components/ui/pagination.tsx,quarantined-import,117,2868,e3cc6dfb9d84cf94a00b1c61e188ff19ab9cc5558ef046944d90bd6e2de55d31,inventory only; see report for traced paths
apps/modules/torqueshed/source/artifacts/torqueshed/src/components/ui/popover.tsx,quarantined-import,31,1373,c700d123e6729b734ac3b13a44947d2ef9180b56dc9a72e8a1768ea8b943bc93,inventory only; see report for traced paths
apps/modules/torqueshed/source/artifacts/torqueshed/src/components/ui/progress.tsx,quarantined-import,28,820,0e52f6bdff8b18385effd7845819cbe78fbe565e76509c08d9e072ddd474c566,inventory only; see report for traced paths
apps/modules/torqueshed/source/artifacts/torqueshed/src/components/ui/radio-group.tsx,quarantined-import,42,1452,7fe8ffedbabac6b82d277b086b774f9ee57d9184d1ab13452d77ceda489c5c99,inventory only; see report for traced paths
apps/modules/torqueshed/source/artifacts/torqueshed/src/components/ui/resizable.tsx,quarantined-import,45,1768,bbb236cf580525f2f1f7e40404d34c03cf806c02eee8404891f72fcf5034ec31,inventory only; see report for traced paths
apps/modules/torqueshed/source/artifacts/torqueshed/src/components/ui/scroll-area.tsx,quarantined-import,46,1688,5bbf2efc963f2a62d9f9d41fdf2a96f798ad409ee2a1fdb1fe51da947d882dc7,inventory only; see report for traced paths
apps/modules/torqueshed/source/artifacts/torqueshed/src/components/ui/select.tsx,quarantined-import,159,5904,41c332da1a05575ee9f45650301efcdaa62b01b237c831d779ab23f034f535c7,inventory only; see report for traced paths
apps/modules/torqueshed/source/artifacts/torqueshed/src/components/ui/separator.tsx,quarantined-import,29,785,1e2f9c2eab409bf25614f4e0b495b9a67646e92a0a7d1a033afaada64fdb1b78,inventory only; see report for traced paths
apps/modules/torqueshed/source/artifacts/torqueshed/src/components/ui/sheet.tsx,quarantined-import,140,4420,72edc44a754350bb77fcd9bfd621f3b8b98fba5e85aa72d7555912b1e2ea6faf,inventory only; see report for traced paths
apps/modules/torqueshed/source/artifacts/torqueshed/src/components/ui/sidebar.tsx,quarantined-import,727,22573,3a36ba9f139af5708d6aa1f0fc620085e4b2e9fcc1e58e35ee1933a0c9ac07ce,inventory only; see report for traced paths
apps/modules/torqueshed/source/artifacts/torqueshed/src/components/ui/skeleton.tsx,quarantined-import,15,281,91e3bb69a8b91319442ae4aa4203407044b90bd43703c3aa8f011d43f844fe43,inventory only; see report for traced paths
apps/modules/torqueshed/source/artifacts/torqueshed/src/components/ui/slider.tsx,quarantined-import,26,1063,f2c30f700b5a8dfd342413ca266f7618b39dac0ca50e7101adefd0b68afb3478,inventory only; see report for traced paths
apps/modules/torqueshed/source/artifacts/torqueshed/src/components/ui/sonner.tsx,quarantined-import,31,925,16ab4f1f4c538f3991751b31c64d930b44a4d20caef51629ee13c3517db9a986,inventory only; see report for traced paths
apps/modules/torqueshed/source/artifacts/torqueshed/src/components/ui/spinner.tsx,quarantined-import,16,347,cbf9073613aed22ffd4ba21219adc1d1b8dce311d4280800f772b5eae587eeff,inventory only; see report for traced paths
apps/modules/torqueshed/source/artifacts/torqueshed/src/components/ui/switch.tsx,quarantined-import,27,1175,08711f3d92da7c10c8f84d30984870628331e66212fb9f618da24d1a803a4dee,inventory only; see report for traced paths
apps/modules/torqueshed/source/artifacts/torqueshed/src/components/ui/table.tsx,quarantined-import,120,2979,865e3fca4936c02b58beab4509abcb468449fd2ee2ebdc3aebdd23ee3bfd982b,inventory only; see report for traced paths
apps/modules/torqueshed/source/artifacts/torqueshed/src/components/ui/tabs.tsx,quarantined-import,53,1930,8134e14b016e1f3846640c2bc8a2c6438c289da6b8ce1d04362a101ef62d45a7,inventory only; see report for traced paths
apps/modules/torqueshed/source/artifacts/torqueshed/src/components/ui/textarea.tsx,quarantined-import,22,671,c3b95caa4b59e88f09752932dc93d289f9e3758fd0eff9b029f8e6d453dcea03,inventory only; see report for traced paths
apps/modules/torqueshed/source/artifacts/torqueshed/src/components/ui/toast.tsx,quarantined-import,127,4972,2da684420d53b7826485853a5f433bc794eb8a3fa3ca99db7cabb59974dfff38,inventory only; see report for traced paths
apps/modules/torqueshed/source/artifacts/torqueshed/src/components/ui/toaster.tsx,quarantined-import,33,805,d336e69dc56f72df1da448f1f39eedddb3b7e0dd0e5a69ca5be8db7acb32b7e4,inventory only; see report for traced paths
apps/modules/torqueshed/source/artifacts/torqueshed/src/components/ui/toggle-group.tsx,quarantined-import,61,1814,04c1ac2983a3b790295fae9a0c475b32c61d6c49954e65eb38b54fa9af09f9dc,inventory only; see report for traced paths
apps/modules/torqueshed/source/artifacts/torqueshed/src/components/ui/toggle.tsx,quarantined-import,43,1529,950f6552560c82c4f7c8ad15568acb0ce59ee6305afe8b2df92a0b4c60a1d478,inventory only; see report for traced paths
apps/modules/torqueshed/source/artifacts/torqueshed/src/components/ui/tooltip.tsx,quarantined-import,32,1299,f3b91d8e764ae4bf78e0bf44a62cd8ef2503a251a7824ee062f0cd864caffdf6,inventory only; see report for traced paths
apps/modules/torqueshed/source/artifacts/torqueshed/src/hooks/use-mobile.tsx,quarantined-import,19,584,d2377fbad5ad2bdf7fa896a68c36ac8bf4aa74a974b2061f77b41ae58d623001,inventory only; see report for traced paths
apps/modules/torqueshed/source/artifacts/torqueshed/src/hooks/use-toast.ts,quarantined-import,191,4086,52580e80b7d8e7dfc0eee27f3bc8dfa209e32fe8dc96b8e3e79ed61666348dd7,inventory only; see report for traced paths
apps/modules/torqueshed/source/artifacts/torqueshed/src/index (1).css,quarantined-import,417,41076,accf63ecbbc9c36c17c966fa72b9e6372ceb5ac9ab79183b486120e2d8eec62b,inventory only; see report for traced paths
apps/modules/torqueshed/source/artifacts/torqueshed/src/index.css,quarantined-import,460,45403,edb0430aab252210b441ed3f213007bcd8ed170934352e6100fea7b33b075d42,inventory only; see report for traced paths
apps/modules/torqueshed/source/artifacts/torqueshed/src/lib/utils.ts,quarantined-import,6,172,74a147991a119f1c4cdc25a4d9b22713632fa32eb136e55ab6939b006d71b9d6,inventory only; see report for traced paths
apps/modules/torqueshed/source/artifacts/torqueshed/src/main.tsx,quarantined-import,5,162,5df52f8fa0b617b6ff92334adc5551e01c4bf771c5a27c6abe58ad162c347b80,inventory only; see report for traced paths
apps/modules/torqueshed/source/artifacts/torqueshed/src/pages/not-found.tsx,quarantined-import,21,732,d6ce1dabff2cb0630606c8502200a8bb531b7aebb7c864d8863ef896df350dac,inventory only; see report for traced paths
apps/modules/torqueshed/source/artifacts/torqueshed/src/torqueshed-app (1).tsx,quarantined-import,422,32834,e18e6dcf68db7c8254729cef850bdaf2c6f293041996fb6ed426f32f0a07edd6,inventory only; see report for traced paths
apps/modules/torqueshed/source/artifacts/torqueshed/src/torqueshed-app.tsx,quarantined-import,734,53513,3f2656e3cf90410598a74c2480de8048000757c315e90ee09d273a8e5eaba5a2,inventory only; see report for traced paths
apps/modules/torqueshed/source/artifacts/torqueshed/vite (1).config.ts,quarantined-import,75,1836,d8ed95b4c6f240de23a4c32b85ba83f891d96309b8792f0ffd420aed955613aa,inventory only; see report for traced paths
apps/modules/torqueshed/source/artifacts/torqueshed/vite.config.ts,quarantined-import,63,1615,b8085f814f1e3bbbe7304a5d4d5d618aa21fa25d272f59a4e1ae0a0e57945cce,inventory only; see report for traced paths
apps/modules/torqueshed/source/lib/api-client-react/src/custom-fetch.ts,quarantined-import,371,11748,162976e9d0bb8860ff32b9c25e3126e947a0badd5af8f0be91d2f5d564423a26,inventory only; see report for traced paths
apps/modules/torqueshed/source/lib/api-client-react/src/generated/api.schemas.ts,quarantined-import,10,188,dfe3d552b0b7859763c8188902a3030e59f80959df83563c1d9af85f67734750,inventory only; see report for traced paths
apps/modules/torqueshed/source/lib/api-client-react/src/generated/api.ts,quarantined-import,101,2645,d073618cf084165e8472aa7224efc528aa66b159f39a3c98d3c12376e6e0b2bd,inventory only; see report for traced paths
apps/modules/torqueshed/source/lib/api-client-react/src/index.ts,quarantined-import,4,198,b3d4fdd4278127eaa4ee3c253b59ac636392f290459e44eb33dd2beaff4fcb5c,inventory only; see report for traced paths
apps/modules/torqueshed/source/lib/api-spec/orval.config.ts,quarantined-import,72,1875,4405fcf774d84ca551c4f39ac6f5ce009d2eda68119327be5b96077d534eed7b,inventory only; see report for traced paths
apps/modules/torqueshed/source/lib/api-zod/src/generated/api.ts,quarantined-import,16,312,0eca8f4fc301d00dc262eff7984ad3c1e012fd13ed04aa22d7854bed6892e2d6,inventory only; see report for traced paths
apps/modules/torqueshed/source/lib/api-zod/src/generated/types/healthStatus.ts,quarantined-import,11,190,dea88fa6850d4ccfe28d6d94152bb170acaeb21053aced7fe0a874d47e9c5f3b,inventory only; see report for traced paths
apps/modules/torqueshed/source/lib/api-zod/src/generated/types/index.ts,quarantined-import,9,168,c9f735b339e093bc85087526b7b154a2448fbee89cdfcba6445db04946845346,inventory only; see report for traced paths
apps/modules/torqueshed/source/lib/api-zod/src/index.ts,quarantined-import,2,70,89699bd2b0a25ca0b01a66c59639489e641f63060c4f0fe2747f4c20a6ef9141,inventory only; see report for traced paths
apps/modules/torqueshed/source/lib/db/drizzle (1).config.ts,quarantined-import,14,366,fe5188330c72c0f21a8a5b5f0caccbf8e434ad2f2640bffbcf70655ff98a9b36,inventory only; see report for traced paths
apps/modules/torqueshed/source/lib/db/drizzle.config.ts,quarantined-import,14,335,c2bcc37c0b4ec70fcf037518a42ddf0051ebfbb07d27de2c5513e1e5f2770667,inventory only; see report for traced paths
apps/modules/torqueshed/source/lib/db/drizzle/0000_orange_guardian.sql,quarantined-import,498,31266,d8d74f08fa25f20e314fb3b00d93c13ff08e0139665c0411db42b724bf993335,inventory only; see report for traced paths
apps/modules/torqueshed/source/lib/db/drizzle/0001_heavy_gargoyle.sql,quarantined-import,2,212,8874309958d5ee8ca570dde4eeff99df17bb859be1a8ce9ae2ea56d5a114c82a,inventory only; see report for traced paths
apps/modules/torqueshed/source/lib/db/src/index.ts,quarantined-import,16,432,fce8835334260a94de751c8c586eb1141348aaa143bb2a711a46b6ea5520b83e,inventory only; see report for traced paths
apps/modules/torqueshed/source/lib/db/src/schema/identity.ts,quarantined-import,65,2131,c141aeb743832030188a99500c57736b082213325ac6a26ac5da2af722061df1,inventory only; see report for traced paths
apps/modules/torqueshed/source/lib/db/src/schema/index (1).ts,quarantined-import,83,2859,5c613791c387549242af6d297f6a5d6025e2153cc0295d21b46ec8035f57b2c3,inventory only; see report for traced paths
apps/modules/torqueshed/source/lib/db/src/schema/index.ts,quarantined-import,2,57,907538a1761b8ee3cdaa6e3a2b7da82cc7a08e95f0227deaea71c9331a702927,inventory only; see report for traced paths
apps/modules/torqueshed/source/lib/db/src/schema/product.ts,quarantined-import,634,23130,42906777c1bea7fd40c3426ba4552f0cdb31dfdca3301cc6f26c9dc1ab9956e0,inventory only; see report for traced paths
apps/modules/torqueshed/source/scripts/enforce-pnpm.mjs,quarantined-import,9,250,0711acdd1127811a95954fe01036c6fbb61483b4198eec286c6c4a4194ae7be8,inventory only; see report for traced paths
apps/modules/torqueshed/source/scripts/post-merge.sh,quarantined-import,4,76,482bb77382d90ec72e3e6a4172ccb0b0811d466f3e3f7b0f71f79b37940c4662,inventory only; see report for traced paths
apps/modules/torqueshed/source/scripts/src/hello.ts,quarantined-import,1,47,867b8e4cd892bd51bf01ca72884a70d28750b5d475b38d060f0721a18c2553fa,inventory only; see report for traced paths
apps/modules/torqueshed/source/tests/torqueshed.e2e.test.ts,quarantined-import,291,13361,1c073b9f8957ff857db28b58ff4f893497081d87e78b8c5fa1104cda2639aeda,inventory only; see report for traced paths
apps/modules/tradeflowkit/adapter.ts,quarantined-import,127,4690,f7a8a4233a0e808a86cf7fc78ed13ca74041efc9770ebe71bc9e45459e468f5a,inventory only; see report for traced paths
apps/modules/tradeflowkit/source/client/public/sw.js,quarantined-import,82,2578,3556e93a9c952c969fd7475a57411e76d32bda4fe2b93066e8cbc43870d22ea7,inventory only; see report for traced paths
apps/modules/tradeflowkit/source/client/src/App.tsx,quarantined-import,182,8038,61971806a922c1e86f31c5676cdba280253445c2e46c520190e97132e0ec9bfe,inventory only; see report for traced paths
apps/modules/tradeflowkit/source/client/src/components/app-sidebar.tsx,quarantined-import,232,8697,d5ad5b37096cc5ae0afe5cf4295a9486074d07df6dbed37d2b082cdd947a1f74,inventory only; see report for traced paths
apps/modules/tradeflowkit/source/client/src/components/bulk-action-bar.tsx,quarantined-import,30,1132,6c94a245e1a61dd416d2c510483bf439bcac0cee4c618b130fbeb750c8007901,inventory only; see report for traced paths
apps/modules/tradeflowkit/source/client/src/components/call-recovery/AdminSettingsTab.tsx,quarantined-import,154,6634,4937151936fff480300a2800e8638f7025dce6c19360932685d89be49bb9a6b7,inventory only; see report for traced paths
apps/modules/tradeflowkit/source/client/src/components/call-recovery/AnalyticsCard.tsx,quarantined-import,96,4809,9a8757bf16113d678246d7625c38c8b8d7aee919a47f539d8bc804776b54ab3e,inventory only; see report for traced paths
apps/modules/tradeflowkit/source/client/src/components/call-recovery/ConversationSheet.tsx,quarantined-import,99,4043,67695027816e249478438413e9c68b4bbaa422e4c5e0cbc4e7fd27238fd3d9b7,inventory only; see report for traced paths
apps/modules/tradeflowkit/source/client/src/components/call-recovery/DashboardPage.tsx,quarantined-import,60,2105,a49505608c489f7be44b67bcb467a13bf29e0271f2080fc4b44de744444ca3cf,inventory only; see report for traced paths
apps/modules/tradeflowkit/source/client/src/components/call-recovery/MissedCallsList.tsx,quarantined-import,129,6099,b0b8c6ac201597afaf385b9be7f20d8efa1a27d0c8f1cbb7fac1dd5406f3f574,inventory only; see report for traced paths
apps/modules/tradeflowkit/source/client/src/components/call-recovery/PlanCard.tsx,quarantined-import,80,3382,8c6decbb5d3d71f5171b59ba30935cb3e88883910e5b12ff2c0ff95a3fceba9a,inventory only; see report for traced paths
apps/modules/tradeflowkit/source/client/src/components/call-recovery/SetupTab.tsx,quarantined-import,141,6697,5d01f8d28ff1320ad7fd22cd2fccdc59da5e3a8d5b6ca2454f1a460e6de18221,inventory only; see report for traced paths
apps/modules/tradeflowkit/source/client/src/components/call-recovery/StatusBadge.tsx,quarantined-import,12,408,314b03a0292f38d02ae6a7a626c25c319e80235a0055ae8999f584fd860ace2e,inventory only; see report for traced paths
apps/modules/tradeflowkit/source/client/src/components/call-recovery/UpgradePage.tsx,quarantined-import,149,6234,1865514953c086d59d9e07192655bdc4b3047cecb9d9371435f614e186494aa7,inventory only; see report for traced paths
apps/modules/tradeflowkit/source/client/src/components/call-recovery/types.ts,quarantined-import,109,3782,1fec659afe0244d1f32984872b31ebb9553d9f96189f274c1a249ff415921154,inventory only; see report for traced paths
apps/modules/tradeflowkit/source/client/src/components/command-palette.tsx,quarantined-import,226,7820,1d58c388a12a674975e3fb31a20b09d0aae4939de6f352520b0d5d483fc22605,inventory only; see report for traced paths
apps/modules/tradeflowkit/source/client/src/components/csv-import-dialog.tsx,quarantined-import,347,12856,f03d013e72d2d28cce8b533fad5c244d1c7626aa520283bb180533c011f5f77e,inventory only; see report for traced paths
apps/modules/tradeflowkit/source/client/src/components/customer-activity-timeline.tsx,quarantined-import,240,8378,513c46995f4fba2c1fc44ccce99a727ec86f9157960bbeeee831dca9d0fcf2aa,inventory only; see report for traced paths
apps/modules/tradeflowkit/source/client/src/components/dashboard/activity-feed.tsx,quarantined-import,55,2089,336a5a1abb235df1d30878d12a1e50b3f483bcf6c7454ed82620a42c8c468d9a,inventory only; see report for traced paths
apps/modules/tradeflowkit/source/client/src/components/dashboard/quick-actions.tsx,quarantined-import,28,1161,d74fe376b07aeeca52517c2f80c1d370cb1c712c2eb60b4bd12d0dcd3a535312,inventory only; see report for traced paths
apps/modules/tradeflowkit/source/client/src/components/dashboard/revenue-chart.tsx,quarantined-import,72,2155,c0529f572a93adc84a5974484c4fe66995ebacca8f70383ce66fe2bcef3be59d,inventory only; see report for traced paths
apps/modules/tradeflowkit/source/client/src/components/data-table.tsx,quarantined-import,268,9221,3a00bd14add2aed9795dc615335a5d576634bbbf3b2990cd8e6460ba54587734,inventory only; see report for traced paths
apps/modules/tradeflowkit/source/client/src/components/ecosystem-section.tsx,quarantined-import,94,4715,9c05bf053aaa9a2ae21b75537fd2eca7b4a3df8c218c5edc8b5ffc2b3b2c3772,inventory only; see report for traced paths
apps/modules/tradeflowkit/source/client/src/components/email-dialog.tsx,quarantined-import,179,6309,292296f499a0cd0fa01363763034e3a670aad7207f92a7f0cf1dc00b40e30a2a,inventory only; see report for traced paths
apps/modules/tradeflowkit/source/client/src/components/empty-state.tsx,quarantined-import,35,1025,a114ede45d18e10ac7fdf990b1d5b0ce4161cceebe3af1a0fc02ccba3716955b,inventory only; see report for traced paths
apps/modules/tradeflowkit/source/client/src/components/jobs/kanban-board.tsx,quarantined-import,241,8383,fb59f6fa87b15d2da0d1baba48583ee86d4c6838c4afca83cb988d42bed7a51c,inventory only; see report for traced paths
apps/modules/tradeflowkit/source/client/src/components/landing/auth-modal.tsx,quarantined-import,312,12660,f1f724ffafc694aa6858ef273ee4de444cb1f1cdda33661bab55151c88e8b13a,inventory only; see report for traced paths
apps/modules/tradeflowkit/source/client/src/components/mobile-action-bar.tsx,quarantined-import,38,1022,847039197d2c912bd890a47e91014a9dc1e820f9451397f5c7329b4eef057799,inventory only; see report for traced paths
apps/modules/tradeflowkit/source/client/src/components/mobile-bottom-nav.tsx,quarantined-import,52,2003,f7a69e6f3d04abad0a13b843a2e9fd5444e08d65beee91f9845f102f41d806f1,inventory only; see report for traced paths
apps/modules/tradeflowkit/source/client/src/components/page-header.tsx,quarantined-import,24,952,f9243a85044b4c8f53d8d4734f5d40a035d69e030cfba1f1f7d864ed0030541f,inventory only; see report for traced paths
apps/modules/tradeflowkit/source/client/src/components/pdf/InvoicePdf.tsx,quarantined-import,185,9369,57431ce90c54fab654f6d6c55be2cdbd9ea1bcee2209fd6225f594c6132a224a,inventory only; see report for traced paths
apps/modules/tradeflowkit/source/client/src/components/pdf/PdfDownloadButton.tsx,quarantined-import,77,2108,2c490838a8d65e2acbedb9c2289f4c710a5944b2da99e3f983accf4bc3284560,inventory only; see report for traced paths
apps/modules/tradeflowkit/source/client/src/components/pdf/QuotePdf.tsx,quarantined-import,159,7856,7b9c65e82da9d21104b8dc117b011c5a94a501be181c55c0b26aa0fdf7e60815,inventory only; see report for traced paths
apps/modules/tradeflowkit/source/client/src/components/pwa-install-banner.tsx,quarantined-import,105,3691,d2f886e1a704419468f9788d6472a97cea019cd75d4a17dc98944af03dc99f46,inventory only; see report for traced paths
apps/modules/tradeflowkit/source/client/src/components/shortcuts-help.tsx,quarantined-import,102,3474,7abf81fef7b193feac48f144e584ac2cc4a8428a59259f04b73f847683abda84,inventory only; see report for traced paths
apps/modules/tradeflowkit/source/client/src/components/stat-card.tsx,quarantined-import,42,1684,29c47bb0883af6effa9955efdf5783dcd9e84316f01818d885d886e688b52f72,inventory only; see report for traced paths
apps/modules/tradeflowkit/source/client/src/components/status-badge.tsx,quarantined-import,46,1765,21ff0296b7fed068c4b8e8d7160865ffa4427da4d06b2707e4099d310d042f63,inventory only; see report for traced paths
apps/modules/tradeflowkit/source/client/src/components/ui/accordion.tsx,quarantined-import,56,2033,ec30822a5aa2e45d1e249a99f473fa12a35b2c466993d571239466f622062eff,inventory only; see report for traced paths
apps/modules/tradeflowkit/source/client/src/components/ui/alert-dialog.tsx,quarantined-import,139,4559,938870c65894f35eefcd4723e28fa5408d1332b783768900350780800161b7ab,inventory only; see report for traced paths
apps/modules/tradeflowkit/source/client/src/components/ui/alert.tsx,quarantined-import,59,1643,1aaba23c7a1095f7abea7c9f6ce12a43c22bb8f97e957c9cae222666e0c8be83,inventory only; see report for traced paths
apps/modules/tradeflowkit/source/client/src/components/ui/aspect-ratio.tsx,quarantined-import,5,145,62f29cd87c19f52d403dc2d17823849db2c8cbd541c9f96de20ef13e58d379db,inventory only; see report for traced paths
apps/modules/tradeflowkit/source/client/src/components/ui/avatar.tsx,quarantined-import,51,1643,b5721fcdb7a6970d7914c46af2fc04271e1ddc588975fae33d85a882f4d68129,inventory only; see report for traced paths
apps/modules/tradeflowkit/source/client/src/components/ui/badge.tsx,quarantined-import,38,1240,440c15d298be41c6ea0b9047238d04e8318ec14649b40a08a7585e1b875a5d15,inventory only; see report for traced paths
apps/modules/tradeflowkit/source/client/src/components/ui/breadcrumb.tsx,quarantined-import,115,2827,76807d2c1be3d1e5e0e055ffbecd8451acfc71db6a7aa3c8660631d7603d517f,inventory only; see report for traced paths
apps/modules/tradeflowkit/source/client/src/components/ui/button.tsx,quarantined-import,62,2421,2612300e2cee856b13955515bc2d6bafbbcbcde8cb9dee33cbe516b3934a070e,inventory only; see report for traced paths
apps/modules/tradeflowkit/source/client/src/components/ui/calendar.tsx,quarantined-import,68,2763,bd9df47ec3903c7b91e83ba2a759a4eab014aef7c11c5908b952391d976d1275,inventory only; see report for traced paths
apps/modules/tradeflowkit/source/client/src/components/ui/card.tsx,quarantined-import,85,1989,273d56163b96af72be78bf573e2e54f4d16243d0695c052a85f9e5c376091601,inventory only; see report for traced paths
apps/modules/tradeflowkit/source/client/src/components/ui/carousel.tsx,quarantined-import,260,6470,d48a52f0bc5161c47ee818c88bebedea98c14742a1e4d3c76639a612ddbb376a,inventory only; see report for traced paths
apps/modules/tradeflowkit/source/client/src/components/ui/chart.tsx,quarantined-import,365,10846,eab9c3a74a9e97aad44af978604e018cb2ff3a79445347aca4f2af40d48aac19,inventory only; see report for traced paths
apps/modules/tradeflowkit/source/client/src/components/ui/checkbox.tsx,quarantined-import,28,1084,8fe06fca3f25a01e2ecf407f258a730580ffd07515efa30acbbe0ffbe4571383,inventory only; see report for traced paths
apps/modules/tradeflowkit/source/client/src/components/ui/collapsible.tsx,quarantined-import,11,340,bc854800960ef4129d4679a7c4a6b5091e7038adc03698e4529d0c9b5af0d831,inventory only; see report for traced paths
apps/modules/tradeflowkit/source/client/src/components/ui/command.tsx,quarantined-import,151,5036,78592bb671847c7b42ee1cba37998602c84d2188845c7bdc8fbdccd2d36ac29b,inventory only; see report for traced paths
apps/modules/tradeflowkit/source/client/src/components/ui/context-menu.tsx,quarantined-import,198,7626,4859019ad56c4d450f7daebb7e947867495539a194502acb9cef023c7de90184,inventory only; see report for traced paths
apps/modules/tradeflowkit/source/client/src/components/ui/dialog.tsx,quarantined-import,122,3970,fcfbab9497211911a8bb854983bf3975bfcc19ff4cb1ca0b136a445438f06ccf,inventory only; see report for traced paths
apps/modules/tradeflowkit/source/client/src/components/ui/drawer.tsx,quarantined-import,118,3139,98895f2b716a0a0b60e372811640b3b3b48295e0a67aebbd01de9843a391f6e1,inventory only; see report for traced paths
apps/modules/tradeflowkit/source/client/src/components/ui/dropdown-menu.tsx,quarantined-import,198,7807,8602f520062a2751ca88e4cfe88aea9632d19539efd1d8a7f29fb52ce413eaf3,inventory only; see report for traced paths
apps/modules/tradeflowkit/source/client/src/components/ui/form.tsx,quarantined-import,178,4298,a80b39038485dff70cd9a7c2287676d8122a033784e851d958dee2020fc54efc,inventory only; see report for traced paths
apps/modules/tradeflowkit/source/client/src/components/ui/hover-card.tsx,quarantined-import,29,1280,7605fd8868dd43b6400f274f4e36d02af46476a37423b6781814070cf839c8bf,inventory only; see report for traced paths
apps/modules/tradeflowkit/source/client/src/components/ui/input-otp.tsx,quarantined-import,69,2223,2ee885a5810101b04bcf296775ba3607dd1b22a4ba03ea2a9bc9e809134b3f77,inventory only; see report for traced paths
apps/modules/tradeflowkit/source/client/src/components/ui/input.tsx,quarantined-import,23,867,62781ad35d8bd17775f11f3c30059987e50065bb8ce29fa4c1867435e51e8b52,inventory only; see report for traced paths
apps/modules/tradeflowkit/source/client/src/components/ui/label.tsx,quarantined-import,24,734,ece819598d95360af8aedf36d90be41a93af49797240a6d6a69181180b095a76,inventory only; see report for traced paths
apps/modules/tradeflowkit/source/client/src/components/ui/menubar.tsx,quarantined-import,256,8861,9aac3cf4f2d0fae4119eea157d99213d688211662859bcbf6d8af95803d06f1a,inventory only; see report for traced paths
apps/modules/tradeflowkit/source/client/src/components/ui/navigation-menu.tsx,quarantined-import,128,5256,e604019198acde672086f0b79a894486fa52e684c4a25959a29806227dcdab25,inventory only; see report for traced paths
apps/modules/tradeflowkit/source/client/src/components/ui/pagination.tsx,quarantined-import,117,2868,7f9821730c7eea34c32da11aa82185d3db1d36f9d476fa9d5ae14765c35a6fc8,inventory only; see report for traced paths
apps/modules/tradeflowkit/source/client/src/components/ui/popover.tsx,quarantined-import,29,1309,b8418994c90487d7ce695379956c770ce1266c5755ec8b323a92759d0cc293a6,inventory only; see report for traced paths
apps/modules/tradeflowkit/source/client/src/components/ui/progress.tsx,quarantined-import,28,819,db85995906f690fd4ba684608effd177522cfbdce80cb9a501aed16e5a13f72f,inventory only; see report for traced paths
apps/modules/tradeflowkit/source/client/src/components/ui/radio-group.tsx,quarantined-import,42,1509,e67b5ffbd1727e873ca9b2593a7e798328b1d4ef20f507d8379aea3fe69abe93,inventory only; see report for traced paths
apps/modules/tradeflowkit/source/client/src/components/ui/resizable.tsx,quarantined-import,45,1768,bbb236cf580525f2f1f7e40404d34c03cf806c02eee8404891f72fcf5034ec31,inventory only; see report for traced paths
apps/modules/tradeflowkit/source/client/src/components/ui/scroll-area.tsx,quarantined-import,46,1688,5bbf2efc963f2a62d9f9d41fdf2a96f798ad409ee2a1fdb1fe51da947d882dc7,inventory only; see report for traced paths
apps/modules/tradeflowkit/source/client/src/components/ui/select.tsx,quarantined-import,160,5901,cebfdbc028c7e9ba725031a07d3a77cfd7a3cd8e4560ea2030afefb6fa26d7bc,inventory only; see report for traced paths
apps/modules/tradeflowkit/source/client/src/components/ui/separator.tsx,quarantined-import,29,785,1e2f9c2eab409bf25614f4e0b495b9a67646e92a0a7d1a033afaada64fdb1b78,inventory only; see report for traced paths
apps/modules/tradeflowkit/source/client/src/components/ui/sheet.tsx,quarantined-import,140,4421,c02a18d6c73b21078ca394465b819b4cebeef60778c3bdcd3e1f818522981f0f,inventory only; see report for traced paths
apps/modules/tradeflowkit/source/client/src/components/ui/sidebar.tsx,quarantined-import,727,22573,3a36ba9f139af5708d6aa1f0fc620085e4b2e9fcc1e58e35ee1933a0c9ac07ce,inventory only; see report for traced paths
apps/modules/tradeflowkit/source/client/src/components/ui/skeleton.tsx,quarantined-import,15,276,90badf0dcd440128b81554c06d56c4f01b1ccf03748ca3adf7e4a41d611acddd,inventory only; see report for traced paths
apps/modules/tradeflowkit/source/client/src/components/ui/slider.tsx,quarantined-import,26,1103,234d9a3e9b62ce0266d580ce885d59b0b0648c6b833604a8fd7dd389ade95329,inventory only; see report for traced paths
apps/modules/tradeflowkit/source/client/src/components/ui/switch.tsx,quarantined-import,27,1166,9d3d144eb219caccadd9da0eab64f463f4f38fcc05f49f3d9b1438222ddce70f,inventory only; see report for traced paths
apps/modules/tradeflowkit/source/client/src/components/ui/table.tsx,quarantined-import,117,2882,54bfa4489e6dc84dceb294b63023bb352c6c446c019c67230ce6f1dac76e3713,inventory only; see report for traced paths
apps/modules/tradeflowkit/source/client/src/components/ui/tabs.tsx,quarantined-import,53,1936,cbcded04f856af28223e71674f1cf2c6b4e361a752d4d934f27117b3c990df96,inventory only; see report for traced paths
apps/modules/tradeflowkit/source/client/src/components/ui/textarea.tsx,quarantined-import,22,711,f05dce17b28f0fc4a10bc54231937f682f459f174d69c918b5540047901dd5dd,inventory only; see report for traced paths
apps/modules/tradeflowkit/source/client/src/components/ui/toast.tsx,quarantined-import,127,4972,2da684420d53b7826485853a5f433bc794eb8a3fa3ca99db7cabb59974dfff38,inventory only; see report for traced paths
apps/modules/tradeflowkit/source/client/src/components/ui/toaster.tsx,quarantined-import,33,805,d336e69dc56f72df1da448f1f39eedddb3b7e0dd0e5a69ca5be8db7acb32b7e4,inventory only; see report for traced paths
apps/modules/tradeflowkit/source/client/src/components/ui/toggle-group.tsx,quarantined-import,61,1814,04c1ac2983a3b790295fae9a0c475b32c61d6c49954e65eb38b54fa9af09f9dc,inventory only; see report for traced paths
apps/modules/tradeflowkit/source/client/src/components/ui/toggle.tsx,quarantined-import,43,1570,7d517849023df8ee638f36fab0a9fad885afdfe130a6c43f9bc6a2d957c0d8b0,inventory only; see report for traced paths
apps/modules/tradeflowkit/source/client/src/components/ui/tooltip.tsx,quarantined-import,30,1239,ad62a20f9b4265a885d08c45ac52e5d721be29f3426e30c700f781f9c7967066,inventory only; see report for traced paths
apps/modules/tradeflowkit/source/client/src/components/upgrade-dialog.tsx,quarantined-import,116,3897,a27545296a55dab2b39c2b0fe38923dddd02d762ddb5c677b72170fe50f0a4b1,inventory only; see report for traced paths
apps/modules/tradeflowkit/source/client/src/hooks/use-hotkey.ts,quarantined-import,66,2189,07942d3e26b70d69a3a681c30702c6871693dd29d26fec04fd64fe18974b70d7,inventory only; see report for traced paths
apps/modules/tradeflowkit/source/client/src/hooks/use-mobile.tsx,quarantined-import,19,584,d2377fbad5ad2bdf7fa896a68c36ac8bf4aa74a974b2061f77b41ae58d623001,inventory only; see report for traced paths
apps/modules/tradeflowkit/source/client/src/hooks/use-pwa-install.ts,quarantined-import,75,2337,51c220e6a3174321505713825bd9ddaa4f274c8fe0697bad4654697f9ef98085,inventory only; see report for traced paths
apps/modules/tradeflowkit/source/client/src/hooks/use-row-selection.ts,quarantined-import,60,1849,478a9b35b1974d76d93a96caa4e7deea82b7417d0136de6a1f4d6ea58ceca802,inventory only; see report for traced paths
apps/modules/tradeflowkit/source/client/src/hooks/use-toast.ts,quarantined-import,191,4086,52580e80b7d8e7dfc0eee27f3bc8dfa209e32fe8dc96b8e3e79ed61666348dd7,inventory only; see report for traced paths
apps/modules/tradeflowkit/source/client/src/index.css,quarantined-import,334,11917,4cc2c9b981960315525d9f7473bf718fa7e83f1fdc982f8c0d8d7dc3d8e1167d,inventory only; see report for traced paths
apps/modules/tradeflowkit/source/client/src/lib/auth.tsx,quarantined-import,191,5737,dc2c61f33963b4e076b1fb3ad948871356afdfb4f77423bc9c10755a88f7f443,inventory only; see report for traced paths
apps/modules/tradeflowkit/source/client/src/lib/csv.ts,quarantined-import,26,940,740620a63ee443997f30a57d2a4e6b862624de9e07bd401546afc37b539c99da,inventory only; see report for traced paths
apps/modules/tradeflowkit/source/client/src/lib/queryClient.ts,quarantined-import,109,3070,a186bac1a317f3aca19ead462bf5ecaf3a1dedddb69cadf20a4c2487a681d669,inventory only; see report for traced paths
apps/modules/tradeflowkit/source/client/src/lib/sso-notice.ts,quarantined-import,17,702,4d86df303ef0a5499384774a7892afdd0e9ec4ec55936f709251396669d198ad,inventory only; see report for traced paths
apps/modules/tradeflowkit/source/client/src/lib/utils.ts,quarantined-import,6,172,74a147991a119f1c4cdc25a4d9b22713632fa32eb136e55ab6939b006d71b9d6,inventory only; see report for traced paths
apps/modules/tradeflowkit/source/client/src/main.tsx,quarantined-import,27,891,81da65af7ecb65ff41ff7acf9b24e4c0e643b1946b0c006a93015fef2a192e9f,inventory only; see report for traced paths
apps/modules/tradeflowkit/source/client/src/pages/access-denied.tsx,quarantined-import,61,2412,9d177e8c667edd33488975ca758e058ee1d7faa5060f9eb020b9ecbae4cf6f38,inventory only; see report for traced paths
apps/modules/tradeflowkit/source/client/src/pages/admin.tsx,quarantined-import,542,22743,eb4936ee9b7ba3b0554618ac041d95e49be5935673fda2bf453e28b97ccd3d0f,inventory only; see report for traced paths
apps/modules/tradeflowkit/source/client/src/pages/analytics.tsx,quarantined-import,621,23847,b3ffad8ce75910f7bbdc2cf4cffd67cc4bde647e89ecfeb96affee3a103be0fb,inventory only; see report for traced paths
apps/modules/tradeflowkit/source/client/src/pages/auth-page.tsx,quarantined-import,659,33350,f20742cfa53a1b91c8839788d25161b4ed3abf005c903e58228aeada0cf6000c,inventory only; see report for traced paths
apps/modules/tradeflowkit/source/client/src/pages/call-recovery.tsx,quarantined-import,90,3474,e0d2e676a2e0a171b2bf9f3a1ad1238cbcd993406a397accafea1b5a131805f5,inventory only; see report for traced paths
apps/modules/tradeflowkit/source/client/src/pages/customer-detail.tsx,quarantined-import,629,27723,6ea3b8f05d6a8c9def4682c13d1013a393786849a7f21a7c3a0c1324aacab341,inventory only; see report for traced paths
apps/modules/tradeflowkit/source/client/src/pages/customer-portal.tsx,quarantined-import,223,10040,889b9e431f93ea983b18fd2fe587d99ecf76b38062b734312cac4df787dbf3c2,inventory only; see report for traced paths
apps/modules/tradeflowkit/source/client/src/pages/customers.tsx,quarantined-import,734,32563,80d54adf933882925e0352f6c7755fb5c2bfef0e3e046754aadf148ce3094a83,inventory only; see report for traced paths
apps/modules/tradeflowkit/source/client/src/pages/dashboard.tsx,quarantined-import,596,26289,af99151bfca701f707085ded13841d7be873e0e42d9010562b4a1d1c9d103f5e,inventory only; see report for traced paths
apps/modules/tradeflowkit/source/client/src/pages/delete-account.tsx,quarantined-import,129,5464,1320b79c77732847e8e0c8740b8231cd8e39e54178e38464e3800d71b04f664b,inventory only; see report for traced paths
apps/modules/tradeflowkit/source/client/src/pages/guide.tsx,quarantined-import,323,19987,3b4fb426071e10ec7cd1e1c863fc0eced8449b51e16d18d6a52106e7182a2824,inventory only; see report for traced paths
apps/modules/tradeflowkit/source/client/src/pages/invoice-detail.tsx,quarantined-import,587,25984,9ab4870da1ca5b572ed6b64c7c7230c7165853ad69d3766dbef69837c3799126,inventory only; see report for traced paths
apps/modules/tradeflowkit/source/client/src/pages/invoice-form.tsx,quarantined-import,403,16308,48bd7fb2d763c3d7d6ae60d6e1ae3cd60b3bf2172c068684678cd8f2ec7c9089,inventory only; see report for traced paths
apps/modules/tradeflowkit/source/client/src/pages/invoice-pay.tsx,quarantined-import,261,10363,9eb9538f11ef1c6a88ffa86b0f56689e28bbbd3f8e78c32a0217742831258b4c,inventory only; see report for traced paths
apps/modules/tradeflowkit/source/client/src/pages/invoices.tsx,quarantined-import,430,17745,9401544123a543ac041b00ec2ac670d6139bdbccb9cab2f86de297fb3aac0e87,inventory only; see report for traced paths
apps/modules/tradeflowkit/source/client/src/pages/job-detail.tsx,quarantined-import,722,30334,a6aead7fb74350f2df73fa090a3204911c211f975972034dad579039a56ace00,inventory only; see report for traced paths
apps/modules/tradeflowkit/source/client/src/pages/jobs.tsx,quarantined-import,719,30347,5b4ef32c26c2517337bb6edea05f429fe681e1614d4d3c1be4d8a43911bffbd0,inventory only; see report for traced paths
apps/modules/tradeflowkit/source/client/src/pages/leads.tsx,quarantined-import,3280,178170,fff6e1cfaf88214b197ff3429c36959da4efa87e8c131b38d95ac9e59666229e,inventory only; see report for traced paths
apps/modules/tradeflowkit/source/client/src/pages/not-found.tsx,quarantined-import,21,732,d6ce1dabff2cb0630606c8502200a8bb531b7aebb7c864d8863ef896df350dac,inventory only; see report for traced paths
apps/modules/tradeflowkit/source/client/src/pages/org-setup.tsx,quarantined-import,248,10371,6bee8cd4553fa0d00532fd73cba894658a173df2b51d3ca91a8af336b191ac0d,inventory only; see report for traced paths
apps/modules/tradeflowkit/source/client/src/pages/privacy.tsx,quarantined-import,80,4832,c339b0f739d81a9cce2fb1ea86d2a0eb5389d76164a2ce85bd125c471435ec89,inventory only; see report for traced paths
apps/modules/tradeflowkit/source/client/src/pages/quote-detail.tsx,quarantined-import,490,21185,da080291ba64a7e5f5e65c07c629ebcab39f20750af24fee54cafc5d5b7a1a32,inventory only; see report for traced paths
apps/modules/tradeflowkit/source/client/src/pages/quote-form.tsx,quarantined-import,400,16024,864531a1a837abfa0851f9579b62427ee4cc76914f12d8d1bc6a57a59a97d342,inventory only; see report for traced paths
apps/modules/tradeflowkit/source/client/src/pages/quote-view.tsx,quarantined-import,218,10174,628303402219f16d77e09d50f5abf38230de966298405a405ae89e2eb65a6a9f,inventory only; see report for traced paths
apps/modules/tradeflowkit/source/client/src/pages/quotes.tsx,quarantined-import,191,7094,36a5857ef3e963f44dde45ad8241c34d74a9f7d7a94468ab0ccb5cea95227716,inventory only; see report for traced paths
apps/modules/tradeflowkit/source/client/src/pages/settings.tsx,quarantined-import,139,5327,ef61fc3facec02fc5eeb473f1ea69426c54c3596a59926fe2f9726e328f24dfb,inventory only; see report for traced paths
apps/modules/tradeflowkit/source/client/src/pages/settings/audit.tsx,quarantined-import,814,30043,fb197193b4470460d1d51cb9537e5eebccc8eec44495d2f61259c72e03b8799d,inventory only; see report for traced paths
apps/modules/tradeflowkit/source/client/src/pages/settings/automations.tsx,quarantined-import,449,21523,f64359ca94c40e2785de8664e92585b0b679e9ec58f2317d037c74f36f1ffb9d,inventory only; see report for traced paths
apps/modules/tradeflowkit/source/client/src/pages/settings/billing.tsx,quarantined-import,197,8383,abab0721b77163f24786d5985e92ba1a0602295380c0753e59bc7af6dde8c926,inventory only; see report for traced paths
apps/modules/tradeflowkit/source/client/src/pages/settings/integrations.tsx,quarantined-import,124,5660,bf3061f5a8f25a6fea82f69203043ffd5605c1e465c73cb95a093faa3ee070a0,inventory only; see report for traced paths
apps/modules/tradeflowkit/source/client/src/pages/settings/organization.tsx,quarantined-import,508,20271,22077ee8fc759f1fd47faf28fe62715c2037ebeebc5611eec40f5c25ada029df,inventory only; see report for traced paths
apps/modules/tradeflowkit/source/client/src/pages/settings/payments.tsx,quarantined-import,163,8420,3aaaf903e98eab1483e4ca3c2a34f24d7e6f05e461301e5cb6974841f1a9a7a4,inventory only; see report for traced paths
apps/modules/tradeflowkit/source/client/src/pages/settings/profile.tsx,quarantined-import,157,6180,6ec63a780e386a2b3ac0390ec9de91f6120a55300b51d56fbebfb60708307282,inventory only; see report for traced paths
apps/modules/tradeflowkit/source/client/src/pages/settings/security.tsx,quarantined-import,332,13866,d9688bf10d23ed3b21c00dba2969d55572f72c15583094976a13f956892f1f05,inventory only; see report for traced paths
apps/modules/tradeflowkit/source/client/src/pages/settings/team.tsx,quarantined-import,229,9375,6c4e3f33ac7c1196257e8cda6e73d2d427d74b09ea42707dc476a0f295fe63fa,inventory only; see report for traced paths
apps/modules/tradeflowkit/source/client/src/pages/sms-consent.tsx,quarantined-import,165,9449,23ac94b3941238be3cdce5dca727b1227332263f0c1872fd4364d5c848fef90e,inventory only; see report for traced paths
apps/modules/tradeflowkit/source/client/src/pages/subscription.tsx,quarantined-import,453,19907,1ae0f6f83dd963424eb9e410de4e6e6666e7b05342cc98d926604ef419e85eef,inventory only; see report for traced paths
apps/modules/tradeflowkit/source/client/src/pages/terms.tsx,quarantined-import,142,8678,fc8c1f85e1555037163c8e85b310955b015e9aa930727d0c61a8917a17bf52c6,inventory only; see report for traced paths
apps/modules/tradeflowkit/source/client/src/pages/trash.tsx,quarantined-import,268,11704,73c0bbece0d21fbb9fae90dfd66920602d72c29c98250901bd858009a30f8a27,inventory only; see report for traced paths
apps/modules/tradeflowkit/source/client/src/vite-env.d.ts,quarantined-import,9,179,a84c3f8d4e03bf23d3bb3c90baa0cb453cc2c131499286b3fc4093fe37dcdbcf,inventory only; see report for traced paths
apps/modules/tradeflowkit/source/drizzle.config.ts,quarantined-import,15,370,890867582b15e8d8f1cc75fb70be9d45cd207c95559385a3fb76329e36adc13b,inventory only; see report for traced paths
apps/modules/tradeflowkit/source/e2e/helpers.ts,quarantined-import,135,3599,6d0396d8dd2f52be9c4a2042ae61522f6365ed4cf77d261332bdcfa2b09d2ff4,inventory only; see report for traced paths
apps/modules/tradeflowkit/source/e2e/invoice-stripe-payment.spec.ts,quarantined-import,102,4042,575b90b9f675c529d8e584bf76ab093f1485e79bd24ea4f9d7ff169050243233,inventory only; see report for traced paths
apps/modules/tradeflowkit/source/e2e/leads-smoke.spec.ts,quarantined-import,74,4571,e489966938fa5ced69adc9f83c3ca2d3f1c48a2c47e205d7b0188f665c7c6ba0,inventory only; see report for traced paths
apps/modules/tradeflowkit/source/e2e/public-views.spec.ts,quarantined-import,59,3146,abf48a4ae56e34ab6c16045ced4531bdab01f75ec6ab1078843c767bca10746f,inventory only; see report for traced paths
apps/modules/tradeflowkit/source/e2e/quote-email.spec.ts,quarantined-import,49,2154,c81567fa42ce326ad1ae264967a094450171ff3a1e28c77cf9f2feeac5240d8e,inventory only; see report for traced paths
apps/modules/tradeflowkit/source/e2e/quote-to-invoice.spec.ts,quarantined-import,39,1844,ec89de2db0c8da8000775256b4c8ecb5e14ee90c77b2a6c7bbfb2fe686fcbea4,inventory only; see report for traced paths
apps/modules/tradeflowkit/source/e2e/settings-and-call-recovery.spec.ts,quarantined-import,382,15214,d8b4dcf5bfe2d68ffd16423b3213507f0d4b157a2cc7031fd9c9deb955cd251f,inventory only; see report for traced paths
apps/modules/tradeflowkit/source/e2e/signup-to-paid.spec.ts,quarantined-import,61,3808,c0e469765c210d039d1eda036fb5829fc67bf87848d86016093c9e621bffdf4f,inventory only; see report for traced paths
apps/modules/tradeflowkit/source/playwright.config.ts,quarantined-import,21,474,39fd55469768c224478f9899bff4d691a0b91bc77e6df10873f65bf0036250fb,inventory only; see report for traced paths
apps/modules/tradeflowkit/source/postcss.config.js,quarantined-import,6,86,374f669f08b18e67d0a7264fa45b71228017e604fe7f6db8a5c1bd5ba27e5c98,inventory only; see report for traced paths
apps/modules/tradeflowkit/source/script/build.ts,quarantined-import,67,1484,8b74bd0320010249fe8bd533de4bacfe385e1444a83f8849cf062a36d8899efb,inventory only; see report for traced paths
apps/modules/tradeflowkit/source/scripts/a11y-dashboard.mjs,quarantined-import,83,3425,422bb974dfee7d730ff94e6c7120be7c8107c9fc547bcb1f1753e8ca9d19c5ad,inventory only; see report for traced paths
apps/modules/tradeflowkit/source/scripts/check-dark-bg.sh,quarantined-import,42,1507,f731f8530e080039097eca6cec49f93b54e2bc9dc13091837c464549b063f5a7,inventory only; see report for traced paths
apps/modules/tradeflowkit/source/scripts/lighthouse-dashboard.mjs,quarantined-import,124,3882,bd6a2df40629b8f2371f7d5548bdc072e1739d481966347f8382326ad87ac57c,inventory only; see report for traced paths
apps/modules/tradeflowkit/source/scripts/post-merge.sh,quarantined-import,9,325,07a085b53d18612ef1191f72d661ca7f312630ea60d2d36897a0cc74651e890d,inventory only; see report for traced paths
apps/modules/tradeflowkit/source/scripts/reconcile-duplicate-user-emails.ts,quarantined-import,60,1766,fc98bb3873d8604ab7e5a33ef254a8173f3e3545bbdb77cac50a94b7fdd04bd1,inventory only; see report for traced paths
apps/modules/tradeflowkit/source/scripts/seed-lead-demo.ts,quarantined-import,376,13112,267cf3483676cda51dae78ff40abedbc22dcb39986ba7bf052d86862e1d3dd4d,inventory only; see report for traced paths
apps/modules/tradeflowkit/source/server/callRecoveryAI.ts,quarantined-import,294,10327,87f35dc9dd42d549e13017f673b96d7dfb31d23737c5f7e232a7d012b2d6d7fe,inventory only; see report for traced paths
apps/modules/tradeflowkit/source/server/callRecoveryLeadBridge.ts,quarantined-import,192,7466,a7006b07b9bd7c1e90a92f1e05ee0019f7f67314fdb6078e9b1b80c3ce077b39,inventory only; see report for traced paths
apps/modules/tradeflowkit/source/server/db.ts,quarantined-import,13,346,d92ef4d5031720da772d633c1e44eaacdc71dfd289eefb403cf882da34b654ae,inventory only; see report for traced paths
apps/modules/tradeflowkit/source/server/emailClient.ts,quarantined-import,141,5612,c516f2cbc029834c1f148f93c3ebd9d6f5daf383a5b01934d15829fe86441842,inventory only; see report for traced paths
apps/modules/tradeflowkit/source/server/emailService.ts,quarantined-import,112,4700,bedad1ad06acb489aa7e8ed936d91a5881b8acdc5486a10685251c59e2d9129c,inventory only; see report for traced paths
apps/modules/tradeflowkit/source/server/env.ts,quarantined-import,152,5939,0cb0d3980728db4bcf4ed926a7c0f825a935970e860bdc252d46c71ffb3f21a7,inventory only; see report for traced paths
apps/modules/tradeflowkit/source/server/errors.ts,quarantined-import,26,703,88731f49c3abcf59728b31a6daa88cae6cd3c7f97d27b520c88c58788ebad25e,inventory only; see report for traced paths
apps/modules/tradeflowkit/source/server/index.ts,quarantined-import,246,7650,3c6d4874ff06f0728332f8e01922324d2e662acd774bc65be9994004adb02402,inventory only; see report for traced paths
apps/modules/tradeflowkit/source/server/leadMessaging.ts,quarantined-import,426,14219,d2a484b7e5a01710d6fecf9d5f384e5b77cc2afef519f96cc37b34a7f6d525bb,inventory only; see report for traced paths
apps/modules/tradeflowkit/source/server/leadScoring.ts,quarantined-import,201,5886,3ac53a70f6165299edea13317845e8b44455a5b6105063d4e0f1011f7119e654,inventory only; see report for traced paths
apps/modules/tradeflowkit/source/server/leadSourceAdapters.ts,quarantined-import,157,5560,194e777d86f42b0585e791d17e82144085e1cae5c7beeb3e5d99b2a021296432,inventory only; see report for traced paths
apps/modules/tradeflowkit/source/server/leadTradeTemplates.ts,quarantined-import,8,192,c0f01b1e35b543b52d9dc3d6f260346b3698bbb4effa4981541acf74cb159fec,inventory only; see report for traced paths
apps/modules/tradeflowkit/source/server/logger.ts,quarantined-import,75,1974,0b496db211029757fc52a0ef2f0c3375e667dce14671fb96aecbbfd3a7d66647,inventory only; see report for traced paths
apps/modules/tradeflowkit/source/server/middleware.ts,quarantined-import,200,7810,0c78e82b577d774eb93d8b35552f5ed507ee6cb8407e2a1ea3490527e2131034,inventory only; see report for traced paths
apps/modules/tradeflowkit/source/server/pdfGenerator.ts,quarantined-import,370,11682,13164aafa85e936fd669efc6481b666718bfc21901415acdfcedf4f37b251644,inventory only; see report for traced paths
apps/modules/tradeflowkit/source/server/purgeWorker.ts,quarantined-import,48,1901,d82e39e6bb2230aee06230c11133a3257a3d6eb433b157afdafec3098574ca92,inventory only; see report for traced paths
apps/modules/tradeflowkit/source/server/reminderWorker.ts,quarantined-import,337,12430,858a25e28f011033c0b7e211ee2513c500f80e8e8aae4c433893d0cc93b36f0c,inventory only; see report for traced paths
apps/modules/tradeflowkit/source/server/routes/admin.ts,quarantined-import,99,3993,aeaa4d8f608ac97af647f2a1580e59d8d8e101b35a92c307e008cb3ce3957098,inventory only; see report for traced paths
apps/modules/tradeflowkit/source/server/routes/analytics.ts,quarantined-import,344,16607,00b62123e039cdf989a69df7a3f267648cff5a9a84a85e75b0f2cdabce0f93af,inventory only; see report for traced paths
apps/modules/tradeflowkit/source/server/routes/auditLog.ts,quarantined-import,165,6791,b9a44f23476325b982b7cab84ac03f924b5d02cc16d70ba79a1d409df5f3903b,inventory only; see report for traced paths
apps/modules/tradeflowkit/source/server/routes/auth.ts,quarantined-import,207,6721,9d3d3126d7a63c55d043ad7759cf7fd66b0b434c91d860aacf67340e85d9aa1f,inventory only; see report for traced paths
apps/modules/tradeflowkit/source/server/routes/automations.ts,quarantined-import,66,2457,f1053a04b6308676a6904110c7a611fe10caba1578ce14de00e04d12fde8e9b1,inventory only; see report for traced paths
apps/modules/tradeflowkit/source/server/routes/callRecovery.ts,quarantined-import,604,23689,8c8d29d522b5fdb73be9bcd4ca7ff105d98b025637f8ea28e46f689678dbe21b,inventory only; see report for traced paths
apps/modules/tradeflowkit/source/server/routes/customers.ts,quarantined-import,211,7959,037dd850475c4be9435bbe9e7b584f135a581bd184ff175acab233f14a35b946,inventory only; see report for traced paths
apps/modules/tradeflowkit/source/server/routes/entitlements.ts,quarantined-import,248,9919,7c80635235b7b4947a9e7ed8a2caa61414d9a2e08131f7fe207bdd668738425d,inventory only; see report for traced paths
apps/modules/tradeflowkit/source/server/routes/exports.ts,quarantined-import,232,9324,4f697148e6360c994093fde46ea967f09645155a47b68275fe28d09fac03569d,inventory only; see report for traced paths
apps/modules/tradeflowkit/source/server/routes/index.ts,quarantined-import,100,3059,df8ea1cfb63feaff79c67452abba325ee5368864d7b262a43d4c743e9c8ea8f3,inventory only; see report for traced paths
apps/modules/tradeflowkit/source/server/routes/invoices.ts,quarantined-import,628,23699,2138a81914ae7f14a05475fd6d74826748b535017e149a8c919c9313d6139e02,inventory only; see report for traced paths
apps/modules/tradeflowkit/source/server/routes/jobs.ts,quarantined-import,425,16477,44a09254484c2addb8f7feb4743af0525e8fc176b80fe6b107b1aaf7d496701b,inventory only; see report for traced paths
apps/modules/tradeflowkit/source/server/routes/leads.ts,quarantined-import,1396,58322,98852c39e809d981d1979c8128148534cc46807f5b0ac883badfd56d5e344437,inventory only; see report for traced paths
apps/modules/tradeflowkit/source/server/routes/operatoros.ts,quarantined-import,22,753,ea4a3ec6a0ceb55699b4f0b82539fa6c20f44422aaa6c5637b0ccec0e69d54be,inventory only; see report for traced paths
apps/modules/tradeflowkit/source/server/routes/orgs.ts,quarantined-import,295,12192,d274874d6df6ce6dddc99302f86d7f0a1e42037a975942f1a9bbfaa75b24f620,inventory only; see report for traced paths
apps/modules/tradeflowkit/source/server/routes/portal.ts,quarantined-import,79,2574,7f5225a840eb1ce26ee5297a07306fc13c1fef081e26ccd12f9d3d9088617b2a,inventory only; see report for traced paths
apps/modules/tradeflowkit/source/server/routes/quotes.ts,quarantined-import,242,8788,e4390ea90b2744aba40a3e6744ae1f44b99d911f2b66fd4b9d60bc03b1b54a41,inventory only; see report for traced paths
apps/modules/tradeflowkit/source/server/routes/reviewRequests.ts,quarantined-import,125,4657,f7f779ec1e94617a5f3f120e6b9cc236d39ce23d9150b8c29e2d7fee3e909f56,inventory only; see report for traced paths
apps/modules/tradeflowkit/source/server/routes/search.ts,quarantined-import,116,3249,e2e7909d766a06be9f9e6851018a4050b20784a1f610529a78e1332086a024e3,inventory only; see report for traced paths
apps/modules/tradeflowkit/source/server/routes/sso.ts,quarantined-import,564,24214,f91614504a4842d6314b3ebaa905d5e818c81d82314e09f8c12d40f7b2cccbed,inventory only; see report for traced paths
apps/modules/tradeflowkit/source/server/routes/stripeConnect.ts,quarantined-import,146,5474,a83134cc365bcc03bd7288b65b992b9be06fb2900a4888ee442bbbb055213e71,inventory only; see report for traced paths
apps/modules/tradeflowkit/source/server/routes/subscriptions.ts,quarantined-import,128,4600,4c300efc3907afb7b98dd6e312aaf40826e7fc759e42838ceb88a630ac2d3840,inventory only; see report for traced paths
apps/modules/tradeflowkit/source/server/routes/trash.ts,quarantined-import,88,4157,74afdb634da82b93016b638b21230aae1fdb549efd54c3c57807817db4ecb1ba,inventory only; see report for traced paths
apps/modules/tradeflowkit/source/server/routes/twoFactor.ts,quarantined-import,159,6372,3c5ebb3852251be7f8401641183bf4e22f431e7fd8e6b1a1652952b86a8b1866,inventory only; see report for traced paths
apps/modules/tradeflowkit/source/server/routes/wellKnown.ts,quarantined-import,24,882,42d5720f4fe9734cec4ac623a46f0e9d213a4553ba6eebd0124f1c00ba0ac871,inventory only; see report for traced paths
apps/modules/tradeflowkit/source/server/seed.ts,quarantined-import,307,12012,0ce5c90eb4e9f3ab6293e077abfcd7b4409fa4c751d88858327094e49e113699,inventory only; see report for traced paths
apps/modules/tradeflowkit/source/server/seedProducts.ts,quarantined-import,109,4128,3caa647df4b4710bb85c95488156b6fc1651ebee819b26ae4776f130c641279a,inventory only; see report for traced paths
apps/modules/tradeflowkit/source/server/sso/consume.ts,quarantined-import,163,5674,03dcac8208db8b72cfce367a320ceb6a62ad168d1dab4a0e7edf22e941e69df8,inventory only; see report for traced paths
apps/modules/tradeflowkit/source/server/sso/errorPage.ts,quarantined-import,50,2142,dff22c410896b9ab831c544d9ef9d7e93e379f0a99346fde4fb4e5ec03e7c5a8,inventory only; see report for traced paths
apps/modules/tradeflowkit/source/server/sso/verifier.ts,quarantined-import,158,4742,8de24469588295b90852862c533f5b8b8a26d199bba8612a4295fe82775b32e3,inventory only; see report for traced paths
apps/modules/tradeflowkit/source/server/static.ts,quarantined-import,19,573,c976ef4e1e1c8a3b72e9672a43c89211c8a9987427788737eda363c6b251a3f4,inventory only; see report for traced paths
apps/modules/tradeflowkit/source/server/storage.ts,quarantined-import,293,16654,486096150c18a6a2872c38e8b56f86f3e6c319480dccb71d02e02798bf75d89f,inventory only; see report for traced paths
apps/modules/tradeflowkit/source/server/storage/audit.ts,quarantined-import,92,3577,6ea96a48aafbfebe7b57a35bfefeac2ebbdcb8315593bc8565cb92eddacd1373,inventory only; see report for traced paths
apps/modules/tradeflowkit/source/server/storage/automations.ts,quarantined-import,105,3930,08198ecb28650d6969dbee68a7c17f58b414b7bf1848b7b5db76f76a01da42bc,inventory only; see report for traced paths
apps/modules/tradeflowkit/source/server/storage/billing.ts,quarantined-import,18,602,9c7509b836b2fa22b5376e7c0a4c139c39f465c5f32384689d177d1461e7348e,inventory only; see report for traced paths
apps/modules/tradeflowkit/source/server/storage/callRecovery.ts,quarantined-import,143,5135,621a86603c2584b3bc99d18bac427f162cfefa78c0215cca41fd035fc6e645dc,inventory only; see report for traced paths
apps/modules/tradeflowkit/source/server/storage/customers.ts,quarantined-import,218,7960,196904c3c254555efe22ca72d6e04838ac72b7ddfe05573f8772d94945324ba2,inventory only; see report for traced paths
apps/modules/tradeflowkit/source/server/storage/dashboard.ts,quarantined-import,361,18007,1e3e80b1ed09e17e1bb9f503c54dae5ba44772038c0e9fc886835cfe96cc2d78,inventory only; see report for traced paths
apps/modules/tradeflowkit/source/server/storage/invoices.ts,quarantined-import,358,12685,65e06f20ee2314a8d14b4e6eb260541542c002f6153a04f03ca5c603dea00c12,inventory only; see report for traced paths
apps/modules/tradeflowkit/source/server/storage/jobs.ts,quarantined-import,249,8727,424797ab51b422cb1fd73cb65e6961fe5fab0e3333786e585e38d6bd5fdb2df5,inventory only; see report for traced paths
apps/modules/tradeflowkit/source/server/storage/leads.ts,quarantined-import,485,17799,c1648b889e7c52ad523a2e39e2194043a06ce12dd88604831d17fe9100328552,inventory only; see report for traced paths
apps/modules/tradeflowkit/source/server/storage/orgs.ts,quarantined-import,248,10638,da77179ca0997a4fc1bf21cc4d75144d2d2517e4885f2974b03cfa916b242dc8,inventory only; see report for traced paths
apps/modules/tradeflowkit/source/server/storage/quotes.ts,quarantined-import,153,5422,294675aa840c545f264ba93ea42604a223eb17a59324bd7f0d32779ee75ec747,inventory only; see report for traced paths
apps/modules/tradeflowkit/source/server/storage/reviewRequests.ts,quarantined-import,71,2892,a2ecb346838b35cfb442b37574243399492581d4993f00ec6e3a46d2e1e810de,inventory only; see report for traced paths
apps/modules/tradeflowkit/source/server/storage/users.ts,quarantined-import,128,4521,39a0dc7e8afbfd0edc1cdbbe9fcd6a286cbe29d8a83c8c51de20356036cb7771,inventory only; see report for traced paths
apps/modules/tradeflowkit/source/server/stripeClient.ts,quarantined-import,91,2668,c9fa49f831f2a3af69cfc7a75c04e35fe79cf85c8222dc156a7ad3b7f044269f,inventory only; see report for traced paths
apps/modules/tradeflowkit/source/server/twilioClient.ts,quarantined-import,126,4031,17ed1cc4f852946b887e18887c40824cc83589c866c6a2c05db00b1c7867e029,inventory only; see report for traced paths
apps/modules/tradeflowkit/source/server/vite.ts,quarantined-import,58,1599,583f2879aa13a957439e066f9f885d22493488d71d2e9f3664cf1d142e0b806a,inventory only; see report for traced paths
apps/modules/tradeflowkit/source/server/webhookHandlers.ts,quarantined-import,497,20752,a020f900c1596d81908864da23ffe12bf7262f8e4500a3e3885a44296e22e538,inventory only; see report for traced paths
apps/modules/tradeflowkit/source/shared/entitlements.ts,quarantined-import,551,19377,9c8360446373a551983471da3f08caec344b8eb2f7ccfcefee14d33acbc76ec7,inventory only; see report for traced paths
apps/modules/tradeflowkit/source/shared/leadDemo.ts,quarantined-import,64,2247,9c0bb2474b133eb050e43de269fbf21d3f5d7bfe5acd813d2de505bfe6d19124,inventory only; see report for traced paths
apps/modules/tradeflowkit/source/shared/leadDeployment.ts,quarantined-import,122,4320,1672d8f6163bd36c672ae516f2b9fc7748fe36cbb65056bd82f285804d6feb06,inventory only; see report for traced paths
apps/modules/tradeflowkit/source/shared/leadProductionReadiness.ts,quarantined-import,179,7828,8c2c0a088107e90b550f301200b12a2c6a86368286fae1dd8ff64f96b135f8fb,inventory only; see report for traced paths
apps/modules/tradeflowkit/source/shared/leadTradeTemplates.ts,quarantined-import,206,14179,d343c20ca2bf4bc17dbabbff3c8c1d201148317f8c8703f7cfa87234707729f5,inventory only; see report for traced paths
apps/modules/tradeflowkit/source/shared/modules.ts,quarantined-import,24,859,d0057be8453ec7a3427ac98e8aeecd485e92a3f01f98bc2a8989562b7d1fd895,inventory only; see report for traced paths
apps/modules/tradeflowkit/source/shared/schema.ts,quarantined-import,966,36598,450830b9d1366fa820768f71f5a0a5219aa6857519330b2f0bf0d2f253b0415e,inventory only; see report for traced paths
apps/modules/tradeflowkit/source/tailwind.config.ts,quarantined-import,107,4157,cd0b8a9858d444906c20b378c1c8cf32404a2f44570098b8aeeeb31869b949d3,inventory only; see report for traced paths
apps/modules/tradeflowkit/source/test-app.spec.ts,quarantined-import,99,4029,08c85afcc07ff7818af90aacecd274983630af66c62a46e486f0128d5a5b342f,inventory only; see report for traced paths
apps/modules/tradeflowkit/source/tests/audit-log.test.ts,quarantined-import,141,5211,23454b147e063fb05b50e9c9505172ddacabd68ec8854f41501e7687d615cca4,inventory only; see report for traced paths
apps/modules/tradeflowkit/source/tests/dashboard-sso-toast.test.tsx,quarantined-import,122,4408,ce1506ed4fb575853d4e9d289a13ce58872b8ad8adf814ce02c6aa42e5c1c04a,inventory only; see report for traced paths
apps/modules/tradeflowkit/source/tests/entitlements.test.ts,quarantined-import,513,20581,0d0377dd44b431ae47265a165954aeb6d4850be6f18dd897801e98edd84c498a,inventory only; see report for traced paths
apps/modules/tradeflowkit/source/tests/helpers.ts,quarantined-import,60,1638,35b835d78bb974978a8d860d61c6c382980d298f69aefc4269fbb9b8c996f24b,inventory only; see report for traced paths
apps/modules/tradeflowkit/source/tests/lead-demo.test.ts,quarantined-import,28,1025,699360a95982f0c8ffa26280a1350df69263bfddc1133dc4bb8282107bd1a042,inventory only; see report for traced paths
apps/modules/tradeflowkit/source/tests/lead-deployment.test.ts,quarantined-import,31,1376,ca881db637dabb7cc769d7a020c777230b3ac6286ea044b3f5a34baa10e9cc1d,inventory only; see report for traced paths
apps/modules/tradeflowkit/source/tests/lead-messaging.test.ts,quarantined-import,231,7997,68bff9829da77988fda12d353500d95f4e8701d1b892578e874b66684eef394e,inventory only; see report for traced paths
apps/modules/tradeflowkit/source/tests/lead-production-readiness.test.ts,quarantined-import,113,3763,c17b536ce5c989be919220b93ecad4cedab12b969e1648c24ec4233fe7e21dd6,inventory only; see report for traced paths
apps/modules/tradeflowkit/source/tests/lead-scoring.test.ts,quarantined-import,98,3260,41199841e5ffd007e48017c6058e448163d944f4a9a467f76bf897050803defa,inventory only; see report for traced paths
apps/modules/tradeflowkit/source/tests/lead-source-adapters.test.ts,quarantined-import,53,2136,eeeeac7e5550fb17f690d9d79a1d270bc0cae939cc07e17bcf4a5655efabd724,inventory only; see report for traced paths
apps/modules/tradeflowkit/source/tests/leads-routes.test.ts,quarantined-import,633,24592,3475910cd1f9a29f2f368f557b41c4fd535e554d5ebdd7b80605238688c2ac7a,inventory only; see report for traced paths
apps/modules/tradeflowkit/source/tests/leads-storage.test.ts,quarantined-import,142,5177,bb6e02a5f78d95fd7e7a3b4b9ef46693497e5a7c9f9d665b4fe84e97e79b9c28,inventory only; see report for traced paths
apps/modules/tradeflowkit/source/tests/operatoros-org-picker.test.tsx,quarantined-import,152,5523,07caba14081db1f9f8040e207b7d0f3094eb9bee2fba09be41d5c1ec2a218f58,inventory only; see report for traced paths
apps/modules/tradeflowkit/source/tests/operatoros-orgs.test.ts,quarantined-import,60,1983,7cb3545e3c4fe78bf022c7046b6fc1b0e4a060195148234665cad4958f4d9e2d,inventory only; see report for traced paths
apps/modules/tradeflowkit/source/tests/plan-gate.test.ts,quarantined-import,101,3943,1aee113166addefce281c4d41a0e13f514364703410852cfe6a8d41480e59332,inventory only; see report for traced paths
apps/modules/tradeflowkit/source/tests/purge-soft-deleted.test.ts,quarantined-import,239,10353,2d90ae1e575f0d8f77d2a39749248caac6f087c146c601f2edc4e14d215b2003,inventory only; see report for traced paths
apps/modules/tradeflowkit/source/tests/sso-consume.test.ts,quarantined-import,150,5818,76e7ac128157efd8579f16de4ab6b859d3b1747ec47538ff594c23a2896bcc69,inventory only; see report for traced paths
apps/modules/tradeflowkit/source/tests/sso-notice.test.ts,quarantined-import,73,2415,d8fee08a3b7e847e97ac5c7ada335f85e03e5b605d0915878db8f8b5707c5708,inventory only; see report for traced paths
apps/modules/tradeflowkit/source/tests/sso-route.test.ts,quarantined-import,452,20777,d25724463e1db0d9d95836ce269d8094e96a7bab0855961eba1c61d8aed219f5,inventory only; see report for traced paths
apps/modules/tradeflowkit/source/tests/sso-startup.test.ts,quarantined-import,106,4428,05a69e1e6cb8c0707e3941bca09d21866a75475ea5d306e56b7a8de4e6ee4440,inventory only; see report for traced paths
apps/modules/tradeflowkit/source/tests/sso-verifier.test.ts,quarantined-import,146,5627,5c4f910afbe52603558923c506eace245612028b1e54022de58bbbbc849cf76d,inventory only; see report for traced paths
apps/modules/tradeflowkit/source/tests/storage-org-scoping.test.ts,quarantined-import,109,4590,f85a4e7bd9c49d3aa49174b97922c651e1b8e4ac160a8f1336f60498a105ceef,inventory only; see report for traced paths
apps/modules/tradeflowkit/source/tests/users-email-unique.test.ts,quarantined-import,75,2621,7454a159f6056433d1c1a4ca46e06e9442867128f02b8b535cfe5c613a5002e7,inventory only; see report for traced paths
apps/modules/tradeflowkit/source/tests/webhooks.test.ts,quarantined-import,336,14034,c529cc75723cdbb91696682b5b78f45ea9ec6b83960eb28d697f82a6f308a2c7,inventory only; see report for traced paths
apps/modules/tradeflowkit/source/vite.config.ts,quarantined-import,61,1895,a41872841a57be3c44e8a5152b3137509ff8c49cd5975285b6b3e892d745ab97,inventory only; see report for traced paths
apps/modules/tradeflowkit/source/vitest.config.ts,quarantined-import,29,763,6c02a5860f7aafdb00c1037ceb46d2104c3ac4ab735798325963974d95f2d865,inventory only; see report for traced paths
apps/runner-gateway/src/cors-origin.ts,runner,19,848,20d4671209c6eebf93a82adef799d19ea8a600557d4dcff38fee4a6020f865dd,inventory only; see report for traced paths
apps/runner-gateway/src/docker-provider.ts,runner,196,6601,bc494f2b6992e823c2d169436139507da392e788fb2e31e219cb2e41aa27cd14,inventory only; see report for traced paths
apps/runner-gateway/src/index.ts,runner,203,6811,1b0cf2ac36984c22717001b2809f8c6f81fa3d28f5688d01b351e5b274444e01,inventory only; see report for traced paths
apps/runner-gateway/src/local-provider.ts,runner,194,6272,6176430a7e4be74a78e6b8434a8bef2a476cebb964dafe609f987337e87b8954,inventory only; see report for traced paths
apps/runner-gateway/src/provisioner.ts,runner,311,10716,2840637a0fbf90f22124f0a2ef33ee01eeaea3996cd8fc7ec8087d181a25ea47,inventory only; see report for traced paths
apps/runner-gateway/src/safety.ts,runner,32,1139,09b1821c8be2e533807c8a329c2e1c48c907cd16d5cf69289880cead3bf35ccd,inventory only; see report for traced paths
apps/runner-gateway/test/cors-origin.test.ts,runner,54,1910,3ce92093cc26049eebc8b3f4829530989b0311fc2ee72f3b2ede8a8250a5b442,inventory only; see report for traced paths
apps/torqueshed-native/app.config.ts,native,51,2416,e6f6c8f56e91571efdcb85562ae2d0f1b4ea25f622462db3afe7d7e184e21b9f,inventory only; see report for traced paths
apps/torqueshed-native/expo-env.d.ts,native,1,38,09464bbdd1ffa2b7a502014bdf3753b02274021d9af7ecd6237335a0313f7a4c,inventory only; see report for traced paths
apps/torqueshed-native/scripts/validate-config.ts,native,13,933,9114c95e3c65ecddfc82ed012788142cd57935e88b9b1304c0c741c72b1e64e0,inventory only; see report for traced paths
apps/torqueshed-native/scripts/validate-release.ts,native,9,620,b1e2243d3db8e4568e9b2ab6ab5d6b5b75150f8f1393ec370599fece75ec810e,inventory only; see report for traced paths
apps/torqueshed-native/scripts/verify-device-harness.ts,native,11,638,ad4a36dc23b76c9e3cf7c1dcbf122a17cf79a67816edfb1e1e35fe44586c9c15,inventory only; see report for traced paths
apps/torqueshed-native/src/app/(tabs)/_layout.tsx,native,13,1182,9fdb345cb7aba0dea6b25031bb72ecc18841b21f0a91121cd3cc5c4b9b23978b,inventory only; see report for traced paths
apps/torqueshed-native/src/app/(tabs)/assist.tsx,native,27,3250,07cc3198e53581379a9a8343f42c823d6cc6604ea18cb4e4560215c17fb39556,inventory only; see report for traced paths
apps/torqueshed-native/src/app/(tabs)/builds.tsx,native,20,1951,bc6bc3943a482472bea11cadf4889bb53c8b12529aae7b02ad4f01fb644cc1ee,inventory only; see report for traced paths
apps/torqueshed-native/src/app/(tabs)/garage.tsx,native,20,2182,cd0ebe6516c1228017822c234f2bad25a93db5435edc87a7037f90b28b2f79f1,inventory only; see report for traced paths
apps/torqueshed-native/src/app/(tabs)/index.tsx,native,28,2626,585be8840bd5b5c432b7c33ccee590dc7157707a50899763243393f52281bb85,inventory only; see report for traced paths
apps/torqueshed-native/src/app/(tabs)/market.tsx,native,20,2525,5ab95e13299d1051bfcd50803f6c22094a0f5fe742c7d9c6ed9af88667bbfde3,inventory only; see report for traced paths
apps/torqueshed-native/src/app/_layout.tsx,native,42,2301,e1b36e2de5b4c15c6ed183f2f0aee040e89db0ae55a2f489cbe5c1b95be01fc9,inventory only; see report for traced paths
apps/torqueshed-native/src/app/build/[id].tsx,native,154,5511,6cd0aed6afffa7b895b354e7190e9371757d29c7f8eb9b955ea6eb69300a2e57,inventory only; see report for traced paths
apps/torqueshed-native/src/app/diagnostic/[id].tsx,native,28,3847,f7b5e894065c4db272690e1c7e32089393316154bdbf5e12661b909a96d3789a,inventory only; see report for traced paths
apps/torqueshed-native/src/app/live-bay/[id].tsx,native,21,2220,abc35b84a91366c8e0a8ec82467968495da550c4eff0384edce03a4afe39470e,inventory only; see report for traced paths
apps/torqueshed-native/src/app/notifications.tsx,native,7,935,7eae313154cdca75a729819cf2cda23c8d938b062c4155251d41a9f71a82a750,inventory only; see report for traced paths
apps/torqueshed-native/src/app/profile.tsx,native,13,1643,503d9a829798b35c6f277f78373ff2db6c97aab92e2b0db75d48f30b06346198,inventory only; see report for traced paths
apps/torqueshed-native/src/app/settings.tsx,native,13,1810,917b9012e6f1608f21bc2b7af6bc18d3550768e095c6a8f416abf35f015307ec,inventory only; see report for traced paths
apps/torqueshed-native/src/app/sso.tsx,native,2,118,ae10008af74242c3241ac8916f5c6f67271f8f11102444a481c4d376ea3d5fa6,inventory only; see report for traced paths
apps/torqueshed-native/src/components/ui.tsx,native,53,5882,8178828de49ed90b67b14024b6cb9aadee08364f73e21ab2db4149cd9ef3dc3e,inventory only; see report for traced paths
apps/torqueshed-native/src/hooks/use-resource.ts,native,14,695,75481e392dafde003d284e06dd9f187f2cadc6363702bf964246b125a0a93fbe,inventory only; see report for traced paths
apps/torqueshed-native/src/lib/api.ts,native,68,2924,b4a8f6248629474e6f435efc91a3114fb91784171277ad303cf23626a3e698c8,inventory only; see report for traced paths
apps/torqueshed-native/src/lib/auth.tsx,native,328,12777,52a9c02783ea0f51cf2a4637ad84c13768ca403fb82570ca655c72a30e2f4c82,inventory only; see report for traced paths
apps/torqueshed-native/src/lib/config.ts,native,11,552,032cd7a3874515b6ddca40b30fe8c3a3a1e9668588ef333570eb96f992e0a3b1,inventory only; see report for traced paths
apps/torqueshed-native/src/lib/offline-queue.test.ts,native,47,2321,14bec45ab1555bfde3c2487dd86c2620561b67e04d2dbe9e10739724660c6ef3,inventory only; see report for traced paths
apps/torqueshed-native/src/lib/offline-queue.ts,native,93,4305,3fcc83ceac03a38e46f218f6e9fb136af5545aeea86128fa2f201ff76ca6086d,inventory only; see report for traced paths
apps/torqueshed-native/src/lib/queue-domain.ts,native,30,1219,94fed74aca69664363c92fc6152974ea73f7239bdbfb5b6f1120c76abb084e77,inventory only; see report for traced paths
apps/torqueshed-native/src/lib/scoped-queue-coordinator.ts,native,14,521,612266a571046782e730945cf6e7b95e04468d5ebb988fdc46cafe496346e913,inventory only; see report for traced paths
apps/torqueshed-native/src/lib/session-transition.test.ts,native,46,2074,58ccedda6d2ed232a150c713bec0c27009ce87ed0d151b1b8945e6eff8a8341b,inventory only; see report for traced paths
apps/torqueshed-native/src/lib/session-transition.ts,native,28,858,60253054e7918d901c38ca8b5e39a2dd5da4e1e839bf5c27b224a0694b860367,inventory only; see report for traced paths
apps/torqueshed-native/src/lib/sync.tsx,native,188,8892,939cfccef9dd1aef814a3d9a719679320c2b77d31c3d91d1509f0649ffe369d1,inventory only; see report for traced paths
apps/torqueshed-native/src/lib/theme.ts,native,13,264,9908e7633ec8b3c7a388c0c3aef3b60b91edc42e08b903bb13d91cbb0078e1c1,inventory only; see report for traced paths
apps/web/capacitor.config.ts,other,30,661,14dc0048e680d1e9f4e925f85c09fbbddbf60df9429629fe1678b36a6cfa1576,inventory only; see report for traced paths
apps/web/e2e/admin-stripe-price-id.spec.ts,tests,50,2643,934487618e7de8d15fed6edc6670d9a7fa371436d2ea3ef175f20bb99cbe839e,inventory only; see report for traced paths
apps/web/e2e/brandforgeos-phase31.spec.ts,tests,136,6135,fa03e76d536eae163394536d7f712ec86be4422b3e22597c568813efcff752db,inventory only; see report for traced paths
apps/web/e2e/business-directory.spec.ts,tests,158,8194,56cb9b8c8f0b427ad8def05adcf611f8ee5403241b8a7539e1ddbb8c0dd1d1d2,inventory only; see report for traced paths
apps/web/e2e/callcommand-commercial-contract.test.mjs,tests,126,7647,9030ceb5c03465f1666a570a6950f1ca86e85d0d3cc4c70c19c34e8c31a306a9,inventory only; see report for traced paths
apps/web/e2e/callcommand-guided-setup.spec.ts,tests,61,6832,22a2cc6a2d20c3782afae775a0b1f748bf46e3c845cb7f62cca89cb708aaec8d,inventory only; see report for traced paths
apps/web/e2e/callcommand-phase35.spec.ts,tests,38,2779,595564508e84535de352604f80f1f071a82b216d2c2228c4d1566726a1f32878,inventory only; see report for traced paths
apps/web/e2e/core-suite-guided-polish.spec.ts,tests,190,14424,e28264dda74b0c5d51bc4285bec0197575bd890b8d145215ba6e1b7404310242,inventory only; see report for traced paths
apps/web/e2e/cross-module-data-fabric-phase38.spec.ts,tests,86,4575,ccf86d3a137712e47d6da343554e4e611dbaed2b0d275bbce12a3a407de38250,inventory only; see report for traced paths
apps/web/e2e/ecosystem-guided-polish.spec.ts,tests,69,4238,7a12211695589f2f2bff95e5eb57fbc31675be48e61909e3d81346dbe8af2a79,inventory only; see report for traced paths
apps/web/e2e/ecosystem-identity-hierarchy.spec.ts,tests,189,7497,43cb550ddf2ec7d9a9c98c4f7ad80adf1683aaa4f0b52112d8dbdedcf50e8918,inventory only; see report for traced paths
apps/web/e2e/ecosystem-messenger-polish.spec.ts,tests,251,18417,2b81d7eef9f7e2caad0b82838328c866f8ae05159ff9f147d540b86e058bf7bb,inventory only; see report for traced paths
apps/web/e2e/fail-on-skipped-reporter.ts,tests,31,1331,d60f53e48bdfb81ac9455bda33ce9d16b63d47c1077b5cf37b31e361f6be12ae,inventory only; see report for traced paths
apps/web/e2e/faultlinelab-phase25.spec.ts,tests,92,5382,795bc392022307d078c8bc72bf76358c96cbbbe3bb98aa0e12a85d09bcc0b60c,inventory only; see report for traced paths
apps/web/e2e/help-center.spec.ts,tests,32,1962,124dc48ccf4c4da5c2f7d6ec4233aec92b45110c42c7190df857949e8c2c31f8,inventory only; see report for traced paths
apps/web/e2e/invite-first-open.spec.ts,tests,174,6654,cba5a2db7afff360efc2fa1cf941ce03dbdf93726bc7583da4574a5aab4affd6,inventory only; see report for traced paths
apps/web/e2e/module-clarity-polish.spec.ts,tests,134,9639,3f88b1f167ccb70b1436348471c4bc85c27c0c2903acea7e4e801177605afe19,inventory only; see report for traced paths
apps/web/e2e/module-shells-first-screens.spec.ts,tests,335,19162,0241e09f03c47582721c90739d9a6d65f148cab95083ba43ae849d97dfeedc42,inventory only; see report for traced paths
apps/web/e2e/ninja-launch-kit-phase34.spec.ts,tests,100,6901,03e051ce209ae46152c78ed3db96ac46822fdd7f06459d566f4cbf9ee4abbb21,inventory only; see report for traced paths
apps/web/e2e/ninja-pool-hall-phase30.spec.ts,tests,275,13577,5ebe8e17e792250eb1ee58c9f9555f1844d3b28d78a7f0c917bba1928f547e32,inventory only; see report for traced paths
apps/web/e2e/ninjamation-phase36.spec.ts,tests,106,6887,90895c25cd51d78ec2d125bbab4718b5fdad1da3161e4c6d545c7913e34785f3,inventory only; see report for traced paths
apps/web/e2e/operatoros-branding.spec.ts,tests,49,2642,7bf16f967472679b7859f6276cbef3d3f6bad877a9d2c9e9e8ca2b602a57c674,inventory only; see report for traced paths
apps/web/e2e/operatoros-final-acceptance.spec.ts,tests,559,33514,68f10b75ebc1c371394e93af9ea57264b625a5deb422ffe1369ce4ed83c1d4d6,inventory only; see report for traced paths
apps/web/e2e/parity-auth.ts,tests,95,4849,c823d54983ad212ae5c922caff198895f46c7f8b1c4935e696759a7e89d4c23f,inventory only; see report for traced paths
apps/web/e2e/parity-route-control.spec.ts,tests,75,4640,44d3a7e78899522cbd85fd2a22e037024da51ec0704da9003d63ddceee7ca159,inventory only; see report for traced paths
apps/web/e2e/parity-visual.spec.ts,tests,125,6886,86826d62c61c36646be02fd88d67975b0f9c6192a4089d5494ff9f1f90ace8f9,inventory only; see report for traced paths
apps/web/e2e/phase17-deployed-acceptance.spec.ts,tests,214,9228,97625c1ca504ff7c9209994f288695d42cdadd638c27f11c55eda87420a266a1,inventory only; see report for traced paths
apps/web/e2e/phase39-accessibility-performance.spec.ts,tests,147,8114,7956cddd05807167cff05ac974c9fc9e41dbb0ba87563932d5a12441f3823101,inventory only; see report for traced paths
apps/web/e2e/phase50-callcommand-routes.spec.ts,tests,186,10853,29ba4fc83c37e3226aeb4863799ee53bad2fc6b45d40993d2b54066357476428,inventory only; see report for traced paths
apps/web/e2e/phase50-faultlinelab-routes.spec.ts,tests,167,9650,dd3b020cbd132a656ab5a1a8af4e4ac5d9a2eddeb99e8c6f843e5e63845e0134,inventory only; see report for traced paths
apps/web/e2e/phase50-outcall-routes.spec.ts,tests,183,10609,7128255258c1bcff1a658e5b0155d93c96f4de41dd8dbb46c34b9e1b0171cfec,inventory only; see report for traced paths
apps/web/e2e/phase50-pulsedesk-routes.spec.ts,tests,166,10014,863541e9b99fcbb9dd51e19ffd509df53abd3c96ca856a15af80aed21b3ba321,inventory only; see report for traced paths
apps/web/e2e/phase50-snapproofos-routes.spec.ts,tests,187,10647,c168622281d87208ece98882094a905551c9a6eb0fc5fcda4531ca05e5052131,inventory only; see report for traced paths
apps/web/e2e/phase50-techdeck-routes.spec.ts,tests,157,8540,06ad80d2d95e6a233e616b85121b8e11c5d6857543527012a8f349862e9cc5cf,inventory only; see report for traced paths
apps/web/e2e/phase51-route-applications.spec.ts,tests,66,7936,9707a5a99dbbe4e1b84a19b6bdfd52d9b04c84b6a01fd1fcad1fe5e334550746,inventory only; see report for traced paths
apps/web/e2e/platform-command-phase47.spec.ts,tests,166,8647,676069b0912b5361dfd00d14a18e38be31c596368b655d69c4be1ea0fdc75b7d,inventory only; see report for traced paths
apps/web/e2e/platform-pricing-sync.spec.ts,tests,60,2833,c682ab14f5245befc530143e2f5fc1d2effd364e6c48525ab43339872aa948af,inventory only; see report for traced paths
apps/web/e2e/production-host-proxy.mjs,tests,153,5761,608d9c826bec5910f92e531edcac9566afa4e5c078a22853ddd64903c5f8c96f,inventory only; see report for traced paths
apps/web/e2e/session-auth.ts,tests,108,4031,d74f6aac08d9ab014e3c4296794f4f1b926d7bb07b727292ac80414644b49b74,inventory only; see report for traced paths
apps/web/e2e/snapproofos-phase32.spec.ts,tests,14,4452,1b1ebb3f254cab7442cbba9be10e1f0e9ce5eccf89cbfbe360b7d5d2ab284770,inventory only; see report for traced paths
apps/web/e2e/sso-v1.spec.ts,tests,2725,153673,c2116c90109c2a5531f07d4dbb7f6438eb81c94292c88ed80975a7162e901afa,inventory only; see report for traced paths
apps/web/e2e/studyforge-phase33.spec.ts,tests,115,7382,d47dcc48a73502b723e54f6b74b8fcdd201597a1d85bfe6c355f3ba48c797714,inventory only; see report for traced paths
apps/web/e2e/tenant-invite-resend.spec.ts,tests,75,3149,2d988c2b9071f4a6d8da0ed449f0e9a6f1850227fd29b6bfd6a493ee0a85d398,inventory only; see report for traced paths
apps/web/e2e/tenant-messenger-phase53 (1).spec.ts,tests,107,5864,4476dfb7e021b03416f067772669d311cb1b20830d3f927d9445c4aa59bb8358,inventory only; see report for traced paths
apps/web/e2e/tenant-messenger-phase53.spec.ts,tests,146,7685,6f818c8a00797b332bc00e7ffb27edfbef2e95047719a73d35504c466c8d438d,inventory only; see report for traced paths
apps/web/e2e/torqueshed-phase28.spec.ts,tests,74,5716,792f6a161644e32915c5d8f99d9b08e5f69ac42e1c81d39b8fcb823b5789f314,inventory only; see report for traced paths
apps/web/e2e/torqueshed-phase49-routes.spec.ts,tests,198,11417,e38afe1e381839bc23481ef084da6777d0764e8d0ea135dad69e62663e94eb56,inventory only; see report for traced paths
apps/web/e2e/tradeflowkit-core-crud.spec.ts,tests,451,24641,902c01acddafe29844b8927b79f620f4d16b748d3f2f7030af4bb768f44a0b12,inventory only; see report for traced paths
apps/web/e2e/tradeflowkit-customer-import.spec.ts,tests,256,12284,684d29616bf44a2c83e6a5267500511c99231c4cfef58dc467dff6500868198c,inventory only; see report for traced paths
apps/web/e2e/tradeflowkit-phase23-visual.spec.ts,tests,145,8427,0d0b95291d5c11e8e04cb34fdd47f652dee3a9b2507dd294af85f240d8846810,inventory only; see report for traced paths
apps/web/e2e/twilio-compliance.spec.ts,tests,45,2323,e2ef760705c40e8f6ce6f49d240a136fafb8fa436e20c7fb7a78a847818383df,inventory only; see report for traced paths
apps/web/e2e/upgrade-modal-annual.spec.ts,tests,72,3001,4b393b1c3179394fcf430cc4a868ed144518ab3cedcc417fe982ad802b6234b0,inventory only; see report for traced paths
apps/web/next-env.d.ts,other,6,268,f4e8976c19fc926644d72610bf1058bd6bf52add97e46a02bc0b912a751625c0,inventory only; see report for traced paths
apps/web/next.config.js,other,173,6806,1834149661679980a18cd5baa865b6744e9bcec7bc703101a51e96ba7de50efa,inventory only; see report for traced paths
apps/web/playwright.config.ts,other,63,2387,5ce3aa7cbdf44dae8dd34e5168e57af9ba48c05c9cf58b67891e1f72c9a6931c,inventory only; see report for traced paths
apps/web/playwright.deployed.config.ts,other,22,656,f9334add06397d507d54944a49c5a9ffb23193517f62162eb428a86e1457b696,inventory only; see report for traced paths
apps/web/playwright.ecosystem.config.ts,other,25,1713,606056593bb5d3146ab4fffd73079118a4e6b1442463088b4ea9f33bf8b36039,inventory only; see report for traced paths
apps/web/playwright.ui.config.ts,other,23,1006,7b3af00946a18f161d9035c8da7bbd7ba8b05da89b8b2b7289ba42e22a3cb75b,inventory only; see report for traced paths
apps/web/playwright.visual.config.ts,other,42,1717,ac913de793eb9232fe1287ed309183a2eeb130334a24f6b379e98b10167009e6,inventory only; see report for traced paths
apps/web/public/faultlinelab-sw.js,other,18,1751,792df702640d62af91577f8029f60804044fcad69b5c6b1ac4436216aa4402f6,inventory only; see report for traced paths
apps/web/public/ninja-pool-hall-sw.js,other,18,1766,9ca5abfdb896665473869e2cce84883043bad2893efc52edc686c923b2622f7d,inventory only; see report for traced paths
apps/web/public/pulsedesk-sw.js,other,24,1137,f24aeed6852187b536b641007138097eb602e785b51f89a70765c4e8b4071c03,inventory only; see report for traced paths
apps/web/public/torqueshed-sw.js,other,19,1934,4b2dc362b54e201b515f4a3cc853b0b00fe1be33b9614497355e980517c1dc4c,inventory only; see report for traced paths
apps/web/public/tradeflowkit-sw.js,other,18,1741,772615cd87b68d9c9f57a62b06310e88bfc86d5899aa610f4a9c1e9a56e14a01,inventory only; see report for traced paths
apps/web/scripts/build-android.sh,other,56,1718,3acae564aeb40c0a1101b70e91f0d93c27789de3dce2a3b0e4977724bdfb75b0,inventory only; see report for traced paths
apps/web/src/app/.well-known/apple-app-site-association/route.ts,web,34,1655,e7080a51e24b00b93e8644c47a36a53d61e0afbe86f61c01edf9c08b7fb427b3,inventory only; see report for traced paths
apps/web/src/app/.well-known/assetlinks.json/route.ts,web,60,2318,2bab12a8791d4d453c434367ab5592570d8368d064eeaed3d644fab7b9d5ec99,inventory only; see report for traced paths
apps/web/src/app/admin/health/page.tsx,web,231,9912,83dbc6b31cc7cf28bfdcd1f2738fff474915db2c7b7be7eb6f06c245b0873028,inventory only; see report for traced paths
apps/web/src/app/admin/page.tsx,web,41,1484,e50ee2798d60cf12093987c463a7e16115df74a20e82e2db778de4e8e32a8cfa,inventory only; see report for traced paths
apps/web/src/app/app/apps/[slug]/page.tsx,web,6,364,08aa185463cb814a50983a56e97e00a0a1bd8974634bda9a53958008a0a51fa1,inventory only; see report for traced paths
apps/web/src/app/app/invites/[token]/page.tsx,web,6,381,91681321c50931375220c5e172f4a9a297e8c41e0ababda3a689b311873205f2,inventory only; see report for traced paths
apps/web/src/app/app/page.tsx,web,191,8505,26669bad467ae42fc84c8e032d5be8fa01e087328cf8446cd0580d209b497a16,inventory only; see report for traced paths
apps/web/src/app/app/platform/[[...slug]]/page.tsx,web,8,549,087b33573428af33971eeaaf7cb2585e291362f2ed8a5910df44f65bea6d7f8b,inventory only; see report for traced paths
apps/web/src/app/apps/[slug]/ModuleDeepLinkTarget.tsx,web,30,790,af6961d6afb105ec69de5e47195546f0de57ba1414d2df4dccb40804cc3c00b7,inventory only; see report for traced paths
apps/web/src/app/apps/[slug]/page.tsx,web,346,15428,c78a82eed8e49e106523834ea0be2998393ea8edf36dad46fd9c305930fe9caf,inventory only; see report for traced paths
apps/web/src/app/apps/page.tsx,web,423,12422,b0b3617e75999a2cab1395d4f864b6487709d14bfd7d82149464b6408b1d144f,inventory only; see report for traced paths
apps/web/src/app/ecosystem/layout.tsx,web,14,557,d1530709f0d92a05b545d58058656922d3d8478fee9ba6d8ccac742c24568dd1,inventory only; see report for traced paths
apps/web/src/app/ecosystem/page.tsx,web,397,12302,919f74b9c438c22d6cf4d3cdba9b1beb3a8b4db173ce591e6d99ac666554c7e2,inventory only; see report for traced paths
apps/web/src/app/faultlinelab.webmanifest/route.ts,web,29,1080,2ef052128058e7aa1b756def2b8250d6a4904a81b6de82bf9353b646ba3a83b4,inventory only; see report for traced paths
apps/web/src/app/favicon.ico/route.ts,web,27,910,689cf84c539bbe78204c985781ddf38a54c1e5cf003ad558902c2bc5cb9a7917,inventory only; see report for traced paths
apps/web/src/app/globals.css,web,254,5478,82f23043f4fdcca3cf5b5e7eb703f33a684f4c9928bd92e2599fae63230d3710,inventory only; see report for traced paths
apps/web/src/app/help/page.tsx,web,30,1069,838dc273ca0a7cd730ffd0bfd2329197b8d70c7c26c9938a512dc135dbc340da,inventory only; see report for traced paths
apps/web/src/app/how-it-works/layout.tsx,web,14,554,65dad5cbfb7b79c749d66e7581689dcae361e145059bbf0d2f2570d05b60dea2,inventory only; see report for traced paths
apps/web/src/app/how-it-works/page.tsx,web,66,2125,074cd2bdd9a0a172328e1e01a201a5a0352899f261c59cd3e523e70485b4f4ab,inventory only; see report for traced paths
apps/web/src/app/invites/[token]/page.tsx,web,466,23183,8b6f62535bb0045519daa31a2169b845637f07556945204c9a8f2e1f4633ba77,inventory only; see report for traced paths
apps/web/src/app/john/opengraph-image.tsx,web,7,385,97e6160d102a4b38e7c3c24f1237e8eced83e2632f911e367f57f5379039b967,inventory only; see report for traced paths
apps/web/src/app/john/page.tsx,web,44,1600,5fbfde16f0401102eaaa51c1b0023ccdba77d1d66a37d55ad2c2e8668936c125,inventory only; see report for traced paths
apps/web/src/app/layout.tsx,web,97,3721,57a0132db3facc05ece89a2049bb3e92f42f2e10393d3fb7acbfceae87753cd2,inventory only; see report for traced paths
apps/web/src/app/loading.tsx,web,32,1166,33b10aa85d8db5280e4715a8bf2fdf87e58f0dd872103421909dd63d531eef74,inventory only; see report for traced paths
apps/web/src/app/login/page.tsx,web,183,8148,0ca37db6fec948fe813eec34c915c4ae4c8ca2d9d90ecaa20bf1fc9f9856002e,inventory only; see report for traced paths
apps/web/src/app/logout/route.ts,web,57,2361,527322e2c996dd526a5611551373a30787ac7ad8cfa4a8220c2677ecec63d134,inventory only; see report for traced paths
apps/web/src/app/messaging/page.tsx,web,56,6656,c6ca79898adb73a69baa7bb8c6ac71e2295823c0fa7c9423c4a36d50a77beb13,inventory only; see report for traced paths
apps/web/src/app/modules/[slug]/ModuleHost.tsx,web,53,1650,5315c5de79234314f2a9132f45b274bf04c00005a43933cc0c3d33851525d238,inventory only; see report for traced paths
apps/web/src/app/modules/[slug]/ModuleState.tsx,web,80,2118,f2e15a5346406dd17aabf77bafddf304910404eb018d9e42ac09e82e2791dc1d,inventory only; see report for traced paths
apps/web/src/app/modules/[slug]/[...path]/page.tsx,web,55,1738,9a91914fe6372c2b8d1a9c74c7987a889c70d0f2d30a2f6541d8f83307185ccc,inventory only; see report for traced paths
apps/web/src/app/modules/[slug]/[...path]/route-map.ts,web,549,43207,4adbd190646e09516899f3f272dca4cc34baa9b00d233243b9ddb8cbf0f629a1,inventory only; see report for traced paths
apps/web/src/app/modules/[slug]/layout.tsx,web,13,287,23ec441a5c9c7a5f6ef3c608675750843bee5af0e7022b66b4d51054f51026a6,inventory only; see report for traced paths
apps/web/src/app/modules/[slug]/page.tsx,web,19,464,92e344b08f1a0d0f9363ce496f076677cb6ca264456e0687ce9552a57f99571e,inventory only; see report for traced paths
apps/web/src/app/modules/layout.tsx,web,14,528,03c0bcde949fc9b1c6c6c265acb6906f06e70df7f75191a36c1d01151648a750,inventory only; see report for traced paths
apps/web/src/app/modules/page.tsx,web,28,1055,b8c925e8325173beb93e58ff1caf498490d4199cbfde87d08464d1da17c82504,inventory only; see report for traced paths
apps/web/src/app/msg_privacy/page.tsx,web,13,550,ff43964fce26ebc6f25022a328dc6df4e50c376bde87b445572fb8509a80676e,inventory only; see report for traced paths
apps/web/src/app/msg_terms/page.tsx,web,13,504,ff979c4e92e33783ddcdb3af9e6d953ad1c507abd2c17a8502ac0146371d5d1a,inventory only; see report for traced paths
apps/web/src/app/ninja-pool-hall.webmanifest/route.ts,web,29,1057,5599d9a8f2a157535d5d3559b65873aff22ffdeb474b11424dacb9208b9b1e82,inventory only; see report for traced paths
apps/web/src/app/opengraph-image.tsx,web,95,4063,6b0b45eaa1145f8549e7a0c21c118a78f5b541819719f92f0e6bd5453cefa46f,inventory only; see report for traced paths
apps/web/src/app/page.tsx,web,62,2261,c9ee43b167303586008aa97adc277cf736c82f50bfa7e7da1b2e70c5a42dd785,inventory only; see report for traced paths
apps/web/src/app/platform/[[...slug]]/page.tsx,web,85,3306,69b0ac3d44ca09953449d8a660053d93c9a2fc9113fd27218154428a607240a2,inventory only; see report for traced paths
apps/web/src/app/portfolio/opengraph-image.tsx,web,128,4855,e7b1742d69712a96292fa77cad2231bde257dd947e88beb17d92b300ca676ffe,inventory only; see report for traced paths
apps/web/src/app/portfolio/page.tsx,web,47,1748,ce1ad4a19e017e52ca62e62da48ee51cd19a4cbee88263d8f4666468b4acd913,inventory only; see report for traced paths
apps/web/src/app/pricing/page.tsx,web,54,2060,0362de2dcbcd917d73545923d690f51f4e60b613ff8f8abf053c779a2a0febe0,inventory only; see report for traced paths
apps/web/src/app/privacy/page.tsx,web,13,486,5fb3e7a87e7bc027f857cd8526900a280d7e670dbf920d625d0f16e3865b6c64,inventory only; see report for traced paths
apps/web/src/app/public/ninja-launch-kit/[page]/page.tsx,web,434,15269,70ae750b3e9024019486f96216e88a90a013ae17ec2828a5a3a585c2e1dce86f,inventory only; see report for traced paths
apps/web/src/app/public/ninjamation/[page]/page.tsx,web,348,11671,fd8a64d68f78856df2791df49c045d57948213bfc40c32455f424d7d7c4bf6f3,inventory only; see report for traced paths
apps/web/src/app/public/pulsedesk/intake/[slug]/page.tsx,web,84,4886,87775e241362fd2f3d7fc3c5d53d7543ef27f843b385ec6ddb96053a280fcdb7,inventory only; see report for traced paths
apps/web/src/app/public/snapproofos/reports/[token]/page.tsx,web,17,6224,c96d1947c9d490da122c4a006811170153dc0aca5c5cbf6c5cad28518b03649b,inventory only; see report for traced paths
apps/web/src/app/public/techdeck/intake/[token]/page.tsx,web,41,5480,442dd5dd3a448839478b9d6761b41e384cce7ccae75a0120723924c6bb0b87f5,inventory only; see report for traced paths
apps/web/src/app/public/techdeck/status/[slug]/page.tsx,web,39,5205,7e00c2183432d39653252a582d1a61f3c8920d1daa13e4e9da8beb148a88d6e9,inventory only; see report for traced paths
apps/web/src/app/public/tradeflowkit/[documentType]/[token]/page.tsx,web,145,14948,89191a9734cc411fdc6043305fb1e6daf271a146923a923c58b838a03cdb95d4,inventory only; see report for traced paths
apps/web/src/app/robots.ts,web,42,1405,a8b65d2201d832d5200f75e7ddd90ac9e28920321f6eb8b60e5db5692120129a,inventory only; see report for traced paths
apps/web/src/app/signed-out/page.tsx,web,78,2532,a310231670ef0b12a358eb05509ed7b6c8a2f18fffb5208ff31209d0f8d4f74a,inventory only; see report for traced paths
apps/web/src/app/sitemap.ts,web,25,1148,3a235471b1c99985e0123b1ebf1696a9643bedb74fc2ce989f0bc288bdffcbec,inventory only; see report for traced paths
apps/web/src/app/sms-consent/page.tsx,web,46,3256,c280a3114b5e5970f5062cec12d222a6c63d2e6a5ea4d5b985651140e1ed6f78,inventory only; see report for traced paths
apps/web/src/app/sso/page.tsx,web,79,3148,e4dccc82d4ff0d7874f595c07a758a4581073f872d4f54f024b5a64b33de8391,inventory only; see report for traced paths
apps/web/src/app/terms/page.tsx,web,13,484,886698f39624ebc086c7f6828f63c72cc0354cbee3909582079ed7cc9c7ef103,inventory only; see report for traced paths
apps/web/src/app/torqueshed.webmanifest/route.ts,web,17,767,e0652c06ae3269b61f949a8fff01218030e526a745292ddf7e1db2f14fe1f6ad,inventory only; see report for traced paths
apps/web/src/app/tradeflowkit.webmanifest/route.ts,web,29,1049,bc88c2ff7e68b059e428e33e6e88a808245c7b59d5be5d5ca56491764ce65eda,inventory only; see report for traced paths
apps/web/src/components/AgentPanel.tsx,web,326,12154,c43f582a3c1523aa2dbe2345af0114caed05aa9926283e6dfbf3dffca162adab,inventory only; see report for traced paths
apps/web/src/components/AppLogo.tsx,web,83,2187,b0c8fe34f2a3ace0c61f7241f2168d76ac37424d50ea15196251f2e58799444a,inventory only; see report for traced paths
apps/web/src/components/AuthProvider.tsx,web,171,6307,f67d5895f57f4f9a54a35e8e170a5671c76729153ec63b4af36d098b88926b3e,inventory only; see report for traced paths
apps/web/src/components/AutomationPanel.tsx,web,52,3456,43a193155cca440440e63370e0102dee4f1ca71e904fc009fcb21e481113876d,inventory only; see report for traced paths
apps/web/src/components/ContactLink.tsx,web,50,1670,737e731404af9f4160e7dd976593465d9b053bffd36f9b9d987c0456d419e27a,inventory only; see report for traced paths
apps/web/src/components/Editor.tsx,web,188,7095,7c52a5198017795f4e61a7222a8d4cfe4a4729a0fb43057bec613c34b8983dfe,inventory only; see report for traced paths
apps/web/src/components/ExperiencePrimitives.tsx,web,95,2514,c42bc1292e7191ef8c8a9e095ca271d499c8438b97a02de08251c3d08795cd2f,inventory only; see report for traced paths
apps/web/src/components/FileExplorer.tsx,web,114,4199,7c7706377d1cf3098173ca5d7c0577fda194ca1fc4d7ea88da778802da3c89ca,inventory only; see report for traced paths
apps/web/src/components/ModuleAccessContext.tsx,web,25,736,f9755ce748e3d9948d3641917c7b232c5b1ccb639b67d0dd01cd4f5b5a79c79e,inventory only; see report for traced paths
apps/web/src/components/ModuleLaunchLink.tsx,web,60,1949,a00de8c2f000bbefcd6dcd43b5a59b8a1e9cf3e0ba84c392daed6d127a04cd15,inventory only; see report for traced paths
apps/web/src/components/OperatorOSAccountMenu.tsx,web,22,1469,01671bc5429665e0125200b1fba0210933343f633864588552f56cb2fa7f9906,inventory only; see report for traced paths
apps/web/src/components/OperatorOSChrome.module.css,web,15,1753,0c30da67503b5d95b25192ed04c0d5ba9877bb6e4e20fbb9fe5430932f9cb7af,inventory only; see report for traced paths
apps/web/src/components/PreviewPanel.tsx,web,61,3451,d0cddd9bcab2771a3088fc9af9f506139ea923eb40d31257e1fbb216418bdc1b,inventory only; see report for traced paths
apps/web/src/components/ProcessesPanel.tsx,web,64,4630,4c2a8baf475e344eb3cde96a83521b228a2b25b0c656aa5ed6cd040880f3f23f,inventory only; see report for traced paths
apps/web/src/components/PublishPanel.tsx,web,587,23940,71b0b0063f357e04285a4ce7526878c64997086a20c1d71171aae64db315d6c1,inventory only; see report for traced paths
apps/web/src/components/SaasLayout.tsx,web,331,15161,8309589cd148a12adb2c4eb9ef7f2874a571e388647d65b91747d644aa57ff54,inventory only; see report for traced paths
apps/web/src/components/ServicesPanel.tsx,web,58,3798,7bc1d5f73ae476e64775ee10e42b922b63ad0b64257c88c7d0bf1c047b5ead70,inventory only; see report for traced paths
apps/web/src/components/SystemNotifications.tsx,web,56,2894,07a8c3f646d26f25f9a4fb2dd0d93812a0e721f7e05fd18f49405f506174f0d5,inventory only; see report for traced paths
apps/web/src/components/SystemStatusBar.tsx,web,42,1833,fa29b27f3e5ebeff68b57f693702d219812fc5a4e5c4f258041402813db43ed0,inventory only; see report for traced paths
apps/web/src/components/TenantMessenger.module.css,web,119,11474,b94d7884ae443317f8b66b6671c0700ce4c0de7cb235ca4b61240816459c996f,inventory only; see report for traced paths
apps/web/src/components/TenantMessenger.tsx,web,613,40024,78b79a53f26ded48fc57d330452c730cc681d15b4eeb0a26f1c428098e8feebe,inventory only; see report for traced paths
apps/web/src/components/TenantProvider.tsx,web,147,5159,e10e479b19d7b00fca455996239737eecded2e49dac6ff63db9fe3632ffa37e5,inventory only; see report for traced paths
apps/web/src/components/TenantSwitcher.tsx,web,326,11820,745c0fb0f9e6f7560984e999bd75a0af4fa2c8df086eee9fc01d66d13d02fe2f,inventory only; see report for traced paths
apps/web/src/components/TerminalStream.tsx,web,154,5200,807e010f5721ff1a36e7b89466676759f5f1317a614ccdcb92c98c09642494f1,inventory only; see report for traced paths
apps/web/src/components/Toast.tsx,web,83,2627,3cf3e6a03f6fca2bcf0172f37dda2356fdacdcc0f9696ed87422a5716bed83ea,inventory only; see report for traced paths
apps/web/src/components/UpgradeModal.tsx,web,168,7613,304163d3ef3f21d5cc844a985b3ed76b757e259266351c56dc5a7277f917165b,inventory only; see report for traced paths
apps/web/src/components/WorkspacePanel.tsx,web,163,8377,49db0d47cb732b55e51603c4125dd73641d948b44bb9003aafe7e3da9861da93,inventory only; see report for traced paths
apps/web/src/components/brand/OperatorBadge.tsx,web,46,1224,037ece8538b4add1c84df828945bfbd0e906993c0efd16d514f2e6a908b454a1,inventory only; see report for traced paths
apps/web/src/components/brand/OperatorLoader.tsx,web,134,4132,b7014b00ebf92881743e4d5aeb02bb875e1eae76458deb664abb8c13b0043e00,inventory only; see report for traced paths
apps/web/src/components/brand/OperatorLogo.tsx,web,131,4009,1a7efbdca215ebffff589091666f8008907808d43c9814554c2ceccbb507a90d,inventory only; see report for traced paths
apps/web/src/components/brand/OperatorMark.tsx,web,66,1811,d7c0045924076763124a4b140831878c37af7eae945f57e3aa508c332bbb67f0,inventory only; see report for traced paths
apps/web/src/components/brand/index.ts,web,4,242,b7e360b8f61cc061a6773b2e5f1424c13cbf366c07b5c30e68c037be7084ccaf,inventory only; see report for traced paths
apps/web/src/components/help/HelpCenter.module.css,web,98,11333,57b36f3133baa75c88d82263efbe693c4c03308f5738cfbadf5fc15c15ce0a93,inventory only; see report for traced paths
apps/web/src/components/help/HelpCenter.tsx,web,322,13455,09514a5b42d8b62953c8d26ac077946965f2457306dc864347fd11b413e3d91a,inventory only; see report for traced paths
apps/web/src/components/marketing/LegalMessagingPage.tsx,web,281,15115,522538d042a9c873cabd648bb36537451f62d7df91b5843f5ce219ac539a4afd,inventory only; see report for traced paths
apps/web/src/components/marketing/MarketingFooter.tsx,web,179,5276,f8db2b8a3cb59cc649c83eddfc9599220a0a4b56837e2f13f5b87c30a4014813,inventory only; see report for traced paths
apps/web/src/components/marketing/MarketingLayout.tsx,web,65,1750,207a47df89ca3c8e00718599ab9392365475bbe91bc97e65d1406663a3840937,inventory only; see report for traced paths
apps/web/src/components/marketing/MarketingNavbar.tsx,web,320,11984,f8a93e61d0b3b8d1d19fc9d4041fc9d9d198bea1c9cbc61f8dfadc825606e9d9,inventory only; see report for traced paths
apps/web/src/components/marketing/MarketingPlaceholder.tsx,web,124,3551,530372a7c166df799b33ab13a6d317eefc43b5b93654d9faf5bb22ac36c8b980,inventory only; see report for traced paths
apps/web/src/components/marketing/OperatorOsPolicyPage.tsx,web,243,15909,f8c4733cd177a15b8788b738e72d33ee02244dce8b6d2e5766847f6dfe10db13,inventory only; see report for traced paths
apps/web/src/components/marketing/SmsConsentForm.tsx,web,110,6393,5710f45acc6e4df720ac0142f37a56f2d85d5c4459102e9baef2e0f79a019808,inventory only; see report for traced paths
apps/web/src/components/marketing/sections/CommandOrbit.tsx,web,358,11548,0b77279a110d0d7f26fbee8fe770d61bc181d2c1ee83137994f62b4e44e64b44,inventory only; see report for traced paths
apps/web/src/components/marketing/sections/FinalCta.tsx,web,101,3108,ddd88826ad54baa429b64030bad223fa7a51b8d710657b575b969d2ddbbd1bce,inventory only; see report for traced paths
apps/web/src/components/marketing/sections/Hero.tsx,web,514,17720,8009aa112fe8fd311ab40e14283e5085bccee6dc13a26933da3c91d662e00ffa,inventory only; see report for traced paths
apps/web/src/components/marketing/sections/HowItWorks.tsx,web,143,4404,a22840ac82a25a9d2ab6f8058a99d30602a474e01311935f166dca8c1a3eefd9,inventory only; see report for traced paths
apps/web/src/components/marketing/sections/ModuleGatewayGrid.tsx,web,455,15181,912af64c9ca0e20944eb2d361e8d23f4c797484b1273322217645d94113fdead,inventory only; see report for traced paths
apps/web/src/components/marketing/sections/PlatformPositioning.tsx,web,415,13476,3a1306e54aee429baa47b890b81b643d5e688e0e3460a1fde828aff8dfb7702c,inventory only; see report for traced paths
apps/web/src/components/marketing/sections/PricingFaq.tsx,web,154,4525,f8bb643b4c66b41a9c300721061b44dc3bd7986428207ac975f6675203f64610,inventory only; see report for traced paths
apps/web/src/components/marketing/sections/PricingSection.tsx,web,572,29538,517688bdb31025c5fffa4b3279a19154650cf6325ea18e78fbb06bb3bc6ac16d,inventory only; see report for traced paths
apps/web/src/components/marketing/sections/PricingTeaser.tsx,web,99,3205,b56f6e591c0b03f68ad7c8b26f2a2bad3a7492b6e4b45b1af872d56d3196dff3,inventory only; see report for traced paths
apps/web/src/components/marketing/sections/TrustSection.tsx,web,189,5802,0febf6bec3e08df0be071003336277271f32f811522c07fea3fdaf079b3c0e9b,inventory only; see report for traced paths
apps/web/src/components/module-application-shell/ModuleApplicationShell.module.css,web,315,7265,4ae2a61d114fc23c518bb71057885efb6a60b1aa3b0f7fbcf91c491779fdf78d,inventory only; see report for traced paths
apps/web/src/components/module-application-shell/ModuleApplicationShell.tsx,web,343,15864,9bc09e4f178ae62262d6597580b66672f4d7b480aa9a10145ac232d265ebb365,inventory only; see report for traced paths
apps/web/src/components/module-application-shell/__harness__/ModuleApplicationShellHarness.tsx,web,50,2301,dff3c8f901137b2bef9c4a39a1192fd24b3d706626f8a897207c680bb51157fd,inventory only; see report for traced paths
apps/web/src/components/module-application-shell/contracts.ts,web,137,4895,880ba30cda0660b13f9ad6c12f83e4e523ceacd1a76049f0e68d94e1ebe92657,inventory only; see report for traced paths
apps/web/src/components/module-application-shell/index.ts,web,9,295,f8da594d29cc58a591bd16eb0454deaa17464d4397f2303380a58f620d8aad90,inventory only; see report for traced paths
apps/web/src/components/module-shells/BrandForgeCompletePanels.tsx,web,870,30534,b87459bb1f37c5eea75b6b6803f51f3141409557a65fdc70a9d9c124b6f529f1,inventory only; see report for traced paths
apps/web/src/components/module-shells/BrandForgeRouteShell.tsx,web,103,10370,eab3cdddccaf131b8dba37405339a212fc265edacdaa148ef82172135ef9e1ba,inventory only; see report for traced paths
apps/web/src/components/module-shells/BrandForgeWorkspace.tsx,web,1682,84676,30a6566822c50413886ee48be921dffae5cd05b46693a8c63d3fb97892ef86c1,inventory only; see report for traced paths
apps/web/src/components/module-shells/BrandSvgConceptExporter.tsx,web,455,27627,5fa88ce4afd714132c9c548bcc401ce24852658ba59c84e87f48d848bb4c6b0c,inventory only; see report for traced paths
apps/web/src/components/module-shells/BusinessDirectory.tsx,web,195,25844,a3a109e1451dc3a228aaa1b571466304e5785edb52ded6a0e31eda648305fcd3,inventory only; see report for traced paths
apps/web/src/components/module-shells/CallCommandCommercialWorkspace.tsx,web,1049,106604,e44616ab5bc03123048eeccfddd223a2cb79c8b3e4d3177f7ae8f9ba884e866c,inventory only; see report for traced paths
apps/web/src/components/module-shells/CallCommandMspWorkspace.tsx,web,263,34615,914147f069daa7d881293d05ebe66c090c676e33c267456b18a68e4d9bf5f31a,inventory only; see report for traced paths
apps/web/src/components/module-shells/CallCommandRoute.contract.ts,web,113,10113,adcb9d592cbbdf1ae8d0f81eb22cab544fd2d2d679639aeadf3ec457d89ad33f,inventory only; see report for traced paths
apps/web/src/components/module-shells/CallCommandSetup.module.css,web,36,3382,80beccb3a26cacae4e1998710d2e7cf220eceec27f056436740bdc41d68e057b,inventory only; see report for traced paths
apps/web/src/components/module-shells/CallCommandSetup.tsx,web,164,16657,01422cf07e2a0fa322ad1c966c4b0d4b5f03b928dbd0048da69143c97391a038,inventory only; see report for traced paths
apps/web/src/components/module-shells/CallCommandShell.tsx,web,79,6176,84e967aed89af72701812c521e8e6f897db70eb5af08c1fd44d0a2e184712a9d,inventory only; see report for traced paths
apps/web/src/components/module-shells/CallCommandWorkspace.tsx,web,260,28202,ee5422cad10be743306a06808e2e79d745b003454a333c4d98575f60343d4287,inventory only; see report for traced paths
apps/web/src/components/module-shells/CoreSuiteJourney.tsx,web,24,972,826d34ee190a066aa89036f21da1077f57c0e5a9d84705b19cdcd540d6fe947c,inventory only; see report for traced paths
apps/web/src/components/module-shells/CoreSuiteSection.tsx,web,17,774,3c300945550d1b429394687ca560a80aaeb5b494730373c2f47374cb31e2c3dd,inventory only; see report for traced paths
apps/web/src/components/module-shells/CoreSuiteWorkdayBrief.module.css,web,418,9232,e40ed4853bc447ff3f9a72a37c436f045a1a776d4b83a3e04ff8531527e8603c,inventory only; see report for traced paths
apps/web/src/components/module-shells/CoreSuiteWorkdayBrief.tsx,web,100,4312,a4807bb5925262ce9df8ff958d8509e5ade0a6f0f35728f7033d58985144f886,inventory only; see report for traced paths
apps/web/src/components/module-shells/CoreSuiteWorkflow.module.css,web,37,2909,687c5f6da6fe5df7474ab8a8ec5331a03e6f99aa8c5d8e53b0372afd5b3ee69c,inventory only; see report for traced paths
apps/web/src/components/module-shells/FaultlineGuidedAuthoring.tsx,web,313,30914,0a8c813bbf2b396dab459e6102741f3b5ef17fe078d427e5919a05d2866b311a,inventory only; see report for traced paths
apps/web/src/components/module-shells/FaultlineLabRoute.contract.ts,web,105,6117,7e9d189ccab295eab8bb36ce876f1314a91e7e7fadc2bfc4169d37da04600686,inventory only; see report for traced paths
apps/web/src/components/module-shells/FaultlineLabShell.tsx,web,154,9999,bf00ff5e3d30554b9437650103ae821f9b30962ffe29bdf1976003107f37bbe0,inventory only; see report for traced paths
apps/web/src/components/module-shells/FaultlineLabWorkspace.tsx,web,813,62447,aeab57f4801109f1e480b60264269e547528600e60f613d84e745ffcdffcc3d5,inventory only; see report for traced paths
apps/web/src/components/module-shells/ModulePageGuide.module.css,web,50,2778,0574c4c68ad9865385aa8783b9cfde9a2214865f28ca82ff5ba35f7780853c48,inventory only; see report for traced paths
apps/web/src/components/module-shells/ModulePageGuide.tsx,web,48,3177,365c1b50bd2128a212a22e3ffe9c88b003691c9040a0167a82e0885c06b4b22b,inventory only; see report for traced paths
apps/web/src/components/module-shells/ModuleWorkflowJourney.tsx,web,24,1269,f70fa2bc822f2c31987bd7eccf862572150559db70a00bf1bcac7d1e1e8ad63e,inventory only; see report for traced paths
apps/web/src/components/module-shells/NinjaLaunchKitCompleteWorkspace.tsx,web,1396,55490,167df01be86828754c5ccb5785810686c8d82c4c0b544cfbec64d5e9c01d8ff8,inventory only; see report for traced paths
apps/web/src/components/module-shells/NinjaLaunchKitProductShell.tsx,web,112,3544,550e3b140190cdc01268c2a999ba99d16d0725c8959f95754817c0b3823f1109,inventory only; see report for traced paths
apps/web/src/components/module-shells/NinjaLaunchKitRouteShell.tsx,web,290,9689,df9986c02239691b4dcd9c5ca404b5a141113b1c919fff09548a8bd8f03bd2b8,inventory only; see report for traced paths
apps/web/src/components/module-shells/NinjaLaunchKitShell.tsx,web,834,30765,1f7db4c6b0d460eae00b4f1ea5ab9274e9c4cdd57cf6f0356460c2fd4d633b48,inventory only; see report for traced paths
apps/web/src/components/module-shells/NinjaPoolHallMatch.tsx,web,839,35074,eb98db879fa7f038db9cd1395a97e241c399bfe67df6b06b1a8c7d708a7dd5d7,inventory only; see report for traced paths
apps/web/src/components/module-shells/NinjaPoolHallMatchDetail.tsx,web,59,4847,fb137c01ebda729d26538c24dad7cf9946835a72183b72d4b4f506e2706c9a9b,inventory only; see report for traced paths
apps/web/src/components/module-shells/NinjaPoolHallOnline.tsx,web,394,27177,cfa31aa1ae1f0f86b768bfba9f0661c98eca6fa2c79031ac7e033504239c8544,inventory only; see report for traced paths
apps/web/src/components/module-shells/NinjaPoolHallPractice.tsx,web,1002,40196,99f6dac4f409f88616aabc2df792abea813c5c288d762fb8e2220aa6a0695edc,inventory only; see report for traced paths
apps/web/src/components/module-shells/NinjaPoolHallProfile.tsx,web,90,8266,7fa062560ab6baea84c3b650cbad1eb3e2bb81cede7d4da9ce49f448a91a832a,inventory only; see report for traced paths
apps/web/src/components/module-shells/NinjaPoolHallRouteShell.tsx,web,312,9661,75884ae9c6d002fb978f841e5ba95cdb0b6f4f1c46b1afbee108b127c1e9c8e2,inventory only; see report for traced paths
apps/web/src/components/module-shells/NinjaPoolHallShell.tsx,web,384,19713,8e4eedac398a990bbe243e5678583f0e3f2b017ac755285281cea613de481deb,inventory only; see report for traced paths
apps/web/src/components/module-shells/NinjamationRouteShell.tsx,web,324,10670,b452ec797c8df8df69a2308e80d1c2b58c540e92d1ff5c7578f0c4f4e4a76509,inventory only; see report for traced paths
apps/web/src/components/module-shells/NinjamationShell.tsx,web,1703,74420,24f466fba9c693e85d89df3de090acdb51732349ea2f815231c7845a94facb5d,inventory only; see report for traced paths
apps/web/src/components/module-shells/OperatorOSEcosystemHeader.tsx,web,89,5551,d5eeada4671bb7cfbd5b09f11ddd697ab6803a1791c3d36894d7bf54c3bf2921,inventory only; see report for traced paths
apps/web/src/components/module-shells/OutCallRoute.contract.ts,web,93,6925,029b3ddfe490610e0718faefa8933aa59890668848f4eedc9b31f83c280a2f05,inventory only; see report for traced paths
apps/web/src/components/module-shells/OutCallShell.tsx,web,75,5730,400f6db3b9b76309d31ec2cb716f0acfb5bcb679691f3ce692be36087e202ea6,inventory only; see report for traced paths
apps/web/src/components/module-shells/OutCallWorkspace.tsx,web,317,21133,8fee42d7f38efa1677d261c63c19a4bb1d8fac39b3b6a69e87e001faeacad859,inventory only; see report for traced paths
apps/web/src/components/module-shells/OutcomeWorkflowAction.tsx,web,531,22381,fa54a9670d35403382634276d402d820b793b61b481c6ede17b5e4b69e56fa19,inventory only; see report for traced paths
apps/web/src/components/module-shells/PulseDeskConnectorConsole.tsx,web,48,6883,4243f7c7e25e096af82f2caa56a07517ccb874bfb236bf3a52481a2db909b605,inventory only; see report for traced paths
apps/web/src/components/module-shells/PulseDeskDepartmentEscalationQueue.tsx,web,1342,61326,1cf2c7d463c111ed89688708dcd5b7fd17164f22f157a3eebf346b1194ceb28c,inventory only; see report for traced paths
apps/web/src/components/module-shells/PulseDeskRoute.contract.ts,web,108,7400,7b45cb08a73c8c1fb5b461f5fd62e43903d5b42dd16c2672da2c79586c57cd44,inventory only; see report for traced paths
apps/web/src/components/module-shells/PulseDeskServiceDeskWorkspace.tsx,web,417,55047,6f3e0afb3a5f413e00e28e0137a12d3239a939f10e95d8061a5c80cf8e9130ec,inventory only; see report for traced paths
apps/web/src/components/module-shells/PulseDeskShell.tsx,web,284,20673,e53d5d7a00db17ff040e2419195c7afada677be117d76977c154316f75f7e066,inventory only; see report for traced paths
apps/web/src/components/module-shells/ShellChrome.tsx,web,78,2296,f07cb86be84466caca2ba30c5b3235c6228e6ae45aae66f3819283ba3b121687,inventory only; see report for traced paths
apps/web/src/components/module-shells/SnapProofFieldWorkspace.tsx,web,1568,53681,7f0b2f8dc56ef5df6916197d83aee5b43ff846bf819b5619c17c127889698423,inventory only; see report for traced paths
apps/web/src/components/module-shells/SnapProofRoute.contract.ts,web,146,10696,4b878a3b374b1580d6c60b9f8fefc43df9b8de4c76991fa70b7209903a805553,inventory only; see report for traced paths
apps/web/src/components/module-shells/SnapProofShell.tsx,web,100,6570,e9e98efb83390ad466379c7350b4e29ac118028aea998578c953d81133d7c05e,inventory only; see report for traced paths
apps/web/src/components/module-shells/SnapProofWorkspace.tsx,web,501,41883,bfa5fdb3ffae68ba364a0c4d294f3d9f86d767e1228ea534e31ce5b68925a11b,inventory only; see report for traced paths
apps/web/src/components/module-shells/StudyForgeCompleteWorkspace.tsx,web,398,36098,01001415a5660a3fa34924fff10dc31180d8266e122fbe4b12f4c1145b216332,inventory only; see report for traced paths
apps/web/src/components/module-shells/StudyForgeRouteShell.tsx,web,102,8288,8700d4b25bb17400b419623606419a3fe29645be4268edce16ffb2904d2bdb4b,inventory only; see report for traced paths
apps/web/src/components/module-shells/StudyForgeShell.tsx,web,465,34382,4071ddcb227f20a1758369bede9e83fc0beef2f65f6ea2df01e2df9fe57cc206,inventory only; see report for traced paths
apps/web/src/components/module-shells/TechDeckLiteralConsole.tsx,web,177,20539,99f5b6b427760730c0df7d4a763f6b2424ae492cb2a06b1107752cbbfa88b9e3,inventory only; see report for traced paths
apps/web/src/components/module-shells/TechDeckOperations.tsx,web,375,39828,25136254ab667c2b9d922c6812e1b8b4d302be921da30bcb3458091f1bc22472,inventory only; see report for traced paths
apps/web/src/components/module-shells/TechDeckRoute.contract.ts,web,141,10976,ee3aa0c0568ac915b5f013dec755d48192d4461e6eb36e89f4ebeed30f00aa29,inventory only; see report for traced paths
apps/web/src/components/module-shells/TechDeckShell.tsx,web,277,17058,4eeb60e6b8f684ef3a02bc674e83005ce2910253967ca0c6dd1125fdea48f7bc,inventory only; see report for traced paths
apps/web/src/components/module-shells/TechDeckTicketQueue.tsx,web,781,40140,64e37319f395c0345061a32dc39cccd540ec594931638669f88fb28714fd4061,inventory only; see report for traced paths
apps/web/src/components/module-shells/TechDeckWorkdayBrief.tsx,web,66,2741,0a53c9de837488c4e28e3860f1065f86e008e0ce7fbdc079e054a08014a196a4,inventory only; see report for traced paths
apps/web/src/components/module-shells/TorqueShedNativeAuthorizePanel.tsx,web,45,4334,020c71032c19aaf8318c2d7afc42796a40aca5c97c12d202f1e001f3ec94073f,inventory only; see report for traced paths
apps/web/src/components/module-shells/TorqueShedRestorationPanels.tsx,web,81,22304,7f4d85db254aa9d833d89d1e4b6567521e01a7b8ff395e819697c96a65704ee7,inventory only; see report for traced paths
apps/web/src/components/module-shells/TorqueShedRoute.contract.ts,web,154,12036,6e6b5bae6e76963f135ecdf81b75653b87e8431075ff23ef110f53ebe76a43de,inventory only; see report for traced paths
apps/web/src/components/module-shells/TorqueShedSocialPanels.tsx,web,1512,56935,da8f34e4b5caed507d759940aa1490d58107e1516c60c3118ec48e8b5013645c,inventory only; see report for traced paths
apps/web/src/components/module-shells/TorqueShedWorkspace.tsx,web,2034,96123,5d272396c7c86212f390e486a9de0aece3935ff395a566a356d26cccf6aae443,inventory only; see report for traced paths
apps/web/src/components/module-shells/TradeFlowKitGlobalSearch.tsx,web,202,10176,51caac5b05a09b8b38d06d55e866d273f26b25e794a6054bb3df8b34fd4e2b5b,inventory only; see report for traced paths
apps/web/src/components/module-shells/TradeFlowKitLeadCenter.tsx,web,558,29028,ade0a0c6129201cb49c28a853434f2a7f26b91e92a0d716072b70536df8349f0,inventory only; see report for traced paths
apps/web/src/components/module-shells/TradeFlowKitLeadOperations.tsx,web,369,29188,98103aff7c18ba141b50e515792aada6efd24c4b0ba369a9608d47273804b6bd,inventory only; see report for traced paths
apps/web/src/components/module-shells/TradeFlowKitOperations.tsx,web,614,50651,7d4c53da67af6819073110204a0366770f3db30dbed646a2d9ee82ca65d147bb,inventory only; see report for traced paths
apps/web/src/components/module-shells/TradeFlowKitRevenueFlow.tsx,web,720,59539,33a32d1ad46cf45bb406cc8744ff3c907782e90c25676c35cea89f9b5e5da244,inventory only; see report for traced paths
apps/web/src/components/module-shells/TradeFlowKitShell.contract.ts,web,93,4620,08ae1d929be784dbce062e351b70af377aba1e553842d9d15c9c2cc030654f22,inventory only; see report for traced paths
apps/web/src/components/module-shells/TradeFlowKitShell.module.css,web,780,20299,54f7533ef9ccaa6bed93112524a0f062b96159bce6695e7242839f6e4ca91d1f,inventory only; see report for traced paths
apps/web/src/components/module-shells/TradeFlowKitShell.tsx,web,514,26622,ffc4a5be27eb92ced3d55313470b18a649859bbee1b9d59fc2c21219fe0557af,inventory only; see report for traced paths
apps/web/src/components/module-shells/TradeFlowKitTrash.tsx,web,154,11895,9e80762d3cfb7e64b6af3990acd568a9bb0f8ed4487f5aebe871c2065275e175,inventory only; see report for traced paths
apps/web/src/components/module-shells/TradeFlowKitWorkManagement.tsx,web,539,33663,6b0fee16fe6a15d090d75c640150cb956f919ba8b3af2292abdec0229857e2c1,inventory only; see report for traced paths
apps/web/src/components/module-shells/WorkflowModuleShell.tsx,web,183,11085,844df1882c4dc3945de267532102c122a05e0ec4292dfaf9ae50dc24e32cf3c4,inventory only; see report for traced paths
apps/web/src/components/pages/ActivityPage.tsx,web,79,3153,b42f6dedd3b1c3884e7ad03faed7e854d7c689fc60e0a723b2b9b70e090f6dbf,inventory only; see report for traced paths
apps/web/src/components/pages/AiToolsPage.tsx,web,902,39052,5b9c4a94232ecfa3d02a3c83d449d052ba25c7c41d7de5c85498c5ae68d6d134,inventory only; see report for traced paths
apps/web/src/components/pages/AppsPage.tsx,web,566,25719,08be3d25e41e36dfc69672b15b22879b03509cd84ddeee9b902da0d562b14de6,inventory only; see report for traced paths
apps/web/src/components/pages/BillingPage.tsx,web,291,22797,fcf5f0ca8f4315464101f682a6d2cd4ad4d6fcf1a9db4260145e38030cee20b6,inventory only; see report for traced paths
apps/web/src/components/pages/DashboardPage.tsx,web,205,9567,00dd2ef95b0889793ba5456928d7a68f499b019e6d5e3e9ae66619c6e929140d,inventory only; see report for traced paths
apps/web/src/components/pages/ForgotPasswordPage.tsx,web,100,4702,3334af4f5f440534ca692043aad9074e70a4d83bf6dd78b6b4f8c0c49085fe1f,inventory only; see report for traced paths
apps/web/src/components/pages/LoginPage.tsx,web,314,14389,e2e38f4e0b4bcf640d18e31f2e7df0fcdfd9cbd993f5ba0c701c58c4e4a98995,inventory only; see report for traced paths
apps/web/src/components/pages/MyAppsPage.tsx,web,1146,41228,014a2ffa7fb61428f2af20ff3ceebc72e181a19b5bc5a693458dc78e7a36ed8b,inventory only; see report for traced paths
apps/web/src/components/pages/NotesPage.tsx,web,165,9777,4e600c8cc3e6671e7069b2ed2d164bcdf4a82c508c6e8d9a7eb5fef47afa1f92,inventory only; see report for traced paths
apps/web/src/components/pages/PlatformPage.tsx,web,2136,117273,7cf0b43de5f4f15eb51832bef5a4db0d296ae4715504011c6447c71a49649d62,inventory only; see report for traced paths
apps/web/src/components/pages/ProjectsPage.tsx,web,277,12573,7d094598f99ff248b55f9ba470c9e516ade264d1e6b94b9fd4faf23a66a1a2b6,inventory only; see report for traced paths
apps/web/src/components/pages/RegisterPage.tsx,web,124,6368,a3b1066329d2cff5151fd939441cce4d4fa112fa631d808a9cae5ebc372118c2,inventory only; see report for traced paths
apps/web/src/components/pages/ResetPasswordPage.tsx,web,148,6604,be442776aff53c314d576735f9469744ee56a75eaa5f25d588d260af735122ec,inventory only; see report for traced paths
apps/web/src/components/pages/SettingsPage.tsx,web,379,21775,9aa1291104b900fef22e587208868551357564cd57e940b43e01c3a4bf86a174,inventory only; see report for traced paths
apps/web/src/components/pages/SharedServicesAdminPage.tsx,web,205,20259,402ce9797b6fb5641317c2b6ad5f02f353bb69cdba3cb5d1eac6850459b5704d,inventory only; see report for traced paths
apps/web/src/components/pages/SuspendedPage.tsx,web,60,2291,2fe2f672aa3c0ae75bdd35d3634c06e66068c041d5b0733f05a2dea40ea8a50b,inventory only; see report for traced paths
apps/web/src/components/pages/TasksPage.tsx,web,248,12184,f2482b439a300338f408be4ed76a26cd017b80f84ed1bd4cd0e97c742ad4c017,inventory only; see report for traced paths
apps/web/src/components/pages/TenantBillingPage.tsx,web,354,20420,183b4561a4504d4e05d96b1a2b7257a2e5918c6d8b59d2c4710ed4c97b984abb,inventory only; see report for traced paths
apps/web/src/components/pages/TenantCommandCenterPage.tsx,web,446,22150,e5b8a4fb6b4404fdde4f6b8bbabe38aa8ce99b0b319884c9ca21c302a75aac71,inventory only; see report for traced paths
apps/web/src/components/pages/TenantModulesPage.tsx,web,102,4386,9fae74f31068357ef51e6d82fd197d98fc13252edf428c9b810caaca2270e7df,inventory only; see report for traced paths
apps/web/src/components/pages/TenantSettingsPage.tsx,web,302,14261,5c5444e66964d93a480a899f4cf49555ddf322e3d3751438c9c2adf533c5c449,inventory only; see report for traced paths
apps/web/src/components/pages/TenantUsersPage.tsx,web,469,21008,bec5c9a917c1f5f503e0964e6d6c6d4979b0d0463f10be0c0d5c688373839085,inventory only; see report for traced paths
apps/web/src/components/pages/UnauthorizedPage.tsx,web,38,1285,70349a28e76be57bce11ff46590400a56feef70226a4b6ae5cbf927d9e2dc478,inventory only; see report for traced paths
apps/web/src/components/pages/VerifyEmailPage.tsx,web,59,2805,5d50390d7448f295b3ed956ab61910b77473ca31117546e41e73f3fd1754896c,inventory only; see report for traced paths
apps/web/src/components/pages/WorkspacesPage.tsx,web,174,8954,df5631978602f600cd336d6d9dd38c24c715a3a1dcacfa4d7b2a0cc869492cad,inventory only; see report for traced paths
apps/web/src/components/platform/PlatformCommandShell.module.css,web,400,6739,08d3cff954e577b3fccaebe90de6aa31488bf638c6ef3634e46f8b4b4bf2bcdc,inventory only; see report for traced paths
apps/web/src/components/platform/PlatformCommandShell.tsx,web,280,13041,07a9d187b65d65f5a08a97fc74c25b54ebf348d700d93cac761d3829d85ee708,inventory only; see report for traced paths
apps/web/src/components/platform/PlatformWorkspace.module.css,web,19,1803,99b285c681385c95486943a4142fd84bc5adf44a93f0fce29d68828c93a4d236,inventory only; see report for traced paths
apps/web/src/components/portfolio/PortfolioPage.tsx,web,886,33130,06aa8977841850ac6a3aa7d2f6fac8d8a9a5eb54ea32564f6e76686f8178d20a,inventory only; see report for traced paths
apps/web/src/components/portfolio/portfolio-content.ts,web,362,13423,68ac86f7365d3a95a5936c8d79026216ff869412b424722a1f6501b705276ae5,inventory only; see report for traced paths
apps/web/src/lib/admin-api.ts,web,118,4150,d1f60ea6bf3ecbb81957699a863e2202b734788e7e22444f14e43a0261b6c82b,inventory only; see report for traced paths
apps/web/src/lib/api-config.ts,web,22,685,4226444f4a92d41bdb5bf243e4cbcf6ce188594e161861fa676ecf92cf11d868,inventory only; see report for traced paths
apps/web/src/lib/api.ts,web,278,9966,eee3440c7f866f44f97d70a9fe6a31172b80ffbf450820ddc74e1aecf0cbad48,inventory only; see report for traced paths
apps/web/src/lib/app-logos.ts,web,55,2359,6447c21608b77e4d4091d386d979ce735ba6e3938b09f64ed93953fbc729ef49,inventory only; see report for traced paths
apps/web/src/lib/auth-navigation.ts,web,16,858,3c75c0eb672c53f78053cd2a2739889f886e50bae7809f50c4be6c23ad92be10,inventory only; see report for traced paths
apps/web/src/lib/auth.ts,web,3130,194800,eb68ed2bd52af428685ef015f7fa5897c1aecfd742244356112305422bf3a8b2,inventory only; see report for traced paths
apps/web/src/lib/brand-assets.ts,web,11,495,6821993728dc606d6a5a576005420147da46a6e94f8f0abe9c2318fa5fbe0255,inventory only; see report for traced paths
apps/web/src/lib/brand.ts,web,109,5590,7abf92fb297c71d5b220e9fb3505a75eab06a91c72356251d303b7dc260e8afa,inventory only; see report for traced paths
apps/web/src/lib/companion-workflow.ts,web,514,32931,6db8034139b7c693860ff8178793f0825917dca3e4be4dd354c74b067f1f4640,inventory only; see report for traced paths
apps/web/src/lib/core-suite-journey.ts,web,48,3671,70200b49b6c73a52586ba0e7c2f2bc0d59ac659c404a518596628abb26a22d3f,inventory only; see report for traced paths
apps/web/src/lib/core-suite-workday.ts,web,390,20025,f6dd86091880be38c2a4d8ac007dd36e4f19a2ad108f22d47a949c0d22021747,inventory only; see report for traced paths
apps/web/src/lib/design-tokens.ts,web,170,6281,3d34d4f8f8064466f30bb6ca4568019a771ec5b93ae0df6ad8c9a7d89ba328b4,inventory only; see report for traced paths
apps/web/src/lib/help/companion-module-guides.ts,web,200,49160,75b3c4dede72df1efeda5e01f3780456c8ccafd5d8f11897cd802995dd877bf9,inventory only; see report for traced paths
apps/web/src/lib/help/index.ts,web,90,3048,4aa17b232a466a35ff730fb5b3f5ed9b9eac423e1dbca08c83374da1b0402ec9,inventory only; see report for traced paths
apps/web/src/lib/help/module-glossary.ts,web,17,3601,cda081545e8ec22f42c46203ba133e4fc69bcf3aa7050c26c6fcc6fef53cee59,inventory only; see report for traced paths
apps/web/src/lib/help/operatoros-guides.ts,web,153,16635,f734f187689e2d667f48f718dcacabaa2de224ebb7b6f1493c0573059e0d4b13,inventory only; see report for traced paths
apps/web/src/lib/help/page.ts,web,55,1329,7775a23dff7843117bef7321ec00397e86217c68d4d0f96a86c9ad664b0ee6cc,inventory only; see report for traced paths
apps/web/src/lib/help/primary-module-guides.ts,web,110,29247,f5d7f71393dc56e99a2c2d32c1844f10a784e986232074a29fcadb1125c730d5,inventory only; see report for traced paths
apps/web/src/lib/help/types.ts,web,25,542,b035c33ae360c5f12be92888ae31b9efc543833bbc4a1ccfc88288eb7281a2c2,inventory only; see report for traced paths
apps/web/src/lib/launch.ts,web,31,1063,6aa44487f108262c61978548bc4ac1eecfb698f3cefa6b34000693f587fbc27d,inventory only; see report for traced paths
apps/web/src/lib/marketing-catalog.ts,web,198,7080,7d99726a253ffb3263db1b366a5b4e577320469f6a302774d5528e179c56b9cf,inventory only; see report for traced paths
apps/web/src/lib/marketing-cta.ts,web,64,2885,7b58f5c8ebccb47223f8dff3eee4f6a529f8ed5cac721f6f7df1806fa02d97cd,inventory only; see report for traced paths
apps/web/src/lib/marketing-pricing.ts,web,63,2893,bc3c1b33cd38cfeafc1695ebd83ff59b5851af5b5fcf7fbb7e5274739caddc8f,inventory only; see report for traced paths
apps/web/src/lib/messenger.ts,web,175,7249,52c76449c35512fb736530ebb885d7c7f01449c1dad9eb548dd497745e908615,inventory only; see report for traced paths
apps/web/src/lib/module-launch.ts,web,147,5079,a92d65b762c64a85df36eca7e93c657e04d289c0edb19996a07f9727887bd193,inventory only; see report for traced paths
apps/web/src/lib/module-workflow-journey.ts,web,87,7060,246728508b429a36d9044508850354c8c35835e8ecd47ac5d60b10a8cb7255af,inventory only; see report for traced paths
apps/web/src/lib/ninja-pool-hall/audio.ts,web,112,3604,fd1485fdf83d3f95fb362c4c20461cdff9def1daec27d7a1797dc15af31592f2,inventory only; see report for traced paths
apps/web/src/lib/ninja-pool-hall/bot.ts,web,129,5285,d4c7f7699b99684b5f4f7bdb8c89ffc7c0a9cfe322010f4220660e194209b9c0,inventory only; see report for traced paths
apps/web/src/lib/ninja-pool-hall/network.ts,web,71,2816,3b344935c4e62f843bb31d5801c5c64863a6f123abe4773d5b6eabad5c5e0af0,inventory only; see report for traced paths
apps/web/src/lib/ninja-pool-hall/online.ts,web,71,2454,b43f57450db414b347f69a0db0710b8734ddba578e6294a5815a1a550e929174,inventory only; see report for traced paths
apps/web/src/lib/ninja-pool-hall/performance.ts,web,20,860,f1fec46434d56d5fd83b1bf28bf5db8005914e9a72477f59601b3c6f0a4e9307,inventory only; see report for traced paths
apps/web/src/lib/ninja-pool-hall/physics.ts,web,1103,41984,5f81da49313dfe5052522342cf8763e4a42e221ee72cfc9f46d255b50195be7f,inventory only; see report for traced paths
apps/web/src/lib/ninja-pool-hall/practice-recovery.ts,web,52,1948,fb7f612abad88d68074b5952ce2a31aa02c2d4b26fb7198f9d324b25db3a0c6c,inventory only; see report for traced paths
apps/web/src/lib/ninja-pool-hall/rules.ts,web,483,15925,b9c1540106de1ff876ac4ffe133c0870164974ccb5f4886c514212a80c06a386,inventory only; see report for traced paths
apps/web/src/lib/ninja-pool-hall/types.ts,web,97,3393,fd5b8f66605066a476faf8e9e5c0db031dc11e00b39a76a43b42ac5ef1916fc1,inventory only; see report for traced paths
apps/web/src/lib/operatoros-registry.ts,web,22,925,63aa44855eee6fbd82b950f48f1dec698b265ab93ad2d427f7b695cf419693b5,inventory only; see report for traced paths
apps/web/src/lib/platform-api.ts,web,130,4280,577f3bedefdb97ef6849ad4f44253fc4822d867893d3ad7f612994823bd8a2e4,inventory only; see report for traced paths
apps/web/src/lib/platform-attention.ts,web,19,1878,e2544cb650d6efed0f9d519b45eaa2f12f808a6beb55fabb70c4d24e57450a4a,inventory only; see report for traced paths
apps/web/src/lib/platform-routes.ts,web,65,2557,4cb185fb7b38a0712d4f2766fbc1886bb57f11ec9c7eafe86efb8f36b18b992f,inventory only; see report for traced paths
apps/web/src/lib/portfolio-resumes.ts,web,30,1226,88235ec11449d56e84ac356142d9a27e20b0b3f5b9f3c9064394c41a8598d114,inventory only; see report for traced paths
apps/web/src/lib/publish.ts,web,133,3822,37f90956c32d1b36c250a38f7152ad488c2caf438bcc4d962329ff8805bc2fc8,inventory only; see report for traced paths
apps/web/src/lib/rbac.ts,web,14,547,4b6a2620a4e9a42304f77b58dd77a9b4e1b5907a3ae24350a8132dbac129e88b,inventory only; see report for traced paths
apps/web/src/lib/seo.ts,web,102,2718,a2dcb755163b3c8bfad0df5a09de0fe8e282709fb533e3dff247065dc985d3d8,inventory only; see report for traced paths
apps/web/src/lib/sidebar-nav.ts,web,70,2209,d01af8b1ca4dc67fec283df641b2f468391a45536e8563b5d4cbdb818decd28a,inventory only; see report for traced paths
apps/web/src/lib/snapproof-offline-queue.ts,web,81,3296,b93345c46006d59b16170ce82f96e1c64daa097a985c31e166e6a9daff769c6c,inventory only; see report for traced paths
apps/web/src/lib/torque-error-translator.ts,web,201,9086,fcd60ff706622b374fe321b26e19176633bcefb83d03b186f8aa3356f16b9f42,inventory only; see report for traced paths
apps/web/src/lib/use-entitlements.ts,web,51,1957,82061ac0cee93033efe9f424a2d0b305bf671cacf7234c2cbe57020a48c17fe6,inventory only; see report for traced paths
apps/web/src/middleware.ts,web,622,27043,031873dd72e36919c4a5f30062183a115362826bd4d672c7f63980a534d0df2f,inventory only; see report for traced paths
artifacts/marketing/operatoros-campaign-2026-08-30/scripts/build-distributions.ps1,other,80,2716,a4371845178bcb0fdd34430c1a2e7083f01f288abd62890f5232bcab34c0ddce,inventory only; see report for traced paths
artifacts/marketing/operatoros-campaign-2026-08-30/scripts/build-manifest.mjs,other,95,3638,39a0529e65b676af819e4dffd1a76dcd91c64878d6c43bf1c6e8475b806dfd6d,inventory only; see report for traced paths
artifacts/marketing/operatoros-campaign-2026-08-30/scripts/render-audio.py,other,90,3457,0baca0c791290a05c200e3045f589fb1f9ea242765cae48f2138d31ac7d48bbd,inventory only; see report for traced paths
artifacts/marketing/operatoros-campaign-2026-08-30/scripts/render-copy.mjs,other,338,13868,ede54eb1afb852a29a29d50d1f46d13b265c914964ef7516cb8941f2d2ac1260,inventory only; see report for traced paths
artifacts/marketing/operatoros-campaign-2026-08-30/scripts/render-static.mjs,other,347,24843,73f250f05a29d12d4598011fafe657f38ba449be9ddef6478dd01e4af8e262c3,inventory only; see report for traced paths
artifacts/marketing/operatoros-campaign-2026-08-30/scripts/render-videos.mjs,other,192,8050,8b6e5db5c435e71a56c54d0e5f2856991a8bafd422ea9c9c20e07b19fac6f6a5,inventory only; see report for traced paths
artifacts/phase-23/runtime/start-web-preview.ps1,other,6,298,fe53e0adf988fdb80c86c11be73b65c2becbf7c664e60d9fbe742e7609524621,inventory only; see report for traced paths
artifacts/phase-24/test-bundles/tradeflowkit-recurring-jobs.test.mjs,other,43721,2683541,0f3e6d9ab381a87370f838b1867131773c92b70a4fed37829d7536070fe54462,inventory only; see report for traced paths
artifacts/phase-25/test-bundles/faultlinelab-workflow.test.mjs,other,13528,1219209,5a8b513e01515af28a6f0a4f3822ed7728183d74484d14223638b67fd0fed2a2,inventory only; see report for traced paths
eslint.config.js,other,86,2351,ca9fe77fc6bee94e9a19b3536e9cfca3d19860f0dbb625cb5e1d9688a0bd6813,inventory only; see report for traced paths
infra/k3d/create-cluster.sh,other,35,1166,5b76a16a81940cd1502d11fb1fc653a3573fb985d0a6682ff7c5cf72610a8d19,inventory only; see report for traced paths
infra/k3d/destroy-cluster.sh,other,8,237,68337d570177464b1891ec03b268f86e72dfaaf5076e1974ebb60430072f8b3f,inventory only; see report for traced paths
output/callcommand-investigation/bin/pnpm.ps1,other,28,1021,ca2844730d0563c83b0829e61c45f7838549d914d8b9479138e14d203bd97410,inventory only; see report for traced paths
output/callcommand-investigation/bin/pnpx.ps1,other,28,1021,dee60477cc1a76a62b5750294fbdc5968a36c83746416989609d94f8c62eaa56,inventory only; see report for traced paths
output/callcommand-investigation/bin/yarn.ps1,other,28,1021,821205b3d14275491a2927ac8433f6a0678c04c0cdd42d44908860443362977e,inventory only; see report for traced paths
output/callcommand-investigation/bin/yarnpkg.ps1,other,28,1033,a130548f3d7f9c47329f108c553726b72a6912cb8527cdd5462183c3f62c6bc3,inventory only; see report for traced paths
output/callcommand-investigation/browser.mjs,other,60,3701,1f34da4d42fddfb9ef88ea1ee8c84216493843e729bc3e036e44352ebade725b,inventory only; see report for traced paths
output/callcommand-investigation/refactor.cjs,other,47,2952,15cd62dd381fc7f9cfdf02a9b760684cddd84cb92474cc63e8028d38b7d220d5,inventory only; see report for traced paths
output/callcommand-investigation/stage-dependency-repair.cjs,other,22,1618,b64e9bb53e03c3c5223d12a0be53cc08b5c5ff4fc9576ef30693faaea8b33b7f,inventory only; see report for traced paths
output/callcommand-investigation/stage-release.cjs,other,42,3416,130652429e7984714710e77be3ca44412f02065614093882126dd8d5ac431ade,inventory only; see report for traced paths
output/callcommand-investigation/verify.mjs,other,16,1407,9910af9d18c6ed82715b3e9fdac19ff7c2371dd2f03e23839d9a7c96f8291009,inventory only; see report for traced paths
packages/agent-runtime/src/index.ts,packages,91,2832,012bf0d467d6c97dbd178f889f13dc193bf328a94ccd78c079510c55b2ca34b0,inventory only; see report for traced paths
packages/auth/index.ts,packages,114,3803,9f184c3cd3dd5dadf552e63397a829d59e38df03e4ca3193748681e19868b377,inventory only; see report for traced paths
packages/entitlements/index.ts,packages,58,1961,e4b12535ca596d9bb48ed62226bf3a3f11ba1566c78910dae06e20996f7530e7,inventory only; see report for traced paths
packages/modules/navigation.ts,packages,145,4908,dc2aa0817223e754d84b8781c4a1d0fe5e0132805ac21fe8cb586e1a590d8343,inventory only; see report for traced paths
packages/modules/public-url.ts,packages,214,7467,849725927e153f598c5e2e9234c18932d07c616b83aff7e829f8467b926195eb,inventory only; see report for traced paths
packages/modules/registry.ts,packages,626,20941,d5630c86ab07fa5e6dabad582d2c00f4df414ae0eb01767350da5d417617f3ce,inventory only; see report for traced paths
packages/profiles/src/index.ts,packages,212,5779,b9265fe213ed508aed547c89c2024d8a674f5a0fc4ba6fe2500a74cb1952dbca,inventory only; see report for traced paths
packages/sdk/src/catalog.ts,packages,488,18006,b9be55831549749c7af0ca1ef3b7d1401df80e5713517ae0b2fff89c752157b4,inventory only; see report for traced paths
packages/sdk/src/ecosystem.ts,packages,271,10245,633b78ad5d1d3d847edf8b9306fae1b6e55060c86d4c80447df87e03d4cd3610,inventory only; see report for traced paths
packages/sdk/src/events.ts,packages,67,1316,6ee0e127f5fd18a16a89b99b1cd49eb171e11b019ac35377a334776a5e0c7bff,inventory only; see report for traced paths
packages/sdk/src/index.ts,packages,200,4456,050684f5c35d68ed4140237049d76cf85310770776489afec5727d863eb0d2b0,inventory only; see report for traced paths
packages/sdk/src/product-value.ts,packages,484,28106,f82b3c5f9ace1015b9a543721929b27aec43918bf34a941cfe0f3e41a318c029,inventory only; see report for traced paths
packages/sdk/src/products.ts,packages,195,7352,851be4ae343104d269236920aa97389dcbc1318f5306e8b9b7981267d01f6fdd,inventory only; see report for traced paths
packages/sdk/src/shared-platform.ts,packages,176,5526,47811ac97c6dbaddad92a9223a9dd7c32dcf6a38fd2e72adac7efd84ea83ff34,inventory only; see report for traced paths
packages/sso/browser-contract.ts,packages,21,879,51005215cc4377020fa3874bbcd8aef3b4c9968d359ec7e05a75946dafa861ee,inventory only; see report for traced paths
packages/sso/index.ts,packages,349,13453,1878ef213f308a733e5cc2c199bd3f208f9ca7ad89e2c20cc8f5dfedc6bd1e00,inventory only; see report for traced paths
packages/tenants/index.ts,packages,80,2654,8ad85bebb62d21709e5e72a05768b7e34262abf7dddb8b0cf6907864ea32ee7c,inventory only; see report for traced paths
scripts/check-ecosystem-domains.ps1,scripts,109,4117,5c947f27308638a473358f088b76311c6dd4efffcc26474214b04601d3f2968a,inventory only; see report for traced paths
scripts/check-ecosystem-domains.sh,scripts,106,4274,228bf4c6a1113089825ed6b43524192f7e5929e99c286d175c63afcd10abf145,inventory only; see report for traced paths
scripts/dev.mjs,scripts,76,1857,b60659b7c452e4d0e674c6b720129c7c07fec80c18f66ba142cf0604f9103bdf,inventory only; see report for traced paths
scripts/enforce-pnpm.mjs,scripts,127,4834,aef4b01d72e3dcc1eb2f82e97b8170594cdb8188ae3e7f672e2f8dd02d711fde,inventory only; see report for traced paths
scripts/faultlinelab/compile-source-cases.mjs,scripts,373,19378,9b5197f7e3ba2f388f80e4232f044c25cc025ed34455ad639a87496bf48879e8,inventory only; see report for traced paths
scripts/faultlinelab/compile-source-cases.test.mjs,scripts,41,1561,24b2c2b2d0c6e535ef0f707bbe60c740ef6e5f020452789b7598998d48b5e971,inventory only; see report for traced paths
scripts/faultlinelab/report-full-catalog.mjs,scripts,140,8261,673498f403c8c754ab1e1c6fb80e1291bbe7b68e1fc54b18a60d0cafcf7839d9,inventory only; see report for traced paths
scripts/generate-release-metadata.mjs,scripts,67,2577,15b7acc45a098bf1813f66808f691ae8217103692cb206d4715f324cede9194f,inventory only; see report for traced paths
scripts/hotfix/exact-host-gateway.mjs,scripts,20,665,7672b7fd6006bc46f855bbcaf0d072116bd25f33568df0f72177cdcaa93e3641,inventory only; see report for traced paths
scripts/hotfix/verify-torqueshed-payment-exact-host.mjs,scripts,119,3713,7a230ff82d4a6b8498191a5d1fc4f2fa58786c372c82301de5ca83a19c359dcd,inventory only; see report for traced paths
scripts/import-module-snapshot.ps1,scripts,228,10091,45b5108e6da3ca158546e401320c3db8209db9c36d155e7459e0dfd35592942d,inventory only; see report for traced paths
scripts/operatoros-brand-assets.test.mjs,scripts,70,3135,3d9351095c4b212dac5d39440c3c03c77528e8d69153187b938379b8d1a92e20,inventory only; see report for traced paths
scripts/parity/build-ledger.mjs,scripts,18,565,73bd02e56c7209c21036966f25ef215a51f725686e45d4e76db83fd3a17ff7a4,inventory only; see report for traced paths
scripts/parity/discover-source.mjs,scripts,12,504,1d8c4601b2ae8fe37426ba6d3bfca1de48883eb51856e6bc4bdda9ebed342bd7,inventory only; see report for traced paths
scripts/parity/discover-target.mjs,scripts,9,353,ffe5dfca782524033cccb9fb75aebbd98a2effbb965537aef9f9247321eb5754,inventory only; see report for traced paths
scripts/parity/lib/compiler.mjs,scripts,690,31053,05650e460a2e11769a5e0fd7c7ae093f596d7e695c2aa881bd44a5d82a6a475d,inventory only; see report for traced paths
scripts/parity/lib/database.mjs,scripts,350,12889,3b595865c6685f48f5e82a83d4e73ca0c4b451db45465d25c15bcfa955f34230,inventory only; see report for traced paths
scripts/parity/lib/process.mjs,scripts,176,6668,5e07d03f5163c4f7c75c0bf6e8ebc94fd6c3c2013be29e89569c6fa21c297659,inventory only; see report for traced paths
scripts/parity/lib/quality.mjs,scripts,178,10541,643cce440795c568f24359da70cc364a7a5b60e8c9e01ef42b4aee1de522c646,inventory only; see report for traced paths
scripts/parity/parity-compiler.test.mjs,scripts,75,3291,da7997a0d490f43e9e2ffab297d24be4789fb86486d660905114e6b82fd4e6a1,inventory only; see report for traced paths
scripts/parity/quality-gates.test.mjs,scripts,392,17087,353b9897e3000e71c661b33c128ecca95074f85f16b053f9191be6b6d243f694,inventory only; see report for traced paths
scripts/parity/report-parity.mjs,scripts,74,4248,068a582557e2b5d6a8b517cb91660ea99160fdccafb0591b94fd9ddc767c9260,inventory only; see report for traced paths
scripts/parity/run-api-tests.mjs,scripts,92,3144,73b680fc87b9c118ebf7428c14b492d6d8cdb94131415e54521fc0bf52fe5ae9,inventory only; see report for traced paths
scripts/parity/run-browser-tests.mjs,scripts,134,6070,83a36aab44cba68199af50639ccafcbf82b5b0cb89e11c868862b9435a3b02c4,inventory only; see report for traced paths
scripts/parity/run-integration-tests.mjs,scripts,62,2265,1efd48d8dce8915f595d9377aabab4df0721e09f919665bb83990d9d1be2b7e7,inventory only; see report for traced paths
scripts/parity/run-release-gate.mjs,scripts,66,3396,f263d3ccc64e1e46c8b1db6202819f8a435e410d15f16607e50b005d2b14fb94,inventory only; see report for traced paths
scripts/parity/run-unit-tests.mjs,scripts,30,1281,e321f240e04c847720602b9e381f12fe2b7b3372cdaadf35d070096d6573ad3c,inventory only; see report for traced paths
scripts/parity/update-visual-baselines.mjs,scripts,56,2377,3a37daebfc1f6d0d3522dc0338c0dfb743b1a64ad273126b090bb2ee779388a1,inventory only; see report for traced paths
scripts/parity/verify-controls.mjs,scripts,26,911,546832a787bfe5fe829c7860a242ad94c79010d84d012d9d5a62562ea3c621c1,inventory only; see report for traced paths
scripts/parity/verify-parity.mjs,scripts,37,1261,127267cf9f276dd8466585b8e5cec46fd492331d9553f236766222b28559c209,inventory only; see report for traced paths
scripts/parity/verify-visual-contracts.mjs,scripts,25,765,e76df6a68a5c5a3a679217f6d75a82a3be3480bc239840f259aa6d339dc9c29e,inventory only; see report for traced paths
scripts/phase14-load-baseline.mjs,scripts,205,6880,5e8c096eda3cd6d39a1fba3b99e558d76be7e004170d1304fa3129bb61603ef1,inventory only; see report for traced paths
scripts/phase20-product-truth.mjs,scripts,1983,110780,86a4fba62bc9980926ed8e338da93c32a98a99c284fc4de5bdbb12ac3cf077d9,inventory only; see report for traced paths
scripts/phase20-product-truth.test.mjs,scripts,170,9509,e43f0e18c9aea8c79982ecaadce28ebfa1255530f8560668c221b8f54f78a526,inventory only; see report for traced paths
scripts/phase22-shared-equivalent-contract.mjs,scripts,129,6587,40eedc3a256b21a88c61d59af201c5f2e76549e0e79de5267854d582226ce634,inventory only; see report for traced paths
scripts/phase22-shared-equivalent-contract.test.mjs,scripts,31,1702,fdf8fb092ee9ef869c342fcc102b56a07d971a46a07ec8add37f4352873fe437,inventory only; see report for traced paths
scripts/phase23/normalize-tradeflowkit-colors.mjs,scripts,76,4223,34dbc42ca0f2f1467ea64036892658e580518ec173e2bda1e06060ef910b789c,inventory only; see report for traced paths
scripts/phase23/prepare-source-assets.mjs,scripts,25,1439,e6fed0e7f9328625b1fb37aa2d0edd268e85b6162f959de0dabfbb1fffb405b0,inventory only; see report for traced paths
scripts/phase23/tradeflowkit-visual-contract.mjs,scripts,52,2652,349da69336d658d68c1c473521d74d346e38f01cba6c22e2ded4cd82ae88e300,inventory only; see report for traced paths
scripts/phase23/tradeflowkit-visual-contract.test.mjs,scripts,32,2437,2989beee976ebecea1d88b64c4d640968cf7df6d7256097ce549082623770e89,inventory only; see report for traced paths
scripts/phase23/verify-tradeflowkit-visual-contract.mjs,scripts,22,1250,6ee6bfbea38047fa22db7bc3fca630345e97506e063f547b4a9c040ae1ad2c53,inventory only; see report for traced paths
scripts/phase26-techdeck-report.mjs,scripts,116,12397,4d89c10163cfb64a74f10a82a67cd4f35be0fb840c440c228485ab5213068766,inventory only; see report for traced paths
scripts/phase27-pulsedesk-report.mjs,scripts,42,8339,fa82a908ea2b7759cd8f4a09d75860a2dca8d20efd9fc636abbe8889ed145096,inventory only; see report for traced paths
scripts/phase28-torqueshed-report.mjs,scripts,33,8578,d9b5d849ea764de5ba758c7ace1a4106b5960e19827ca02ed22d93e8223b8951,inventory only; see report for traced paths
scripts/phase29-torqueshed-native-report.mjs,scripts,98,8250,8fc423e70608c17ff44eb1bb30d697fa75ea68de8f4c85361165021022f8fc99,inventory only; see report for traced paths
scripts/phase30-ninja-pool-hall-report.mjs,scripts,89,8389,cf338b11ae6bb5644570d526e04391ec53d5b23e996a9a14059d85959eda7860,inventory only; see report for traced paths
scripts/phase31-brandforgeos-report.mjs,scripts,125,9790,bad40f81f9a73f8be23224e7bbf6e5dc77882266b62fc1b87ca7571d7a3ea8d8,inventory only; see report for traced paths
scripts/phase32-snapproofos-report.mjs,scripts,64,9415,9306bf7117ccfe8b965de114c8ad886323a4cfcf0a5867a6fb9d55081fccec6f,inventory only; see report for traced paths
scripts/phase33-studyforge-browser.mjs,scripts,84,3171,f019dfa7611e2ab95d14d355a5f5fd8152b6c2206ce3fef424c0aedf3de1a1f0,inventory only; see report for traced paths
scripts/phase33-studyforge-report.mjs,scripts,90,10856,4f5c5f102865332ea58a355a32fbf36f2c9e71406aa9abe8285f2f7522e7fbf3,inventory only; see report for traced paths
scripts/phase34-ninja-launch-kit-browser.mjs,scripts,42,3051,0f372f97093570cd4a56c209a14589b770aa719ca4fe6cb14aef2df33349460c,inventory only; see report for traced paths
scripts/phase34-ninja-launch-kit-report.mjs,scripts,112,13690,1f032f17c9ac197d43c98ae5bc4e552b1fe5cdd2e51dd7de94ff9d4ebdece21c,inventory only; see report for traced paths
scripts/phase34/compile-ninja-launch-kit-source.mjs,scripts,114,5147,ced1a99ba18b48bb097c4964bc3411da4f56051e128b49c7340c43d7b379148a,inventory only; see report for traced paths
scripts/phase34/ninja-launch-kit-contract.test.mjs,scripts,22,1250,8850f8c499451934951fb724cb070538d049213aab80a11269eef0f9b8e716d5,inventory only; see report for traced paths
scripts/phase35-callcommand-browser.mjs,scripts,45,3295,446600bc1e4f342c9975936a8c8c8458fbb020368c44fe66c52846fda253d6ff,inventory only; see report for traced paths
scripts/phase35-callcommand-report.mjs,scripts,114,14757,c312865f1f3f203beab34a24281135646e7263ffb558adf52f3111fe22b97ada,inventory only; see report for traced paths
scripts/phase35/callcommand-contract.test.mjs,scripts,26,1822,9280f17e84bf1baeb85c20d0fd9d2270709b8dd96a426ae9a800b2a83b11076c,inventory only; see report for traced paths
scripts/phase36-ninjamation-browser.mjs,scripts,42,3069,3fe3ae96ca8fbd21e2b398b8434787b6c41e39ab80cde3a3a1f5497200d733a4,inventory only; see report for traced paths
scripts/phase36-ninjamation-report.mjs,scripts,91,10812,b39c2f940c1ec4910c054de060ebdcea9ec95d070077fe0b1cf00cd7a352ed90,inventory only; see report for traced paths
scripts/phase36/ninjamation-contract.test.mjs,scripts,33,2191,0d42856e11e11cbcb66e9b15d87bd79ca820ba48aee28fcd23b638560a1a4d42,inventory only; see report for traced paths
scripts/phase37-outcall-source-gate.mjs,scripts,174,7967,19cf61c0bb5b76e778646d942d7e468f8a41067200cf324a8ca9759aaadb8cfa,inventory only; see report for traced paths
scripts/phase37/outcall-source-gate.test.mjs,scripts,45,2463,0351a1b87118682022a1c5fc59cd26cb82c3707b228a6eb2f510bb79086e4c0b,inventory only; see report for traced paths
scripts/phase38-data-fabric-browser.mjs,scripts,51,3586,4f6c8d6776242d2ae2294ae2e0fd954505a5aa209de7644e5084086df73fb545,inventory only; see report for traced paths
scripts/phase38-data-fabric-report.mjs,scripts,110,12734,8d352781846c22c8d5e1976964a48b8e4835d003515ca14a981f2efac515be5d,inventory only; see report for traced paths
scripts/phase38/data-fabric-contract.test.mjs,scripts,31,1939,6dab6c5afafaca05e4d22dae03afa71f52e739753d15fb1cb24ab060ed65f404,inventory only; see report for traced paths
scripts/phase39/deployment-scope.test.mjs,scripts,204,8668,c38e4177971150a1d3bef8034306b856bb086754fd8a40ae421866aa027f757c,inventory only; see report for traced paths
scripts/phase39/generate-sbom.mjs,scripts,67,2969,0d6f68f1330de848bf82faa4477ef7fa775fee7315eb598d6f62edacdce0cddd,inventory only; see report for traced paths
scripts/phase39/image-size-regression.test.mjs,scripts,39,1737,cce539e2ebab7d9c1455cce804bfc96756a07f47964428db74c3760150b20433,inventory only; see report for traced paths
scripts/phase39/performance-budget.test.mjs,scripts,27,1761,94151b21275bcdcd9504a85ffc1bc716caeeb58da93f45078a5d7951827bce6c,inventory only; see report for traced paths
scripts/phase39/recovery-rehearsal.mjs,scripts,190,9818,951b60df0ddb54259a470a97b98354e6cd3852cacd418ac41ad818787560d554,inventory only; see report for traced paths
scripts/phase39/sbom.test.mjs,scripts,24,818,6f07a75e6a4bfb605c8f15b316ce852d6e1f337e0a5aea9072cd29118de6b8b3,inventory only; see report for traced paths
scripts/phase39/security-scan.mjs,scripts,152,7541,7066d62161eb453d855e13252d5da04878f3412494e2b7eb9f99767484ff89ad,inventory only; see report for traced paths
scripts/phase39/security-scan.test.mjs,scripts,26,1506,6c750bd27e8abf84559c1789988b11b3bf4aa0ab69d2432302d0f77b3b92ed81,inventory only; see report for traced paths
scripts/phase41/audit-torqueshed-revenue.mjs,scripts,87,3428,2f6326b6a1300b38b0f788e450673eabe089417ba012455547ebefd86b8dff57,inventory only; see report for traced paths
scripts/phase41/audit-torqueshed-revenue.test.mjs,scripts,27,1109,2c1b9b0e5713162ec7252565f0571b6b95342cf7fd79e87a2c8da10cb94a4a59,inventory only; see report for traced paths
scripts/phase47-platform-command-browser.mjs,scripts,54,3494,b4b93a8a98f451f34d57ba15b6be9c541105c62187cb7dd29960466b536d4f85,inventory only; see report for traced paths
scripts/phase48-module-shell-browser.mjs,scripts,37,3497,08fc8cfb2260a031f4600ca46a4f6f908cc2f5fbc3690050e82ba9203f47dc0f,inventory only; see report for traced paths
scripts/phase49-torqueshed-route-browser.mjs,scripts,36,3403,2fcab8e4babc33eca47d2b2e48fb6d7cf866a35dceccb9d9df6d031cb9e35dfa,inventory only; see report for traced paths
scripts/phase50-business-operations-browser.mjs,scripts,44,3812,ffa69f46ad453268ee564de4cb8acc829b20753b2df7ce418c72c0ba40bd5e66,inventory only; see report for traced paths
scripts/phase51-creative-routes-browser.mjs,scripts,2,3102,d9cb097ddca71b3882d4a0809c2f58dabcf00fab8cdb637644cd11128d462316,inventory only; see report for traced paths
scripts/phase52-certification-browser.mjs,scripts,86,5037,63c42c4c3716a1c5b99a0c8e5efe5794c6ad2ddae677d6bdff0077a6b7e7b529,inventory only; see report for traced paths
scripts/post-merge.sh,scripts,26,1186,d0afee324211d2b87df3e06d01f37ffec04e652adb8051cd4355f2b58835ffde,inventory only; see report for traced paths
scripts/production-env-preflight.mjs,scripts,404,17585,5d3c5f16d68cae494fd44aea19add7f64f7b0b22782f91609c944a568251c0df,inventory only; see report for traced paths
scripts/public-launch-capability-matrix.mjs,scripts,373,21617,ffbcd9cd398678bf024430d1497e501f3d5133a37c8e1100eb57f647f1307bd9,inventory only; see report for traced paths
scripts/pulsedesk-source-ledger.mjs,scripts,740,30677,237479337c650123d57d29089b2f8330398373c70fd2ac0d59ea6845667296a1,inventory only; see report for traced paths
scripts/start-unified-runtime.mjs,scripts,351,16374,ae491d478e310282393c8afc143398e7c1095aa007c344184800bdf0704e236e,inventory only; see report for traced paths
scripts/techdeck-source-ledger.mjs,scripts,815,35438,dbf20cb451f8429c401e9a37fabce14eb108e368b796ee03edb179a3ad9851ef,inventory only; see report for traced paths
scripts/tradeflowkit-phase16-ledger.mjs,scripts,971,41418,5ff0ada79017f99423043cc4ecca36064e7bb5dbb0116b7387e2c0787f7b5fca,inventory only; see report for traced paths
scripts/verify-deployment-scope.mjs,scripts,182,8358,bf024384b1c7ba54899f484b3551d1ae0c3704885b64024e1ab61eeff7450206,inventory only; see report for traced paths
scripts/verify-production-runtime.mjs,scripts,353,15648,e2396f4bb02fdc4051d0994e2d22c61b4b82a4620c93059ffeccae9bebcfca8f,inventory only; see report for traced paths
